[    3284ms] [WARNING] [GPT] PubAdsService.getTargeting is deprecated, use googletag.getConfig('targeting') instead.
https://goo.gle/gpt-message#200 @ https://securepubads.g.doubleclick.net/pagead/managed/js/gpt/m202609180101/pubads_impl.js?cb=122881166:22
[    5442ms] [ERROR] Failed to load resource: net::ERR_NAME_NOT_RESOLVED @ https://btlr.sharethrough.com/universal/v1?supply_id=WYu2BXv1:0
[    5444ms] [ERROR] Failed to load resource: net::ERR_NAME_NOT_RESOLVED @ https://btlr.sharethrough.com/universal/v1?supply_id=WYu2BXv1:0
[    5775ms] [WARNING] [GPT] Slot.setTargeting is deprecated, use Slot.setConfig({targeting: ...}) instead.
https://goo.gle/gpt-message#171 @ https://securepubads.g.doubleclick.net/pagead/managed/js/gpt/m202609180101/pubads_impl.js?cb=122881166:22
[    6395ms] [WARNING] An iframe which has both allow-scripts and allow-same-origin for its sandbox attribute can escape its sandboxing. @ https://cadmus.script.ac/d1oykxszdrgjgl/script.js:0
[    6442ms] [WARNING] An iframe which has both allow-scripts and allow-same-origin for its sandbox attribute can escape its sandboxing. @ https://cadmus.script.ac/d1oykxszdrgjgl/script.js:0
[    6625ms] [WARNING] An iframe which has both allow-scripts and allow-same-origin for its sandbox attribute can escape its sandboxing. @ https://cadmus.script.ac/d1oykxszdrgjgl/script.js:0
[   11412ms] [DIR] SyntaxError @ https://js.ad-score.com/score.min.js?pid=1000942&tt=g:1
[   13120ms] [TIMEEND] a: 0.02001953125 ms @ https://static.adsafeprotected.com/sca.17.6.4.js:31
[   13765ms] [WARNING] The powerPreference option is currently ignored when calling requestAdapter() on Windows. See https://crbug.com/369219127 @ https://js.ad-score.com/score.min.js?pid=1000942&tt=g:1
[   17248ms] [INFO] no errors, v: 3.06.17-R-CRID @ https://cdn.4dvertible.com/native/render.emg.js:0
[   37086ms] [ERROR] Failed to load resource: net::ERR_NAME_NOT_RESOLVED @ https://btlr.sharethrough.com/universal/v1?supply_id=WYu2BXv1:0
[   37089ms] [ERROR] Failed to load resource: net::ERR_NAME_NOT_RESOLVED @ https://btlr.sharethrough.com/universal/v1?supply_id=WYu2BXv1:0
[   38897ms] [WARNING] An iframe which has both allow-scripts and allow-same-origin for its sandbox attribute can escape its sandboxing. @ https://cadmus.script.ac/d1oykxszdrgjgl/script.js:0
[   39253ms] [WARNING] An iframe which has both allow-scripts and allow-same-origin for its sandbox attribute can escape its sandboxing. @ https://cadmus.script.ac/d1oykxszdrgjgl/script.js:0
[   49712ms] [INFO] no errors, v: 3.06.17-R-CRID @ https://cdn.4dvertible.com/native/render.emg.js:0
[   69068ms] [ERROR] Failed to load resource: net::ERR_NAME_NOT_RESOLVED @ https://btlr.sharethrough.com/universal/v1?supply_id=WYu2BXv1:0
[   69075ms] [ERROR] Failed to load resource: net::ERR_NAME_NOT_RESOLVED @ https://btlr.sharethrough.com/universal/v1?supply_id=WYu2BXv1:0
[   70850ms] [WARNING] An iframe which has both allow-scripts and allow-same-origin for its sandbox attribute can escape its sandboxing. @ https://cadmus.script.ac/d1oykxszdrgjgl/script.js:0
[   71147ms] [WARNING] An iframe which has both allow-scripts and allow-same-origin for its sandbox attribute can escape its sandboxing. @ https://cadmus.script.ac/d1oykxszdrgjgl/script.js:0
[   74955ms] [DIR] SyntaxError @ https://js.ad-score.com/score.min.js?pid=1000942&tt=g:1
[   76659ms] [DIR] SyntaxError @ https://js.ad-score.com/score.min.js?pid=1000942&tt=g:1
[   77018ms] [TIMEEND] a: 0.02294921875 ms @ https://static.adsafeprotected.com/sca.17.6.4.js:31
[   77521ms] [TIMEEND] a: 0.007080078125 ms @ https://static.adsafeprotected.com/sca.17.6.4.js:31
[   78519ms] [TIMEEND] a: 0.007080078125 ms @ https://static.adsafeprotected.com/sca.17.6.4.js:31
[   79676ms] [WARNING] The powerPreference option is currently ignored when calling requestAdapter() on Windows. See https://crbug.com/369219127 @ https://js.ad-score.com/score.min.js?pid=1000942&tt=g:1
[   80406ms] [WARNING] The powerPreference option is currently ignored when calling requestAdapter() on Windows. See https://crbug.com/369219127 @ https://js.ad-score.com/score.min.js?pid=1000942&tt=g:1
[  101056ms] [ERROR] Failed to load resource: net::ERR_NAME_NOT_RESOLVED @ https://btlr.sharethrough.com/universal/v1?supply_id=WYu2BXv1:0
[  101059ms] [ERROR] Failed to load resource: net::ERR_NAME_NOT_RESOLVED @ https://btlr.sharethrough.com/universal/v1?supply_id=WYu2BXv1:0
[  102564ms] [WARNING] An iframe which has both allow-scripts and allow-same-origin for its sandbox attribute can escape its sandboxing. @ https://cadmus.script.ac/d1oykxszdrgjgl/script.js:0
[  103037ms] [WARNING] An iframe which has both allow-scripts and allow-same-origin for its sandbox attribute can escape its sandboxing. @ https://cadmus.script.ac/d1oykxszdrgjgl/script.js:0
[  104736ms] [DIR] SyntaxError @ https://js.ad-score.com/score.min.js?pid=1000942&tt=g:1
[  105668ms] [TIMEEND] a: 0.007080078125 ms @ https://static.adsafeprotected.com/sca.17.6.4.js:31
[  106570ms] [DIR] SyntaxError @ https://js.ad-score.com/score.min.js?pid=1000942&tt=g:1
[  106863ms] [ERROR] Failed to load resource: the server responded with a status of 404 () @ https://x.bidswitch.net/sync?dsp_id=23&expires=14&user_id=f54d4366-c09a-4fba-b01d-9a16934bb288&user_group=1&ssp=eplanning&bsw_param=4f3ceae6-3864-4d42-9d43-5fe523f9a958&gdpr=&gdpr_consent=:0
[  106889ms] [TIMEEND] a: 0.006103515625 ms @ https://static.adsafeprotected.com/sca.17.6.4.js:31
[  107212ms] [WARNING] The powerPreference option is currently ignored when calling requestAdapter() on Windows. See https://crbug.com/369219127 @ https://js.ad-score.com/score.min.js?pid=1000942&tt=g:1
[  111070ms] Failed to read a named property 'document' from 'Window': Blocked a frame with origin "https://onetag-sys.com" from accessing a frame with origin "https://serv-apac-1.onetag-sys.com". Protocols, domains, and ports must match.
[  111789ms] [DIR] SyntaxError @ https://js.ad-score.com/score.min.js?pid=1000942&tt=g:1
[  112780ms] [TIMEEND] a: 0.01611328125 ms @ https://static.adsafeprotected.com/sca.17.6.4.js:31
[  113227ms] [WARNING] The powerPreference option is currently ignored when calling requestAdapter() on Windows. See https://crbug.com/369219127 @ https://js.ad-score.com/score.min.js?pid=1000942&tt=g:1
[  116883ms] [WARNING] The powerPreference option is currently ignored when calling requestAdapter() on Windows. See https://crbug.com/369219127 @ https://js.ad-score.com/score.min.js?pid=1000942&tt=g:1
[  133297ms] [ERROR] Failed to load resource: net::ERR_NAME_NOT_RESOLVED @ https://btlr.sharethrough.com/universal/v1?supply_id=WYu2BXv1:0
[  133301ms] [ERROR] Failed to load resource: net::ERR_NAME_NOT_RESOLVED @ https://btlr.sharethrough.com/universal/v1?supply_id=WYu2BXv1:0
[  134717ms] [WARNING] An iframe which has both allow-scripts and allow-same-origin for its sandbox attribute can escape its sandboxing. @ https://cadmus.script.ac/d1oykxszdrgjgl/script.js:0
[  135557ms] [WARNING] An iframe which has both allow-scripts and allow-same-origin for its sandbox attribute can escape its sandboxing. @ https://cadmus.script.ac/d1oykxszdrgjgl/script.js:0
[  137775ms] [ERROR] Refused to execute script from 'https://ipds.adrta.com/i?__x=GLJFHNMFGGICJKHBHAIEFJNFPPNKLNKJJNJNM@FOPEIOKJJEMJNBOGKNFLONPHIGKMPIIGMAGLNHILLLKFJHQBFLQLJMEHOHJKNKNINP@HOOFGLMKJGMIO@ECG@G&clid=opx&paid=sc&avid=537073277&caid=537096182&publisherId=537144009&plid=540313401&siteId=564240250&kv1=300x600&kv2=https%3A%2F%2Fnamu.wiki%2Fw%2F%25EB%258B%25A4%25EC%258B%259C%2520%25EA%25B9%25A8%25EC%2596%25B4%25EB%2582%259C%2520%25ED%2599%25A9%25EA%25B8%2588%2520%25EC%259A%25B0%25EC%2583%2581%2F%25EC%258A%25A4%25ED%2585%258C%25EC%259D%25B4%25EC%25A7%2...!venatus.com,6982f479ce0299b4acd37cc1,1,,,!openx.com,537144009,1,70c346fd-3cf6-4f63-baa4-c149d2c3cc7d,,&kv10=&kv25=&kv26=Windows&kv28=Microsoft&kv62=&kv63=&kv9=&kv13=&kv3=61ba4b5a-3d62-4b51-a19b-7381b795afba&kv27=Mozilla%2F5.0+%28Windows+NT+10.0%3B+Win64%3B+x64%29+AppleWebKit%2F537.36+%28KHTML%2C+like+Gecko%29+Chrome%2F153.0.0.0+Safari%2F537.36&kv7=e28d7acf-93a0-46c9-a8ec-e3ef1912fa28&kv14=&kv16=37.389&kv17=127.119&kv12=564240254&kv18=&kv19=&kv23=450-02%2C450-04%2C450-08&kv24=Desktop_Display&cb=504285#opx' because its MIME type ('image/gif') is not executable. @ https://sf.vntsm.com/secure.html:0
[  137900ms] [DIR] SyntaxError @ https://js.ad-score.com/score.min.js?pid=1000942&tt=g:1
[  138663ms] [TIMEEND] a: 0.0068359375 ms @ https://static.adsafeprotected.com/sca.17.6.4.js:31
[  139302ms] [WARNING] The powerPreference option is currently ignored when calling requestAdapter() on Windows. See https://crbug.com/369219127 @ https://js.ad-score.com/score.min.js?pid=1000942&tt=g:1
[  145208ms] [INFO] no errors, v: 3.06.17-R-CRID @ https://cdn.4dvertible.com/native/render.emg.js:0
[  165135ms] [ERROR] Failed to load resource: net::ERR_NAME_NOT_RESOLVED @ https://btlr.sharethrough.com/universal/v1?supply_id=WYu2BXv1:0
[  165137ms] [ERROR] Failed to load resource: net::ERR_NAME_NOT_RESOLVED @ https://btlr.sharethrough.com/universal/v1?supply_id=WYu2BXv1:0
[  166794ms] [WARNING] An iframe which has both allow-scripts and allow-same-origin for its sandbox attribute can escape its sandboxing. @ https://cadmus.script.ac/d1oykxszdrgjgl/script.js:0
[  167060ms] [WARNING] An iframe which has both allow-scripts and allow-same-origin for its sandbox attribute can escape its sandboxing. @ https://cadmus.script.ac/d1oykxszdrgjgl/script.js:0
[  169185ms] [DIR] SyntaxError @ https://js.ad-score.com/score.min.js?pid=1000942&tt=g:1
[  170000ms] [TIMEEND] a: 0.005859375 ms @ https://static.adsafeprotected.com/sca.17.6.4.js:31
[  170644ms] [WARNING] The powerPreference option is currently ignored when calling requestAdapter() on Windows. See https://crbug.com/369219127 @ https://js.ad-score.com/score.min.js?pid=1000942&tt=g:1
[  177526ms] [INFO] no errors, v: 3.06.17-R-CRID @ https://cdn.4dvertible.com/native/render.emg.js:0
[  186061ms] [ERROR] Failed to load resource: the server responded with a status of 504 () @ https://e01.atmtd.com/bidanalytics-event/json?mode=beacon:0
[  196863ms] [ERROR] Failed to load resource: net::ERR_NAME_NOT_RESOLVED @ https://btlr.sharethrough.com/universal/v1?supply_id=WYu2BXv1:0
[  196865ms] [ERROR] Failed to load resource: net::ERR_NAME_NOT_RESOLVED @ https://btlr.sharethrough.com/universal/v1?supply_id=WYu2BXv1:0
[  198355ms] [WARNING] An iframe which has both allow-scripts and allow-same-origin for its sandbox attribute can escape its sandboxing. @ https://cadmus.script.ac/d1oykxszdrgjgl/script.js:0
[  198661ms] [WARNING] An iframe which has both allow-scripts and allow-same-origin for its sandbox attribute can escape its sandboxing. @ https://cadmus.script.ac/d1oykxszdrgjgl/script.js:0
[  199240ms] [DIR] SyntaxError @ https://js.ad-score.com/score.min.js?pid=1000942&tt=g:1
[  200027ms] Uncaught TypeError: Cannot read properties of null (reading 'appendChild')
    at l (:13:14)
    at eval (:15:4)
[  200580ms] [ERROR] Refused to execute script from 'https://ipds.adrta.com/i?__x=GLJFHNMFGGICJKHBHAMKGNHNIIIILEONEHIIM@FOPEIOKKFGOIGBLNLHHPIFNLMFMNNNEGIAGLNHILLMGHLGJBKIPHFGHHMMKPNNEGIJKBIMOEGOLJHJMHG@HBEBH&clid=opx&paid=sc&avid=537073277&caid=537096182&publisherId=537144009&plid=540313388&siteId=564240250&kv1=728x90&kv2=https%3A%2F%2Fnamu.wiki%2Fw%2F%25EB%258B%25A4%25EC%258B%259C%2520%25EA%25B9%25A8%25EC%2596%25B4%25EB%2582%259C%2520%25ED%2599%25A9%25EA%25B8%2588%2520%25EC%259A%25B0%25EC%2583%2581%2F%25EC%258A%25A4%25ED%2585%258C%25EC%259D%25B4%25EC%25A7%2...!venatus.com,6982f479ce0299b4acd37cc1,1,,,!openx.com,537144009,1,e4bed477-25ae-4b6d-b8df-49402fef33a6,,&kv10=&kv25=&kv26=Windows&kv28=Microsoft&kv62=&kv63=&kv9=&kv13=&kv3=61ba4b5a-3d62-4b51-a19b-7381b795afba&kv27=Mozilla%2F5.0+%28Windows+NT+10.0%3B+Win64%3B+x64%29+AppleWebKit%2F537.36+%28KHTML%2C+like+Gecko%29+Chrome%2F153.0.0.0+Safari%2F537.36&kv7=e28d7acf-93a0-46c9-a8ec-e3ef1912fa28&kv14=&kv16=37.389&kv17=127.119&kv12=564240254&kv18=&kv19=&kv23=450-02%2C450-04%2C450-08&kv24=Desktop_Display&cb=136575#opx' because its MIME type ('image/gif') is not executable. @ https://sf.vntsm.com/secure.html:0
[  201219ms] [TIMEEND] a: 0.008056640625 ms @ https://static.adsafeprotected.com/sca.17.6.4.js:31
[  201293ms] [TIMEEND] a: 0.007080078125 ms @ https://static.adsafeprotected.com/sca.17.6.4.js:31
[  202700ms] [DIR] SyntaxError @ https://js.ad-score.com/score.min.js?pid=1000942&tt=g:1
[  209507ms] [WARNING] The powerPreference option is currently ignored when calling requestAdapter() on Windows. See https://crbug.com/369219127 @ https://js.ad-score.com/score.min.js?pid=1000942&tt=g:1
[  213077ms] [WARNING] The powerPreference option is currently ignored when calling requestAdapter() on Windows. See https://crbug.com/369219127 @ https://js.ad-score.com/score.min.js?pid=1000942&tt=g:1
[  229038ms] [ERROR] Failed to load resource: net::ERR_NAME_NOT_RESOLVED @ https://btlr.sharethrough.com/universal/v1?supply_id=WYu2BXv1:0
[  229040ms] [ERROR] Failed to load resource: net::ERR_NAME_NOT_RESOLVED @ https://btlr.sharethrough.com/universal/v1?supply_id=WYu2BXv1:0
[  230688ms] [WARNING] An iframe which has both allow-scripts and allow-same-origin for its sandbox attribute can escape its sandboxing. @ https://cadmus.script.ac/d1oykxszdrgjgl/script.js:0
[  231093ms] [WARNING] An iframe which has both allow-scripts and allow-same-origin for its sandbox attribute can escape its sandboxing. @ https://cadmus.script.ac/d1oykxszdrgjgl/script.js:0
[  231533ms] [ERROR] Access to XMLHttpRequest at 'https://pagead2.googlesyndication.com/pagead/s/cookie_push_onload.html#aHR0cHM6Ly9qYWRzZXJ2ZS5wb3N0cmVsZWFzZS5jb20vc3VpZC8xMDIwMDM_dms9Q0FFU0VHNDlYaFJha05vbDR4Q1g1OEhyVGRNJmdvb2dsZV9wdXNoPUFiZW9YWXphSHA5VmM4V1UzbTV3Qk1PdFdydmxveGRISzQybHRjbVNHcnNMVnUwdm1iR0dBMHpvclNvNUZEekhNUHREWHQwYjVxOHhOY2RmSXBrSmUtSHBtZTlGQU1YWHFqcmREcVdoTXJrS1Y4d0NmelRDQS1hMmNmVjVjbmhCMnZFYS1ucFBESHpLbTJwWVNYVFJQYmJNSTFNdiZnb29nbGVfY3Zlcj0xJm50dl9yPWh0dHBzOi8vY20uZy5kb3VibGVjbGljay5uZXQvcGl4ZWw_Z29vZ2xlX25pZD1uYXRpdm8mZ29vZ2xlX3B1c2g9UFVTSF9EQVRBJmdvb2dsZV9obT1OVFZfVVNFUl9JRA==,aHR0cHM6Ly9jbS5nLmRvdWJsZWNsaWNrLm5ldC9waXhlbC9hdHRyP2Q9QUhORjEzSUwwV29KNVJPUzZ0SXlwSjBhQnZIZ1NqdVJsaGJlRWc=' from origin 'https://namu.wiki' has been blocked by CORS policy: No 'Access-Control-Allow-Origin' header is present on the requested resource. @ https://namu.wiki/w/%EB%8B%A4%EC%8B%9C%20%EA%B9%A8%EC%96%B4%EB%82%9C%20%ED%99%A9%EA%B8%88%20%EC%9A%B0%EC%83%81/%EC%8A%A4%ED%85%8C%EC%9D%B4%EC%A7%80:0
[  231537ms] [ERROR] Failed to load resource: net::ERR_FAILED @ https://pagead2.googlesyndication.com/pagead/s/cookie_push_onload.html#aHR0cHM6Ly9qYWRzZXJ2ZS5wb3N0cmVsZWFzZS5jb20vc3VpZC8xMDIwMDM_dms9Q0FFU0VHNDlYaFJha05vbDR4Q1g1OEhyVGRNJmdvb2dsZV9wdXNoPUFiZW9YWXphSHA5VmM4V1UzbTV3Qk1PdFdydmxveGRISzQybHRjbVNHcnNMVnUwdm1iR0dBMHpvclNvNUZEekhNUHREWHQwYjVxOHhOY2RmSXBrSmUtSHBtZTlGQU1YWHFqcmREcVdoTXJrS1Y4d0NmelRDQS1hMmNmVjVjbmhCMnZFYS1ucFBESHpLbTJwWVNYVFJQYmJNSTFNdiZnb29nbGVfY3Zlcj0xJm50dl9yPWh0dHBzOi8vY20uZy5kb3VibGVjbGljay5uZXQvcGl4ZWw_Z29vZ2xlX25pZD1uYXRpdm8mZ29vZ2xlX3B1c2g9UFVTSF9EQVRBJmdvb2dsZV9obT1OVFZfVVNFUl9JRA==,aHR0cHM6Ly9jbS5nLmRvdWJsZWNsaWNrLm5ldC9waXhlbC9hdHRyP2Q9QUhORjEzSUwwV29KNVJPUzZ0SXlwSjBhQnZIZ1NqdVJsaGJlRWc=:0
[  232706ms] [DIR] SyntaxError @ https://js.ad-score.com/score.min.js?pid=1000942&tt=g:1
[  233494ms] [TIMEEND] a: 0.005859375 ms @ https://static.adsafeprotected.com/sca.17.6.4.js:31
[  234694ms] [WARNING] The powerPreference option is currently ignored when calling requestAdapter() on Windows. See https://crbug.com/369219127 @ https://js.ad-score.com/score.min.js?pid=1000942&tt=g:1
[  260836ms] [ERROR] Failed to load resource: net::ERR_NAME_NOT_RESOLVED @ https://btlr.sharethrough.com/universal/v1?supply_id=WYu2BXv1:0
[  260838ms] [ERROR] Failed to load resource: net::ERR_NAME_NOT_RESOLVED @ https://btlr.sharethrough.com/universal/v1?supply_id=WYu2BXv1:0
[  262290ms] [WARNING] An iframe which has both allow-scripts and allow-same-origin for its sandbox attribute can escape its sandboxing. @ https://cadmus.script.ac/d1oykxszdrgjgl/script.js:0
[  262789ms] [WARNING] An iframe which has both allow-scripts and allow-same-origin for its sandbox attribute can escape its sandboxing. @ https://cadmus.script.ac/d1oykxszdrgjgl/script.js:0
[  263785ms] [DIR] SyntaxError @ https://js.ad-score.com/score.min.js?pid=1000942&tt=g:1
[  264400ms] [TIMEEND] a: 0.005126953125 ms @ https://static.adsafeprotected.com/sca.17.6.4.js:31
[  274102ms] [WARNING] The powerPreference option is currently ignored when calling requestAdapter() on Windows. See https://crbug.com/369219127 @ https://js.ad-score.com/score.min.js?pid=1000942&tt=g:1
[  293071ms] [ERROR] Failed to load resource: net::ERR_NAME_NOT_RESOLVED @ https://btlr.sharethrough.com/universal/v1?supply_id=WYu2BXv1:0
[  293074ms] [ERROR] Failed to load resource: net::ERR_NAME_NOT_RESOLVED @ https://btlr.sharethrough.com/universal/v1?supply_id=WYu2BXv1:0
[  295294ms] [WARNING] An iframe which has both allow-scripts and allow-same-origin for its sandbox attribute can escape its sandboxing. @ https://cadmus.script.ac/d1oykxszdrgjgl/script.js:0
[  295665ms] [WARNING] An iframe which has both allow-scripts and allow-same-origin for its sandbox attribute can escape its sandboxing. @ https://cadmus.script.ac/d1oykxszdrgjgl/script.js:0
[  298827ms] [DIR] SyntaxError @ https://js.ad-score.com/score.min.js?pid=1000942&tt=g:1
[  300016ms] [TIMEEND] a: 0.007080078125 ms @ https://static.adsafeprotected.com/sca.17.6.4.js:31
[  300803ms] [TIMEEND] a: 0.0068359375 ms @ https://static.adsafeprotected.com/sca.17.6.4.js:31
[  301341ms] [WARNING] The powerPreference option is currently ignored when calling requestAdapter() on Windows. See https://crbug.com/369219127 @ https://js.ad-score.com/score.min.js?pid=1000942&tt=g:1
[  326905ms] [ERROR] Failed to load resource: net::ERR_NAME_NOT_RESOLVED @ https://btlr.sharethrough.com/universal/v1?supply_id=WYu2BXv1:0
[  326906ms] [ERROR] Failed to load resource: net::ERR_NAME_NOT_RESOLVED @ https://btlr.sharethrough.com/universal/v1?supply_id=WYu2BXv1:0
[  327243ms] [WARNING] An iframe which has both allow-scripts and allow-same-origin for its sandbox attribute can escape its sandboxing. @ https://cadmus.script.ac/d1oykxszdrgjgl/script.js:0
[  327506ms] [WARNING] An iframe which has both allow-scripts and allow-same-origin for its sandbox attribute can escape its sandboxing. @ https://cadmus.script.ac/d1oykxszdrgjgl/script.js:0
[  329702ms] [TIMEEND] a: 0.0048828125 ms @ https://static.adsafeprotected.com/sca.17.6.4.js:31
[  356893ms] [ERROR] Failed to load resource: net::ERR_NAME_NOT_RESOLVED @ https://btlr.sharethrough.com/universal/v1?supply_id=WYu2BXv1:0
[  356894ms] [ERROR] Failed to load resource: net::ERR_NAME_NOT_RESOLVED @ https://btlr.sharethrough.com/universal/v1?supply_id=WYu2BXv1:0
[  358333ms] [WARNING] An iframe which has both allow-scripts and allow-same-origin for its sandbox attribute can escape its sandboxing. @ https://cadmus.script.ac/d1oykxszdrgjgl/script.js:0
[  358780ms] [WARNING] An iframe which has both allow-scripts and allow-same-origin for its sandbox attribute can escape its sandboxing. @ https://cadmus.script.ac/d1oykxszdrgjgl/script.js:0
[  368612ms] [INFO] no errors, v: 3.06.17-R-CRID @ https://cdn.4dvertible.com/native/render.emg.js:0
[  388933ms] [ERROR] Failed to load resource: net::ERR_NAME_NOT_RESOLVED @ https://btlr.sharethrough.com/universal/v1?supply_id=WYu2BXv1:0
[  388935ms] [ERROR] Failed to load resource: net::ERR_NAME_NOT_RESOLVED @ https://btlr.sharethrough.com/universal/v1?supply_id=WYu2BXv1:0
[  390373ms] [WARNING] An iframe which has both allow-scripts and allow-same-origin for its sandbox attribute can escape its sandboxing. @ https://cadmus.script.ac/d1oykxszdrgjgl/script.js:0
[  390856ms] [WARNING] An iframe which has both allow-scripts and allow-same-origin for its sandbox attribute can escape its sandboxing. @ https://cadmus.script.ac/d1oykxszdrgjgl/script.js:0
[  391899ms] [DIR] SyntaxError @ https://js.ad-score.com/score.min.js?pid=1000942&tt=g:1
[  392859ms] [DIR] SyntaxError @ https://js.ad-score.com/score.min.js?pid=1000942&tt=g:1
[  393308ms] [TIMEEND] a: 0.01416015625 ms @ https://static.adsafeprotected.com/sca.17.6.4.js:31
[  393314ms] [TIMEEND] a: 0.003173828125 ms @ https://static.adsafeprotected.com/sca.17.6.4.js:31
[  393650ms] [WARNING] The powerPreference option is currently ignored when calling requestAdapter() on Windows. See https://crbug.com/369219127 @ https://js.ad-score.com/score.min.js?pid=1000942&tt=g:1
[  393802ms] [WARNING] The powerPreference option is currently ignored when calling requestAdapter() on Windows. See https://crbug.com/369219127 @ https://js.ad-score.com/score.min.js?pid=1000942&tt=g:1
[  409733ms] [ERROR] Failed to load resource: the server responded with a status of 503 () @ https://e01.atmtd.com/bidanalytics-event/json?mode=beacon:0
[  420896ms] [ERROR] Failed to load resource: net::ERR_NAME_NOT_RESOLVED @ https://btlr.sharethrough.com/universal/v1?supply_id=WYu2BXv1:0
[  420899ms] [ERROR] Failed to load resource: net::ERR_NAME_NOT_RESOLVED @ https://btlr.sharethrough.com/universal/v1?supply_id=WYu2BXv1:0
[  422162ms] [WARNING] An iframe which has both allow-scripts and allow-same-origin for its sandbox attribute can escape its sandboxing. @ https://cadmus.script.ac/d1oykxszdrgjgl/script.js:0
[  422582ms] [WARNING] An iframe which has both allow-scripts and allow-same-origin for its sandbox attribute can escape its sandboxing. @ https://cadmus.script.ac/d1oykxszdrgjgl/script.js:0
[  432387ms] [INFO] no errors, v: 3.06.17-R-CRID @ https://cdn.4dvertible.com/native/render.emg.js:0
[  452986ms] [ERROR] Failed to load resource: net::ERR_NAME_NOT_RESOLVED @ https://btlr.sharethrough.com/universal/v1?supply_id=WYu2BXv1:0
[  453006ms] [ERROR] Failed to load resource: net::ERR_NAME_NOT_RESOLVED @ https://btlr.sharethrough.com/universal/v1?supply_id=WYu2BXv1:0
[  455476ms] [WARNING] An iframe which has both allow-scripts and allow-same-origin for its sandbox attribute can escape its sandboxing. @ https://cadmus.script.ac/d1oykxszdrgjgl/script.js:0
[  455930ms] [WARNING] An iframe which has both allow-scripts and allow-same-origin for its sandbox attribute can escape its sandboxing. @ https://cadmus.script.ac/d1oykxszdrgjgl/script.js:0
[  458595ms] [DIR] SyntaxError @ https://js.ad-score.com/score.min.js?pid=1000942&tt=g:1
[  461215ms] [DIR] SyntaxError @ https://js.ad-score.com/score.min.js?pid=1000942&tt=g:1
[  461592ms] [TIMEEND] a: 0.02294921875 ms @ https://static.adsafeprotected.com/sca.17.6.4.js:31
[  461600ms] [TIMEEND] a: 0.007080078125 ms @ https://static.adsafeprotected.com/sca.17.6.4.js:31
[  465050ms] [WARNING] The powerPreference option is currently ignored when calling requestAdapter() on Windows. See https://crbug.com/369219127 @ https://js.ad-score.com/score.min.js?pid=1000942&tt=g:1
[  465744ms] [WARNING] The powerPreference option is currently ignored when calling requestAdapter() on Windows. See https://crbug.com/369219127 @ https://js.ad-score.com/score.min.js?pid=1000942&tt=g:1
[  484909ms] [ERROR] Failed to load resource: net::ERR_NAME_NOT_RESOLVED @ https://btlr.sharethrough.com/universal/v1?supply_id=WYu2BXv1:0
[  484911ms] [ERROR] Failed to load resource: net::ERR_NAME_NOT_RESOLVED @ https://btlr.sharethrough.com/universal/v1?supply_id=WYu2BXv1:0
[  486442ms] [WARNING] An iframe which has both allow-scripts and allow-same-origin for its sandbox attribute can escape its sandboxing. @ https://cadmus.script.ac/d1oykxszdrgjgl/script.js:0
[  486783ms] [WARNING] An iframe which has both allow-scripts and allow-same-origin for its sandbox attribute can escape its sandboxing. @ https://cadmus.script.ac/d1oykxszdrgjgl/script.js:0
[  488412ms] [DIR] SyntaxError @ https://js.ad-score.com/score.min.js?pid=1000942&tt=g:1
[  488892ms] [TIMEEND] a: 0.006103515625 ms @ https://static.adsafeprotected.com/sca.17.6.4.js:31
[  489377ms] [WARNING] The powerPreference option is currently ignored when calling requestAdapter() on Windows. See https://crbug.com/369219127 @ https://js.ad-score.com/score.min.js?pid=1000942&tt=g:1
[  499278ms] [ERROR] Failed to load resource: the server responded with a status of 503 () @ https://e01.atmtd.com/bidanalytics-event/json?mode=beacon:0
[  516950ms] [ERROR] Failed to load resource: net::ERR_NAME_NOT_RESOLVED @ https://btlr.sharethrough.com/universal/v1?supply_id=WYu2BXv1:0
[  516952ms] [ERROR] Failed to load resource: net::ERR_NAME_NOT_RESOLVED @ https://btlr.sharethrough.com/universal/v1?supply_id=WYu2BXv1:0
[  518210ms] [WARNING] An iframe which has both allow-scripts and allow-same-origin for its sandbox attribute can escape its sandboxing. @ https://cadmus.script.ac/d1oykxszdrgjgl/script.js:0
[  518616ms] [WARNING] An iframe which has both allow-scripts and allow-same-origin for its sandbox attribute can escape its sandboxing. @ https://cadmus.script.ac/d1oykxszdrgjgl/script.js:0
[  519231ms] [ERROR] Failed to load resource: net::ERR_CERT_AUTHORITY_INVALID @ https://sync-axelmark-dsp.focas.jp/sync/bsw?bidswitch_ssp_id=sharethrough:0
[  519700ms] [DIR] SyntaxError @ https://js.ad-score.com/score.min.js?pid=1000942&tt=g:1
[  520141ms] [DIR] SyntaxError @ https://js.ad-score.com/score.min.js?pid=1000942&tt=g:1
[  520504ms] [TIMEEND] a: 0.005126953125 ms @ https://static.adsafeprotected.com/sca.17.6.4.js:31
[  521027ms] [TIMEEND] a: 0.007080078125 ms @ https://static.adsafeprotected.com/sca.17.6.4.js:31
[  521317ms] [WARNING] The powerPreference option is currently ignored when calling requestAdapter() on Windows. See https://crbug.com/369219127 @ https://js.ad-score.com/score.min.js?pid=1000942&tt=g:1
[  530318ms] [WARNING] The powerPreference option is currently ignored when calling requestAdapter() on Windows. See https://crbug.com/369219127 @ https://js.ad-score.com/score.min.js?pid=1000942&tt=g:1
[  548934ms] [ERROR] Failed to load resource: net::ERR_NAME_NOT_RESOLVED @ https://btlr.sharethrough.com/universal/v1?supply_id=WYu2BXv1:0
[  548936ms] [ERROR] Failed to load resource: net::ERR_NAME_NOT_RESOLVED @ https://btlr.sharethrough.com/universal/v1?supply_id=WYu2BXv1:0
[  550703ms] [WARNING] An iframe which has both allow-scripts and allow-same-origin for its sandbox attribute can escape its sandboxing. @ https://cadmus.script.ac/d1oykxszdrgjgl/script.js:0
[  550843ms] [WARNING] An iframe which has both allow-scripts and allow-same-origin for its sandbox attribute can escape its sandboxing. @ https://cadmus.script.ac/d1oykxszdrgjgl/script.js:0
[  552427ms] [DIR] SyntaxError @ https://js.ad-score.com/score.min.js?pid=1000942&tt=g:1
[  553223ms] [DIR] SyntaxError @ https://js.ad-score.com/score.min.js?pid=1000942&tt=g:1
[  554896ms] [TIMEEND] a: 0.0068359375 ms @ https://static.adsafeprotected.com/sca.17.6.4.js:31
[  554910ms] [TIMEEND] a: 0.007080078125 ms @ https://static.adsafeprotected.com/sca.17.6.4.js:31
[  556852ms] [WARNING] The powerPreference option is currently ignored when calling requestAdapter() on Windows. See https://crbug.com/369219127 @ https://js.ad-score.com/score.min.js?pid=1000942&tt=g:1
[  563579ms] [WARNING] The powerPreference option is currently ignored when calling requestAdapter() on Windows. See https://crbug.com/369219127 @ https://js.ad-score.com/score.min.js?pid=1000942&tt=g:1
[  581025ms] [ERROR] Failed to load resource: net::ERR_NAME_NOT_RESOLVED @ https://btlr.sharethrough.com/universal/v1?supply_id=WYu2BXv1:0
[  581028ms] [ERROR] Failed to load resource: net::ERR_NAME_NOT_RESOLVED @ https://btlr.sharethrough.com/universal/v1?supply_id=WYu2BXv1:0
[  582722ms] [WARNING] An iframe which has both allow-scripts and allow-same-origin for its sandbox attribute can escape its sandboxing. @ https://cadmus.script.ac/d1oykxszdrgjgl/script.js:0
[  583177ms] [WARNING] An iframe which has both allow-scripts and allow-same-origin for its sandbox attribute can escape its sandboxing. @ https://cadmus.script.ac/d1oykxszdrgjgl/script.js:0
[  586014ms] [ERROR] Unsafe attempt to initiate navigation for frame with URL 'about:blank' from frame with URL 'about:srcdoc'. The frame attempting navigation must be same-origin with the target if navigating to a javascript: url
 @ https://choices.trustarc.com/get?name=pmw2.js:0
[  587305ms] [ERROR] Failed to load resource: the server responded with a status of 400 () @ https://s2s.t13.io/setuid?bidder=inmobi&gdpr=0&gdpr_consent=&us_privacy=&gpp=&gpp_sid=&f=i&uid=ID5-5-5d6880f7-58aa-43e4-a6ef-36ecabc24f33:0
[  588954ms] [ERROR] Failed to load resource: net::ERR_CONNECTION_CLOSED @ https://csync.loopme.me/?pubid=9724&gdpr=0&gdpr_consent=&redirect=https%3A%2F%2Fsync.inmobi.com%2Fsetuid%3FbidderID%3D109%26dspUserId%3D%7Bviewer_token%7D:0
[  587305ms] [ERROR] Failed to load resource: the server responded with a status of 400 () @ https://s2s.t13.io/setuid?bidder=inmobi&gdpr=0&gdpr_consent=&us_privacy=&gpp=&gpp_sid=&f=i&uid=ID5-5-5d6880f7-58aa-43e4-a6ef-36ecabc24f33:0
[  588954ms] [ERROR] Failed to load resource: net::ERR_CONNECTION_CLOSED @ https://csync.loopme.me/?pubid=9724&gdpr=0&gdpr_consent=&redirect=https%3A%2F%2Fsync.inmobi.com%2Fsetuid%3FbidderID%3D109%26dspUserId%3D%7Bviewer_token%7D:0
[  612891ms] [ERROR] Failed to load resource: net::ERR_NAME_NOT_RESOLVED @ https://btlr.sharethrough.com/universal/v1?supply_id=WYu2BXv1:0
[  612893ms] [ERROR] Failed to load resource: net::ERR_NAME_NOT_RESOLVED @ https://btlr.sharethrough.com/universal/v1?supply_id=WYu2BXv1:0
[  614209ms] [WARNING] An iframe which has both allow-scripts and allow-same-origin for its sandbox attribute can escape its sandboxing. @ https://cadmus.script.ac/d1oykxszdrgjgl/script.js:0
[  614686ms] [WARNING] An iframe which has both allow-scripts and allow-same-origin for its sandbox attribute can escape its sandboxing. @ https://cadmus.script.ac/d1oykxszdrgjgl/script.js:0
[  615941ms] [ERROR] Unsafe attempt to initiate navigation for frame with URL 'about:blank' from frame with URL 'about:srcdoc'. The frame attempting navigation must be same-origin with the target if navigating to a javascript: url
 @ https://choices.trustarc.com/get?name=pmw2.js:0
[  615980ms] [DIR] SyntaxError @ https://js.ad-score.com/score.min.js?pid=1000942&tt=g:1
[  616433ms] [TIMEEND] a: 0.0029296875 ms @ https://static.adsafeprotected.com/sca.17.6.4.js:31
[  626153ms] [WARNING] The powerPreference option is currently ignored when calling requestAdapter() on Windows. See https://crbug.com/369219127 @ https://js.ad-score.com/score.min.js?pid=1000942&tt=g:1
[  644936ms] [ERROR] Failed to load resource: net::ERR_NAME_NOT_RESOLVED @ https://btlr.sharethrough.com/universal/v1?supply_id=WYu2BXv1:0
[  644937ms] [ERROR] Failed to load resource: net::ERR_NAME_NOT_RESOLVED @ https://btlr.sharethrough.com/universal/v1?supply_id=WYu2BXv1:0
[  646198ms] [WARNING] An iframe which has both allow-scripts and allow-same-origin for its sandbox attribute can escape its sandboxing. @ https://cadmus.script.ac/d1oykxszdrgjgl/script.js:0
[  646673ms] [WARNING] An iframe which has both allow-scripts and allow-same-origin for its sandbox attribute can escape its sandboxing. @ https://cadmus.script.ac/d1oykxszdrgjgl/script.js:0
[  646898ms] [ERROR] Access to XMLHttpRequest at 'https://sf.vntsm.com/secure.html' from origin 'https://namu.wiki' has been blocked by CORS policy: No 'Access-Control-Allow-Origin' header is present on the requested resource. @ https://namu.wiki/w/%EB%8B%A4%EC%8B%9C%20%EA%B9%A8%EC%96%B4%EB%82%9C%20%ED%99%A9%EA%B8%88%20%EC%9A%B0%EC%83%81/%EC%8A%A4%ED%85%8C%EC%9D%B4%EC%A7%80:0
[  646899ms] [ERROR] Failed to load resource: net::ERR_FAILED @ https://sf.vntsm.com/secure.html:0
[  647624ms] [DIR] SyntaxError @ https://js.ad-score.com/score.min.js?pid=1000942&tt=g:1
[  648332ms] [TIMEEND] a: 0.0048828125 ms @ https://static.adsafeprotected.com/sca.17.6.4.js:31
[  648637ms] [DIR] SyntaxError @ https://js.ad-score.com/score.min.js?pid=1000942&tt=g:1
[  648824ms] [TIMEEND] a: 0.004150390625 ms @ https://static.adsafeprotected.com/sca.17.6.4.js:31
[  657933ms] [WARNING] The powerPreference option is currently ignored when calling requestAdapter() on Windows. See https://crbug.com/369219127 @ https://js.ad-score.com/score.min.js?pid=1000942&tt=g:1
[  658825ms] [WARNING] The powerPreference option is currently ignored when calling requestAdapter() on Windows. See https://crbug.com/369219127 @ https://js.ad-score.com/score.min.js?pid=1000942&tt=g:1
[  676978ms] [ERROR] Failed to load resource: net::ERR_NAME_NOT_RESOLVED @ https://btlr.sharethrough.com/universal/v1?supply_id=WYu2BXv1:0
[  677011ms] [ERROR] Failed to load resource: net::ERR_NAME_NOT_RESOLVED @ https://btlr.sharethrough.com/universal/v1?supply_id=WYu2BXv1:0
[  678380ms] [WARNING] An iframe which has both allow-scripts and allow-same-origin for its sandbox attribute can escape its sandboxing. @ https://cadmus.script.ac/d1oykxszdrgjgl/script.js:0
[  678733ms] [WARNING] An iframe which has both allow-scripts and allow-same-origin for its sandbox attribute can escape its sandboxing. @ https://cadmus.script.ac/d1oykxszdrgjgl/script.js:0
[  679845ms] [DIR] SyntaxError @ https://js.ad-score.com/score.min.js?pid=1000942&tt=g:1
[  680308ms] [DIR] SyntaxError @ https://js.ad-score.com/score.min.js?pid=1000942&tt=g:1
[  680932ms] [TIMEEND] a: 0.00390625 ms @ https://static.adsafeprotected.com/sca.17.6.4.js:31
[  681110ms] [TIMEEND] a: 0.0048828125 ms @ https://static.adsafeprotected.com/sca.17.6.4.js:31
[  681529ms] [WARNING] The powerPreference option is currently ignored when calling requestAdapter() on Windows. See https://crbug.com/369219127 @ https://js.ad-score.com/score.min.js?pid=1000942&tt=g:1
[  690552ms] [WARNING] The powerPreference option is currently ignored when calling requestAdapter() on Windows. See https://crbug.com/369219127 @ https://js.ad-score.com/score.min.js?pid=1000942&tt=g:1
[  708960ms] [ERROR] Failed to load resource: net::ERR_NAME_NOT_RESOLVED @ https://btlr.sharethrough.com/universal/v1?supply_id=WYu2BXv1:0
[  708965ms] [ERROR] Failed to load resource: net::ERR_NAME_NOT_RESOLVED @ https://btlr.sharethrough.com/universal/v1?supply_id=WYu2BXv1:0
[  710336ms] [WARNING] An iframe which has both allow-scripts and allow-same-origin for its sandbox attribute can escape its sandboxing. @ https://cadmus.script.ac/d1oykxszdrgjgl/script.js:0
[  710642ms] [WARNING] An iframe which has both allow-scripts and allow-same-origin for its sandbox attribute can escape its sandboxing. @ https://cadmus.script.ac/d1oykxszdrgjgl/script.js:0
[  711727ms] [DIR] SyntaxError @ https://js.ad-score.com/score.min.js?pid=1000942&tt=g:1
[  712136ms] [TIMEEND] a: 0.00390625 ms @ https://static.adsafeprotected.com/sca.17.6.4.js:31
[  712494ms] [WARNING] The powerPreference option is currently ignored when calling requestAdapter() on Windows. See https://crbug.com/369219127 @ https://js.ad-score.com/score.min.js?pid=1000942&tt=g:1
[  740890ms] [ERROR] Failed to load resource: net::ERR_NAME_NOT_RESOLVED @ https://btlr.sharethrough.com/universal/v1?supply_id=WYu2BXv1:0
[  740899ms] [ERROR] Failed to load resource: net::ERR_NAME_NOT_RESOLVED @ https://btlr.sharethrough.com/universal/v1?supply_id=WYu2BXv1:0
[  742697ms] [WARNING] An iframe which has both allow-scripts and allow-same-origin for its sandbox attribute can escape its sandboxing. @ https://cadmus.script.ac/d1oykxszdrgjgl/script.js:0
[  742875ms] [WARNING] An iframe which has both allow-scripts and allow-same-origin for its sandbox attribute can escape its sandboxing. @ https://cadmus.script.ac/d1oykxszdrgjgl/script.js:0
[  744114ms] [DIR] SyntaxError @ https://js.ad-score.com/score.min.js?pid=1000942&tt=g:1
[  744621ms] [TIMEEND] a: 0.004150390625 ms @ https://static.adsafeprotected.com/sca.17.6.4.js:31
[  744839ms] [WARNING] The powerPreference option is currently ignored when calling requestAdapter() on Windows. See https://crbug.com/369219127 @ https://js.ad-score.com/score.min.js?pid=1000942&tt=g:1
[  753171ms] [INFO] no errors, v: 3.06.17-R-CRID @ https://cdn.4dvertible.com/native/render.emg.js:0
[  772958ms] [ERROR] Failed to load resource: net::ERR_NAME_NOT_RESOLVED @ https://btlr.sharethrough.com/universal/v1?supply_id=WYu2BXv1:0
[  772961ms] [ERROR] Failed to load resource: net::ERR_NAME_NOT_RESOLVED @ https://btlr.sharethrough.com/universal/v1?supply_id=WYu2BXv1:0
[  774440ms] [WARNING] An iframe which has both allow-scripts and allow-same-origin for its sandbox attribute can escape its sandboxing. @ https://cadmus.script.ac/d1oykxszdrgjgl/script.js:0
[  774840ms] [WARNING] An iframe which has both allow-scripts and allow-same-origin for its sandbox attribute can escape its sandboxing. @ https://cadmus.script.ac/d1oykxszdrgjgl/script.js:0
[  782773ms] [ERROR] Failed to load resource: the server responded with a status of 503 () @ https://e01.atmtd.com/bidanalytics-event/json?mode=beacon:0
[  784740ms] [INFO] no errors, v: 3.06.17-R-CRID @ https://cdn.4dvertible.com/native/render.emg.js:0
[  804910ms] [ERROR] Failed to load resource: net::ERR_NAME_NOT_RESOLVED @ https://btlr.sharethrough.com/universal/v1?supply_id=WYu2BXv1:0
[  804917ms] [ERROR] Failed to load resource: net::ERR_NAME_NOT_RESOLVED @ https://btlr.sharethrough.com/universal/v1?supply_id=WYu2BXv1:0
[  806272ms] [WARNING] An iframe which has both allow-scripts and allow-same-origin for its sandbox attribute can escape its sandboxing. @ https://cadmus.script.ac/d1oykxszdrgjgl/script.js:0
[  806661ms] [WARNING] An iframe which has both allow-scripts and allow-same-origin for its sandbox attribute can escape its sandboxing. @ https://cadmus.script.ac/d1oykxszdrgjgl/script.js:0
[  816499ms] [INFO] no errors, v: 3.06.17-R-CRID @ https://cdn.4dvertible.com/native/render.emg.js:0
[  836969ms] [ERROR] Failed to load resource: net::ERR_NAME_NOT_RESOLVED @ https://btlr.sharethrough.com/universal/v1?supply_id=WYu2BXv1:0
[  836971ms] [ERROR] Failed to load resource: net::ERR_NAME_NOT_RESOLVED @ https://btlr.sharethrough.com/universal/v1?supply_id=WYu2BXv1:0
[  838255ms] [WARNING] An iframe which has both allow-scripts and allow-same-origin for its sandbox attribute can escape its sandboxing. @ https://cadmus.script.ac/d1oykxszdrgjgl/script.js:0
[  838657ms] [WARNING] An iframe which has both allow-scripts and allow-same-origin for its sandbox attribute can escape its sandboxing. @ https://cadmus.script.ac/d1oykxszdrgjgl/script.js:0
[  844245ms] [ERROR] Failed to load resource: the server responded with a status of 503 () @ https://e01.atmtd.com/bidanalytics-event/json?mode=beacon:0
[  848506ms] [INFO] no errors, v: 3.06.17-R-CRID @ https://cdn.4dvertible.com/native/render.emg.js:0
[  868990ms] [ERROR] Failed to load resource: net::ERR_NAME_NOT_RESOLVED @ https://btlr.sharethrough.com/universal/v1?supply_id=WYu2BXv1:0
[  868992ms] [ERROR] Failed to load resource: net::ERR_NAME_NOT_RESOLVED @ https://btlr.sharethrough.com/universal/v1?supply_id=WYu2BXv1:0
[  870733ms] [WARNING] An iframe which has both allow-scripts and allow-same-origin for its sandbox attribute can escape its sandboxing. @ https://cadmus.script.ac/d1oykxszdrgjgl/script.js:0
[  870865ms] [WARNING] An iframe which has both allow-scripts and allow-same-origin for its sandbox attribute can escape its sandboxing. @ https://cadmus.script.ac/d1oykxszdrgjgl/script.js:0
[  871241ms] [LOG] prvk mpu banner JSHandle@node @ :0
[  871308ms] [LOG] inject.js injected @ :0
[  871310ms] [LOG] isGdrpGeo false KR @ :0
[  871310ms] [LOG] typeof __tcfApi undefined @ :0
[  871310ms] [LOG] hasConsent: true @ :0
[  871311ms] [LOG] hasConsent: false @ :0
[  871321ms] [WARNING] localStorage prvk-frequencies-by-id is missing or corrupted. creating new @ https://cdn.prvk.io/studio/KR_701026-DOKKAEBI-300X600/4898/creative.min.js?v=1930756681:0
[  881141ms] [INFO] no errors, v: 3.06.17-R-CRID @ https://cdn.4dvertible.com/native/render.emg.js:0
[  900960ms] [ERROR] Failed to load resource: net::ERR_NAME_NOT_RESOLVED @ https://btlr.sharethrough.com/universal/v1?supply_id=WYu2BXv1:0
[  900962ms] [ERROR] Failed to load resource: net::ERR_NAME_NOT_RESOLVED @ https://btlr.sharethrough.com/universal/v1?supply_id=WYu2BXv1:0
[  902347ms] [WARNING] An iframe which has both allow-scripts and allow-same-origin for its sandbox attribute can escape its sandboxing. @ https://cadmus.script.ac/d1oykxszdrgjgl/script.js:0
[  902722ms] [WARNING] An iframe which has both allow-scripts and allow-same-origin for its sandbox attribute can escape its sandboxing. @ https://cadmus.script.ac/d1oykxszdrgjgl/script.js:0
[  902903ms] [LOG] prvk mpu banner JSHandle@node @ :0
[  902972ms] [LOG] inject.js injected @ :0
[  902974ms] [LOG] isGdrpGeo false KR @ :0
[  902975ms] [LOG] typeof __tcfApi undefined @ :0
[  902975ms] [LOG] hasConsent: true @ :0
[  903772ms] [ERROR] Failed to load resource: net::ERR_CONNECTION_CLOSED @ https://fran.frvr.com/api/v1/usync?bidder=inmobi&gdpr=0&gdpr_consent=&us_privacy=&f=i&uid=ID5-5-5d6880f7-58aa-43e4-a6ef-36ecabc24f33:0
[  904373ms] [ERROR] Unsafe attempt to initiate navigation for frame with URL 'about:blank' from frame with URL 'about:srcdoc'. The frame attempting navigation must be same-origin with the target if navigating to a javascript: url
 @ https://choices.trustarc.com/get?name=pmw2.js:0
[  903772ms] [ERROR] Failed to load resource: net::ERR_CONNECTION_CLOSED @ https://fran.frvr.com/api/v1/usync?bidder=inmobi&gdpr=0&gdpr_consent=&us_privacy=&f=i&uid=ID5-5-5d6880f7-58aa-43e4-a6ef-36ecabc24f33:0
[  907701ms] [ERROR] Failed to load resource: the server responded with a status of 503 () @ https://e01.atmtd.com/bidanalytics-event/json?mode=beacon:0
[  932878ms] [ERROR] Failed to load resource: net::ERR_NAME_NOT_RESOLVED @ https://btlr.sharethrough.com/universal/v1?supply_id=WYu2BXv1:0
[  932884ms] [ERROR] Failed to load resource: net::ERR_NAME_NOT_RESOLVED @ https://btlr.sharethrough.com/universal/v1?supply_id=WYu2BXv1:0
[  934169ms] [WARNING] An iframe which has both allow-scripts and allow-same-origin for its sandbox attribute can escape its sandboxing. @ https://cadmus.script.ac/d1oykxszdrgjgl/script.js:0
[  934642ms] [WARNING] An iframe which has both allow-scripts and allow-same-origin for its sandbox attribute can escape its sandboxing. @ https://cadmus.script.ac/d1oykxszdrgjgl/script.js:0
[  944403ms] [INFO] no errors, v: 3.06.17-R-CRID @ https://cdn.4dvertible.com/native/render.emg.js:0
[  964857ms] [ERROR] Failed to load resource: net::ERR_NAME_NOT_RESOLVED @ https://btlr.sharethrough.com/universal/v1?supply_id=WYu2BXv1:0
[  964859ms] [ERROR] Failed to load resource: net::ERR_NAME_NOT_RESOLVED @ https://btlr.sharethrough.com/universal/v1?supply_id=WYu2BXv1:0
[  966177ms] [WARNING] An iframe which has both allow-scripts and allow-same-origin for its sandbox attribute can escape its sandboxing. @ https://cadmus.script.ac/d1oykxszdrgjgl/script.js:0
[  966630ms] [WARNING] An iframe which has both allow-scripts and allow-same-origin for its sandbox attribute can escape its sandboxing. @ https://cadmus.script.ac/d1oykxszdrgjgl/script.js:0
[  976403ms] [INFO] no errors, v: 3.06.17-R-CRID @ https://cdn.4dvertible.com/native/render.emg.js:0
[  996945ms] [ERROR] Failed to load resource: net::ERR_NAME_NOT_RESOLVED @ https://btlr.sharethrough.com/universal/v1?supply_id=WYu2BXv1:0
[  996955ms] [ERROR] Failed to load resource: net::ERR_NAME_NOT_RESOLVED @ https://btlr.sharethrough.com/universal/v1?supply_id=WYu2BXv1:0
[  998765ms] [WARNING] An iframe which has both allow-scripts and allow-same-origin for its sandbox attribute can escape its sandboxing. @ https://cadmus.script.ac/d1oykxszdrgjgl/script.js:0
[  998958ms] [WARNING] An iframe which has both allow-scripts and allow-same-origin for its sandbox attribute can escape its sandboxing. @ https://cadmus.script.ac/d1oykxszdrgjgl/script.js:0
[ 1000675ms] [ERROR] Unsafe attempt to initiate navigation for frame with URL 'about:blank' from frame with URL 'about:srcdoc'. The frame attempting navigation must be same-origin with the target if navigating to a javascript: url
 @ https://choices.trustarc.com/get?name=pmw2.js:0
[ 1028851ms] [ERROR] Failed to load resource: net::ERR_NAME_NOT_RESOLVED @ https://btlr.sharethrough.com/universal/v1?supply_id=WYu2BXv1:0
[ 1028854ms] [ERROR] Failed to load resource: net::ERR_NAME_NOT_RESOLVED @ https://btlr.sharethrough.com/universal/v1?supply_id=WYu2BXv1:0
[ 1030176ms] [WARNING] An iframe which has both allow-scripts and allow-same-origin for its sandbox attribute can escape its sandboxing. @ https://cadmus.script.ac/d1oykxszdrgjgl/script.js:0
[ 1030671ms] [WARNING] An iframe which has both allow-scripts and allow-same-origin for its sandbox attribute can escape its sandboxing. @ https://cadmus.script.ac/d1oykxszdrgjgl/script.js:0
[ 1030942ms] [LOG] prvk mpu banner JSHandle@node @ :0
[ 1030998ms] [LOG] inject.js injected @ :0
[ 1030999ms] [LOG] isGdrpGeo false KR @ :0
[ 1031000ms] [LOG] typeof __tcfApi undefined @ :0
[ 1031000ms] [LOG] hasConsent: true @ :0
[ 1040421ms] [INFO] no errors, v: 3.06.17-R-CRID @ https://cdn.4dvertible.com/native/render.emg.js:0
[ 1060920ms] [ERROR] Failed to load resource: net::ERR_NAME_NOT_RESOLVED @ https://btlr.sharethrough.com/universal/v1?supply_id=WYu2BXv1:0
[ 1060922ms] [ERROR] Failed to load resource: net::ERR_NAME_NOT_RESOLVED @ https://btlr.sharethrough.com/universal/v1?supply_id=WYu2BXv1:0
[ 1062270ms] [WARNING] An iframe which has both allow-scripts and allow-same-origin for its sandbox attribute can escape its sandboxing. @ https://cadmus.script.ac/d1oykxszdrgjgl/script.js:0
[ 1062591ms] [WARNING] An iframe which has both allow-scripts and allow-same-origin for its sandbox attribute can escape its sandboxing. @ https://cadmus.script.ac/d1oykxszdrgjgl/script.js:0
[ 1063865ms] [TIMEEND] a: 0.02001953125 ms @ https://static.adsafeprotected.com/sca.17.6.4.js:31
[ 1092866ms] [ERROR] Failed to load resource: net::ERR_NAME_NOT_RESOLVED @ https://btlr.sharethrough.com/universal/v1?supply_id=WYu2BXv1:0
[ 1092871ms] [ERROR] Failed to load resource: net::ERR_NAME_NOT_RESOLVED @ https://btlr.sharethrough.com/universal/v1?supply_id=WYu2BXv1:0
[ 1094260ms] [WARNING] An iframe which has both allow-scripts and allow-same-origin for its sandbox attribute can escape its sandboxing. @ https://cadmus.script.ac/d1oykxszdrgjgl/script.js:0
[ 1094725ms] [WARNING] An iframe which has both allow-scripts and allow-same-origin for its sandbox attribute can escape its sandboxing. @ https://cadmus.script.ac/d1oykxszdrgjgl/script.js:0
[ 1104536ms] [INFO] no errors, v: 3.06.17-R-CRID @ https://cdn.4dvertible.com/native/render.emg.js:0
[ 1124822ms] [ERROR] Failed to load resource: net::ERR_NAME_NOT_RESOLVED @ https://btlr.sharethrough.com/universal/v1?supply_id=WYu2BXv1:0
[ 1124824ms] [ERROR] Failed to load resource: net::ERR_NAME_NOT_RESOLVED @ https://btlr.sharethrough.com/universal/v1?supply_id=WYu2BXv1:0
[ 1126252ms] [WARNING] An iframe which has both allow-scripts and allow-same-origin for its sandbox attribute can escape its sandboxing. @ https://cadmus.script.ac/d1oykxszdrgjgl/script.js:0
[ 1126652ms] [WARNING] An iframe which has both allow-scripts and allow-same-origin for its sandbox attribute can escape its sandboxing. @ https://cadmus.script.ac/d1oykxszdrgjgl/script.js:0
[ 1136563ms] [INFO] no errors, v: 3.06.17-R-CRID @ https://cdn.4dvertible.com/native/render.emg.js:0
[ 1155827ms] [ERROR] Failed to load resource: net::ERR_NAME_NOT_RESOLVED @ https://btlr.sharethrough.com/universal/v1?supply_id=WYu2BXv1:0
[ 1156930ms] [ERROR] Failed to load resource: net::ERR_NAME_NOT_RESOLVED @ https://btlr.sharethrough.com/universal/v1?supply_id=WYu2BXv1:0
[ 1157626ms] [WARNING] An iframe which has both allow-scripts and allow-same-origin for its sandbox attribute can escape its sandboxing. @ https://cadmus.script.ac/d1oykxszdrgjgl/script.js:0
[ 1157971ms] [WARNING] An iframe which has both allow-scripts and allow-same-origin for its sandbox attribute can escape its sandboxing. @ https://cadmus.script.ac/d1oykxszdrgjgl/script.js:0
[ 1159280ms] [TIMEEND] a: 0.005126953125 ms @ https://static.adsafeprotected.com/sca.17.6.4.js:31
[ 1168270ms] [INFO] no errors, v: 3.06.17-R-CRID @ https://cdn.4dvertible.com/native/render.emg.js:0
[ 1187827ms] [ERROR] Failed to load resource: net::ERR_NAME_NOT_RESOLVED @ https://btlr.sharethrough.com/universal/v1?supply_id=WYu2BXv1:0
[ 1187828ms] [ERROR] Failed to load resource: net::ERR_NAME_NOT_RESOLVED @ https://btlr.sharethrough.com/universal/v1?supply_id=WYu2BXv1:0
[ 1188901ms] [WARNING] An iframe which has both allow-scripts and allow-same-origin for its sandbox attribute can escape its sandboxing. @ https://cadmus.script.ac/d1oykxszdrgjgl/script.js:0
[ 1189660ms] [WARNING] An iframe which has both allow-scripts and allow-same-origin for its sandbox attribute can escape its sandboxing. @ https://cadmus.script.ac/d1oykxszdrgjgl/script.js:0
[ 1190428ms] [TIMEEND] a: 0.0029296875 ms @ https://static.adsafeprotected.com/sca.17.6.4.js:31
[ 1218787ms] [ERROR] Failed to load resource: net::ERR_NAME_NOT_RESOLVED @ https://btlr.sharethrough.com/universal/v1?supply_id=WYu2BXv1:0
[ 1219956ms] [ERROR] Failed to load resource: net::ERR_NAME_NOT_RESOLVED @ https://btlr.sharethrough.com/universal/v1?supply_id=WYu2BXv1:0
[ 1220433ms] [WARNING] An iframe which has both allow-scripts and allow-same-origin for its sandbox attribute can escape its sandboxing. @ https://cadmus.script.ac/d1oykxszdrgjgl/script.js:0
[ 1221214ms] [WARNING] An iframe which has both allow-scripts and allow-same-origin for its sandbox attribute can escape its sandboxing. @ https://cadmus.script.ac/d1oykxszdrgjgl/script.js:0
[ 1230777ms] [INFO] no errors, v: 3.06.17-R-CRID @ https://cdn.4dvertible.com/native/render.emg.js:0
[ 1250773ms] [ERROR] Failed to load resource: net::ERR_NAME_NOT_RESOLVED @ https://btlr.sharethrough.com/universal/v1?supply_id=WYu2BXv1:0
[ 1251800ms] [ERROR] Failed to load resource: net::ERR_NAME_NOT_RESOLVED @ https://btlr.sharethrough.com/universal/v1?supply_id=WYu2BXv1:0
[ 1252111ms] [WARNING] An iframe which has both allow-scripts and allow-same-origin for its sandbox attribute can escape its sandboxing. @ https://cadmus.script.ac/d1oykxszdrgjgl/script.js:0
[ 1252995ms] [WARNING] An iframe which has both allow-scripts and allow-same-origin for its sandbox attribute can escape its sandboxing. @ https://cadmus.script.ac/d1oykxszdrgjgl/script.js:0
[ 1253616ms] [ERROR] Failed to load resource: net::ERR_NAME_NOT_RESOLVED @ https://s2s.atmtd.com/s2s/setuid?bidder=inmobi&gdpr=0&gdpr_consent=&gpp=&gpp_sid=&f=i&uid=ID5-5-5d6880f7-58aa-43e4-a6ef-36ecabc24f33:0
[ 1253882ms] [ERROR] Unsafe attempt to initiate navigation for frame with URL 'about:blank' from frame with URL 'about:srcdoc'. The frame attempting navigation must be same-origin with the target if navigating to a javascript: url
 @ https://choices.trustarc.com/get?name=pmw2.js:0
[ 1253616ms] [ERROR] Failed to load resource: net::ERR_NAME_NOT_RESOLVED @ https://s2s.atmtd.com/s2s/setuid?bidder=inmobi&gdpr=0&gdpr_consent=&gpp=&gpp_sid=&f=i&uid=ID5-5-5d6880f7-58aa-43e4-a6ef-36ecabc24f33:0
[ 1254804ms] [ERROR] Failed to load resource: the server responded with a status of 404 (Not Found) @ https://us.shb-sync.com/bf2ecb77-8b3f-11ed-9a3c-0cc47a787f5e.gif?puid=[UID]&redir=https%3A%2F%2Fs.ad.smaato.net%2Fc%2F%3FdspId%3D1074%26dspCookie%3D%5BUID%5D%26gdpr%3D0%26gdpr_consent%3D&gdpr=0&gdpr_consent=:0
[ 1281907ms] [ERROR] Failed to load resource: net::ERR_NAME_NOT_RESOLVED @ https://btlr.sharethrough.com/universal/v1?supply_id=WYu2BXv1:0
[ 1282979ms] [ERROR] Failed to load resource: net::ERR_NAME_NOT_RESOLVED @ https://btlr.sharethrough.com/universal/v1?supply_id=WYu2BXv1:0
[ 1283092ms] [WARNING] An iframe which has both allow-scripts and allow-same-origin for its sandbox attribute can escape its sandboxing. @ https://cadmus.script.ac/d1oykxszdrgjgl/script.js:0
[ 1284044ms] [WARNING] An iframe which has both allow-scripts and allow-same-origin for its sandbox attribute can escape its sandboxing. @ https://cadmus.script.ac/d1oykxszdrgjgl/script.js:0
[ 1293336ms] [INFO] no errors, v: 3.06.17-R-CRID @ https://cdn.4dvertible.com/native/render.emg.js:0
[ 1312956ms] [ERROR] Failed to load resource: net::ERR_NAME_NOT_RESOLVED @ https://btlr.sharethrough.com/universal/v1?supply_id=WYu2BXv1:0
[ 1314210ms] [WARNING] An iframe which has both allow-scripts and allow-same-origin for its sandbox attribute can escape its sandboxing. @ https://cadmus.script.ac/d1oykxszdrgjgl/script.js:0
[ 1315050ms] [ERROR] Failed to load resource: net::ERR_NAME_NOT_RESOLVED @ https://btlr.sharethrough.com/universal/v1?supply_id=WYu2BXv1:0
[ 1316112ms] [WARNING] An iframe which has both allow-scripts and allow-same-origin for its sandbox attribute can escape its sandboxing. @ https://cadmus.script.ac/d1oykxszdrgjgl/script.js:0
[ 1324500ms] [INFO] no errors, v: 3.06.17-R-CRID @ https://cdn.4dvertible.com/native/render.emg.js:0
[ 1344779ms] [ERROR] Failed to load resource: net::ERR_NAME_NOT_RESOLVED @ https://btlr.sharethrough.com/universal/v1?supply_id=WYu2BXv1:0
[ 1345995ms] [WARNING] An iframe which has both allow-scripts and allow-same-origin for its sandbox attribute can escape its sandboxing. @ https://cadmus.script.ac/d1oykxszdrgjgl/script.js:0
[ 1346871ms] [ERROR] Failed to load resource: net::ERR_NAME_NOT_RESOLVED @ https://btlr.sharethrough.com/universal/v1?supply_id=WYu2BXv1:0
[ 1347948ms] [WARNING] An iframe which has both allow-scripts and allow-same-origin for its sandbox attribute can escape its sandboxing. @ https://cadmus.script.ac/d1oykxszdrgjgl/script.js:0
[ 1355496ms] [ERROR] Failed to load resource: the server responded with a status of 503 () @ https://e01.atmtd.com/bidanalytics-event/json?mode=beacon:0
[ 1356251ms] [INFO] no errors, v: 3.06.17-R-CRID @ https://cdn.4dvertible.com/native/render.emg.js:0
[ 1375792ms] [ERROR] Failed to load resource: net::ERR_NAME_NOT_RESOLVED @ https://btlr.sharethrough.com/universal/v1?supply_id=WYu2BXv1:0
[ 1377089ms] [WARNING] An iframe which has both allow-scripts and allow-same-origin for its sandbox attribute can escape its sandboxing. @ https://cadmus.script.ac/d1oykxszdrgjgl/script.js:0
[ 1377863ms] [ERROR] Failed to load resource: net::ERR_NAME_NOT_RESOLVED @ https://btlr.sharethrough.com/universal/v1?supply_id=WYu2BXv1:0
[ 1378994ms] [WARNING] An iframe which has both allow-scripts and allow-same-origin for its sandbox attribute can escape its sandboxing. @ https://cadmus.script.ac/d1oykxszdrgjgl/script.js:0
[ 1387339ms] [INFO] no errors, v: 3.06.17-R-CRID @ https://cdn.4dvertible.com/native/render.emg.js:0
[ 1389229ms] [INFO] no errors, v: 3.06.17-R-CRID @ https://cdn.4dvertible.com/native/render.emg.js:0
[ 1406815ms] [ERROR] Failed to load resource: net::ERR_NAME_NOT_RESOLVED @ https://btlr.sharethrough.com/universal/v1?supply_id=WYu2BXv1:0
[ 1408174ms] [WARNING] An iframe which has both allow-scripts and allow-same-origin for its sandbox attribute can escape its sandboxing. @ https://cadmus.script.ac/d1oykxszdrgjgl/script.js:0
[ 1408975ms] [ERROR] Failed to load resource: net::ERR_NAME_NOT_RESOLVED @ https://btlr.sharethrough.com/universal/v1?supply_id=WYu2BXv1:0
[ 1409844ms] [WARNING] An iframe which has both allow-scripts and allow-same-origin for its sandbox attribute can escape its sandboxing. @ https://cadmus.script.ac/d1oykxszdrgjgl/script.js:0
[ 1418430ms] [INFO] no errors, v: 3.06.17-R-CRID @ https://cdn.4dvertible.com/native/render.emg.js:0
[ 1438912ms] [ERROR] Failed to load resource: net::ERR_NAME_NOT_RESOLVED @ https://btlr.sharethrough.com/universal/v1?supply_id=WYu2BXv1:0
[ 1439839ms] [ERROR] Failed to load resource: net::ERR_NAME_NOT_RESOLVED @ https://btlr.sharethrough.com/universal/v1?supply_id=WYu2BXv1:0
[ 1440081ms] [WARNING] An iframe which has both allow-scripts and allow-same-origin for its sandbox attribute can escape its sandboxing. @ https://cadmus.script.ac/d1oykxszdrgjgl/script.js:0
[ 1440889ms] [WARNING] An iframe which has both allow-scripts and allow-same-origin for its sandbox attribute can escape its sandboxing. @ https://cadmus.script.ac/d1oykxszdrgjgl/script.js:0
[ 1441591ms] [DIR] SyntaxError @ https://js.ad-score.com/score.min.js?pid=1000942&tt=g:1
[ 1442078ms] [TIMEEND] a: 0.010986328125 ms @ https://static.adsafeprotected.com/sca.17.6.4.js:31
[ 1442306ms] [WARNING] The powerPreference option is currently ignored when calling requestAdapter() on Windows. See https://crbug.com/369219127 @ https://js.ad-score.com/score.min.js?pid=1000942&tt=g:1
[ 1469814ms] [ERROR] Failed to load resource: net::ERR_NAME_NOT_RESOLVED @ https://btlr.sharethrough.com/universal/v1?supply_id=WYu2BXv1:0
[ 1470857ms] [ERROR] Failed to load resource: net::ERR_NAME_NOT_RESOLVED @ https://btlr.sharethrough.com/universal/v1?supply_id=WYu2BXv1:0
[ 1471135ms] [WARNING] An iframe which has both allow-scripts and allow-same-origin for its sandbox attribute can escape its sandboxing. @ https://cadmus.script.ac/d1oykxszdrgjgl/script.js:0
[ 1471842ms] [WARNING] An iframe which has both allow-scripts and allow-same-origin for its sandbox attribute can escape its sandboxing. @ https://cadmus.script.ac/d1oykxszdrgjgl/script.js:0
[ 1472558ms] [WARNING] Unrecognized feature: 'attribution-reporting'. @ https://www.googletagservices.com/dcm/impl_v107.js:109
[ 1479823ms] [ERROR] Failed to load resource: the server responded with a status of 503 () @ https://e01.atmtd.com/bidanalytics-event/json?mode=beacon:0
[ 1481399ms] [INFO] no errors, v: 3.06.17-R-CRID @ https://cdn.4dvertible.com/native/render.emg.js:0
[ 1500883ms] [ERROR] Failed to load resource: net::ERR_NAME_NOT_RESOLVED @ https://btlr.sharethrough.com/universal/v1?supply_id=WYu2BXv1:0
[ 1501773ms] [ERROR] Failed to load resource: net::ERR_NAME_NOT_RESOLVED @ https://btlr.sharethrough.com/universal/v1?supply_id=WYu2BXv1:0
[ 1502545ms] [WARNING] An iframe which has both allow-scripts and allow-same-origin for its sandbox attribute can escape its sandboxing. @ https://cadmus.script.ac/d1oykxszdrgjgl/script.js:0
[ 1502963ms] [WARNING] An iframe which has both allow-scripts and allow-same-origin for its sandbox attribute can escape its sandboxing. @ https://cadmus.script.ac/d1oykxszdrgjgl/script.js:0
[ 1504310ms] [ERROR] Failed to load resource: the server responded with a status of 400 () @ https://s2s.t13.io/setuid?bidder=inmobi&gdpr=0&gdpr_consent=&us_privacy=&gpp=&gpp_sid=&f=i&uid=ID5-5-5d6880f7-58aa-43e4-a6ef-36ecabc24f33:0
[ 1504357ms] [ERROR] Unsafe attempt to initiate navigation for frame with URL 'about:blank' from frame with URL 'about:srcdoc'. The frame attempting navigation must be same-origin with the target if navigating to a javascript: url
 @ https://choices.trustarc.com/get?name=pmw2.js:0
[ 1504898ms] [ERROR] Failed to load resource: the server responded with a status of 404 (Not Found) @ https://us.shb-sync.com/bf2ecb77-8b3f-11ed-9a3c-0cc47a787f5e.gif?puid=[UID]&redir=https%3A%2F%2Fs.ad.smaato.net%2Fc%2F%3FdspId%3D1074%26dspCookie%3D%5BUID%5D%26gdpr%3D0%26gdpr_consent%3D&gdpr=0&gdpr_consent=:0
[ 1504310ms] [ERROR] Failed to load resource: the server responded with a status of 400 () @ https://s2s.t13.io/setuid?bidder=inmobi&gdpr=0&gdpr_consent=&us_privacy=&gpp=&gpp_sid=&f=i&uid=ID5-5-5d6880f7-58aa-43e4-a6ef-36ecabc24f33:0
[ 1504898ms] [ERROR] Failed to load resource: the server responded with a status of 404 (Not Found) @ https://us.shb-sync.com/bf2ecb77-8b3f-11ed-9a3c-0cc47a787f5e.gif?puid=[UID]&redir=https%3A%2F%2Fs.ad.smaato.net%2Fc%2F%3FdspId%3D1074%26dspCookie%3D%5BUID%5D%26gdpr%3D0%26gdpr_consent%3D&gdpr=0&gdpr_consent=:0
[ 1532887ms] [ERROR] Failed to load resource: net::ERR_NAME_NOT_RESOLVED @ https://btlr.sharethrough.com/universal/v1?supply_id=WYu2BXv1:0
[ 1532889ms] [ERROR] Failed to load resource: net::ERR_NAME_NOT_RESOLVED @ https://btlr.sharethrough.com/universal/v1?supply_id=WYu2BXv1:0
[ 1534299ms] [WARNING] An iframe which has both allow-scripts and allow-same-origin for its sandbox attribute can escape its sandboxing. @ https://cadmus.script.ac/d1oykxszdrgjgl/script.js:0
[ 1534678ms] [WARNING] An iframe which has both allow-scripts and allow-same-origin for its sandbox attribute can escape its sandboxing. @ https://cadmus.script.ac/d1oykxszdrgjgl/script.js:0
[ 1540080ms] [ERROR] Failed to load resource: the server responded with a status of 503 () @ https://e01.atmtd.com/bidanalytics-event/json?mode=beacon:0
[ 1544505ms] [INFO] no errors, v: 3.06.17-R-CRID @ https://cdn.4dvertible.com/native/render.emg.js:0
[ 1564907ms] [ERROR] Failed to load resource: net::ERR_NAME_NOT_RESOLVED @ https://btlr.sharethrough.com/universal/v1?supply_id=WYu2BXv1:0
[ 1564909ms] [ERROR] Failed to load resource: net::ERR_NAME_NOT_RESOLVED @ https://btlr.sharethrough.com/universal/v1?supply_id=WYu2BXv1:0
[ 1566279ms] [WARNING] An iframe which has both allow-scripts and allow-same-origin for its sandbox attribute can escape its sandboxing. @ https://cadmus.script.ac/d1oykxszdrgjgl/script.js:0
[ 1566637ms] [WARNING] An iframe which has both allow-scripts and allow-same-origin for its sandbox attribute can escape its sandboxing. @ https://cadmus.script.ac/d1oykxszdrgjgl/script.js:0
[ 1576512ms] [INFO] no errors, v: 3.06.17-R-CRID @ https://cdn.4dvertible.com/native/render.emg.js:0
[ 1596925ms] [ERROR] Failed to load resource: net::ERR_NAME_NOT_RESOLVED @ https://btlr.sharethrough.com/universal/v1?supply_id=WYu2BXv1:0
[ 1596927ms] [ERROR] Failed to load resource: net::ERR_NAME_NOT_RESOLVED @ https://btlr.sharethrough.com/universal/v1?supply_id=WYu2BXv1:0
[ 1598262ms] [WARNING] An iframe which has both allow-scripts and allow-same-origin for its sandbox attribute can escape its sandboxing. @ https://cadmus.script.ac/d1oykxszdrgjgl/script.js:0
[ 1598592ms] [WARNING] Unrecognized feature: 'attribution-reporting'. @ https://www.googletagservices.com/dcm/impl_v107.js:109
[ 1598629ms] [WARNING] An iframe which has both allow-scripts and allow-same-origin for its sandbox attribute can escape its sandboxing. @ https://cadmus.script.ac/d1oykxszdrgjgl/script.js:0
[ 1598592ms] [WARNING] Unrecognized feature: 'attribution-reporting'. @ https://www.googletagservices.com/dcm/impl_v107.js:109
[ 1599112ms] [WARNING] Unrecognized feature: 'attribution-reporting'. @ https://www.googletagservices.com/dcm/impl_v107.js:109
[ 1628891ms] [ERROR] Failed to load resource: net::ERR_NAME_NOT_RESOLVED @ https://btlr.sharethrough.com/universal/v1?supply_id=WYu2BXv1:0
[ 1628892ms] [ERROR] Failed to load resource: net::ERR_NAME_NOT_RESOLVED @ https://btlr.sharethrough.com/universal/v1?supply_id=WYu2BXv1:0
[ 1630774ms] [WARNING] An iframe which has both allow-scripts and allow-same-origin for its sandbox attribute can escape its sandboxing. @ https://cadmus.script.ac/d1oykxszdrgjgl/script.js:0
[ 1630911ms] [WARNING] An iframe which has both allow-scripts and allow-same-origin for its sandbox attribute can escape its sandboxing. @ https://cadmus.script.ac/d1oykxszdrgjgl/script.js:0
[ 1631263ms] [WARNING] Unrecognized feature: 'attribution-reporting'. @ https://www.googletagservices.com/dcm/impl_v107.js:109
[ 1641204ms] [INFO] no errors, v: 3.06.17-R-CRID @ https://cdn.4dvertible.com/native/render.emg.js:0
[ 1660987ms] [ERROR] Failed to load resource: net::ERR_NAME_NOT_RESOLVED @ https://btlr.sharethrough.com/universal/v1?supply_id=WYu2BXv1:0
[ 1660988ms] [ERROR] Failed to load resource: net::ERR_NAME_NOT_RESOLVED @ https://btlr.sharethrough.com/universal/v1?supply_id=WYu2BXv1:0
[ 1662212ms] [WARNING] An iframe which has both allow-scripts and allow-same-origin for its sandbox attribute can escape its sandboxing. @ https://cadmus.script.ac/d1oykxszdrgjgl/script.js:0
[ 1662525ms] [WARNING] Unrecognized feature: 'attribution-reporting'. @ https://www.googletagservices.com/dcm/impl_v107.js:109
[ 1662652ms] [WARNING] An iframe which has both allow-scripts and allow-same-origin for its sandbox attribute can escape its sandboxing. @ https://cadmus.script.ac/d1oykxszdrgjgl/script.js:0
[ 1662525ms] [WARNING] Unrecognized feature: 'attribution-reporting'. @ https://www.googletagservices.com/dcm/impl_v107.js:109
[ 1663099ms] [WARNING] Unrecognized feature: 'attribution-reporting'. @ https://www.googletagservices.com/dcm/impl_v107.js:109
[ 1693029ms] [ERROR] Failed to load resource: net::ERR_NAME_NOT_RESOLVED @ https://btlr.sharethrough.com/universal/v1?supply_id=WYu2BXv1:0
[ 1693030ms] [ERROR] Failed to load resource: net::ERR_NAME_NOT_RESOLVED @ https://btlr.sharethrough.com/universal/v1?supply_id=WYu2BXv1:0
[ 1694215ms] [WARNING] An iframe which has both allow-scripts and allow-same-origin for its sandbox attribute can escape its sandboxing. @ https://cadmus.script.ac/d1oykxszdrgjgl/script.js:0
[ 1694623ms] [WARNING] An iframe which has both allow-scripts and allow-same-origin for its sandbox attribute can escape its sandboxing. @ https://cadmus.script.ac/d1oykxszdrgjgl/script.js:0
[ 1703596ms] [ERROR] Failed to load resource: the server responded with a status of 503 () @ https://e01.atmtd.com/bidanalytics-event/json?mode=beacon:0
[ 1704437ms] [INFO] no errors, v: 3.06.17-R-CRID @ https://cdn.4dvertible.com/native/render.emg.js:0
[ 1724925ms] [ERROR] Failed to load resource: net::ERR_NAME_NOT_RESOLVED @ https://btlr.sharethrough.com/universal/v1?supply_id=WYu2BXv1:0
[ 1724926ms] [ERROR] Failed to load resource: net::ERR_NAME_NOT_RESOLVED @ https://btlr.sharethrough.com/universal/v1?supply_id=WYu2BXv1:0
[ 1726224ms] [WARNING] An iframe which has both allow-scripts and allow-same-origin for its sandbox attribute can escape its sandboxing. @ https://cadmus.script.ac/d1oykxszdrgjgl/script.js:0
[ 1726638ms] [WARNING] An iframe which has both allow-scripts and allow-same-origin for its sandbox attribute can escape its sandboxing. @ https://cadmus.script.ac/d1oykxszdrgjgl/script.js:0
[ 1736491ms] [INFO] no errors, v: 3.06.17-R-CRID @ https://cdn.4dvertible.com/native/render.emg.js:0
[ 1756939ms] [ERROR] Failed to load resource: net::ERR_NAME_NOT_RESOLVED @ https://btlr.sharethrough.com/universal/v1?supply_id=WYu2BXv1:0
[ 1756941ms] [ERROR] Failed to load resource: net::ERR_NAME_NOT_RESOLVED @ https://btlr.sharethrough.com/universal/v1?supply_id=WYu2BXv1:0
[ 1758560ms] [WARNING] An iframe which has both allow-scripts and allow-same-origin for its sandbox attribute can escape its sandboxing. @ https://cadmus.script.ac/d1oykxszdrgjgl/script.js:0
[ 1758923ms] [WARNING] An iframe which has both allow-scripts and allow-same-origin for its sandbox attribute can escape its sandboxing. @ https://cadmus.script.ac/d1oykxszdrgjgl/script.js:0
[ 1768793ms] [INFO] no errors, v: 3.06.17-R-CRID @ https://cdn.4dvertible.com/native/render.emg.js:0
[ 1788935ms] [ERROR] Failed to load resource: net::ERR_NAME_NOT_RESOLVED @ https://btlr.sharethrough.com/universal/v1?supply_id=WYu2BXv1:0
[ 1788936ms] [ERROR] Failed to load resource: net::ERR_NAME_NOT_RESOLVED @ https://btlr.sharethrough.com/universal/v1?supply_id=WYu2BXv1:0
[ 1790253ms] [WARNING] An iframe which has both allow-scripts and allow-same-origin for its sandbox attribute can escape its sandboxing. @ https://cadmus.script.ac/d1oykxszdrgjgl/script.js:0
[ 1790674ms] [WARNING] An iframe which has both allow-scripts and allow-same-origin for its sandbox attribute can escape its sandboxing. @ https://cadmus.script.ac/d1oykxszdrgjgl/script.js:0
[ 1800486ms] [INFO] no errors, v: 3.06.17-R-CRID @ https://cdn.4dvertible.com/native/render.emg.js:0
[ 1820867ms] [ERROR] Failed to load resource: net::ERR_NAME_NOT_RESOLVED @ https://btlr.sharethrough.com/universal/v1?supply_id=WYu2BXv1:0
[ 1820870ms] [ERROR] Failed to load resource: net::ERR_NAME_NOT_RESOLVED @ https://btlr.sharethrough.com/universal/v1?supply_id=WYu2BXv1:0
[ 1822273ms] [WARNING] An iframe which has both allow-scripts and allow-same-origin for its sandbox attribute can escape its sandboxing. @ https://cadmus.script.ac/d1oykxszdrgjgl/script.js:0
[ 1822560ms] [WARNING] An iframe which has both allow-scripts and allow-same-origin for its sandbox attribute can escape its sandboxing. @ https://cadmus.script.ac/d1oykxszdrgjgl/script.js:0
[ 1852979ms] [ERROR] Failed to load resource: net::ERR_NAME_NOT_RESOLVED @ https://btlr.sharethrough.com/universal/v1?supply_id=WYu2BXv1:0
[ 1852981ms] [ERROR] Failed to load resource: net::ERR_NAME_NOT_RESOLVED @ https://btlr.sharethrough.com/universal/v1?supply_id=WYu2BXv1:0
[ 1853640ms] [WARNING] TBT=834tvi48=32982&tvi50=31957 @ https://cdn.taboola.com/libtrc/namu-channel/loader.js:30
[ 1854211ms] [WARNING] An iframe which has both allow-scripts and allow-same-origin for its sandbox attribute can escape its sandboxing. @ https://cadmus.script.ac/d1oykxszdrgjgl/script.js:0
[ 1854575ms] [WARNING] An iframe which has both allow-scripts and allow-same-origin for its sandbox attribute can escape its sandboxing. @ https://cadmus.script.ac/d1oykxszdrgjgl/script.js:0
[ 1884860ms] [ERROR] Failed to load resource: net::ERR_NAME_NOT_RESOLVED @ https://btlr.sharethrough.com/universal/v1?supply_id=WYu2BXv1:0
[ 1884861ms] [ERROR] Failed to load resource: net::ERR_NAME_NOT_RESOLVED @ https://btlr.sharethrough.com/universal/v1?supply_id=WYu2BXv1:0
[ 1886271ms] [WARNING] An iframe which has both allow-scripts and allow-same-origin for its sandbox attribute can escape its sandboxing. @ https://cadmus.script.ac/d1oykxszdrgjgl/script.js:0
[ 1886564ms] [WARNING] An iframe which has both allow-scripts and allow-same-origin for its sandbox attribute can escape its sandboxing. @ https://cadmus.script.ac/d1oykxszdrgjgl/script.js:0
[ 1916903ms] [ERROR] Failed to load resource: net::ERR_NAME_NOT_RESOLVED @ https://btlr.sharethrough.com/universal/v1?supply_id=WYu2BXv1:0
[ 1916904ms] [ERROR] Failed to load resource: net::ERR_NAME_NOT_RESOLVED @ https://btlr.sharethrough.com/universal/v1?supply_id=WYu2BXv1:0
[ 1918223ms] [WARNING] An iframe which has both allow-scripts and allow-same-origin for its sandbox attribute can escape its sandboxing. @ https://cadmus.script.ac/d1oykxszdrgjgl/script.js:0
[ 1918633ms] [WARNING] An iframe which has both allow-scripts and allow-same-origin for its sandbox attribute can escape its sandboxing. @ https://cadmus.script.ac/d1oykxszdrgjgl/script.js:0
[ 1928452ms] [INFO] no errors, v: 3.06.17-R-CRID @ https://cdn.4dvertible.com/native/render.emg.js:0
[ 1948865ms] [ERROR] Failed to load resource: net::ERR_NAME_NOT_RESOLVED @ https://btlr.sharethrough.com/universal/v1?supply_id=WYu2BXv1:0
[ 1948866ms] [ERROR] Failed to load resource: net::ERR_NAME_NOT_RESOLVED @ https://btlr.sharethrough.com/universal/v1?supply_id=WYu2BXv1:0
[ 1950229ms] [WARNING] An iframe which has both allow-scripts and allow-same-origin for its sandbox attribute can escape its sandboxing. @ https://cadmus.script.ac/d1oykxszdrgjgl/script.js:0
[ 1950629ms] [WARNING] An iframe which has both allow-scripts and allow-same-origin for its sandbox attribute can escape its sandboxing. @ https://cadmus.script.ac/d1oykxszdrgjgl/script.js:0
[ 1980872ms] [ERROR] Failed to load resource: net::ERR_NAME_NOT_RESOLVED @ https://btlr.sharethrough.com/universal/v1?supply_id=WYu2BXv1:0
[ 1980874ms] [ERROR] Failed to load resource: net::ERR_NAME_NOT_RESOLVED @ https://btlr.sharethrough.com/universal/v1?supply_id=WYu2BXv1:0
[ 1982788ms] [WARNING] An iframe which has both allow-scripts and allow-same-origin for its sandbox attribute can escape its sandboxing. @ https://cadmus.script.ac/d1oykxszdrgjgl/script.js:0
[ 1982940ms] [WARNING] An iframe which has both allow-scripts and allow-same-origin for its sandbox attribute can escape its sandboxing. @ https://cadmus.script.ac/d1oykxszdrgjgl/script.js:0
[ 1993217ms] [INFO] no errors, v: 3.06.17-R-CRID @ https://cdn.4dvertible.com/native/render.emg.js:0
[ 2012874ms] [ERROR] Failed to load resource: net::ERR_NAME_NOT_RESOLVED @ https://btlr.sharethrough.com/universal/v1?supply_id=WYu2BXv1:0
[ 2012875ms] [ERROR] Failed to load resource: net::ERR_NAME_NOT_RESOLVED @ https://btlr.sharethrough.com/universal/v1?supply_id=WYu2BXv1:0
[ 2014420ms] [WARNING] An iframe which has both allow-scripts and allow-same-origin for its sandbox attribute can escape its sandboxing. @ https://cadmus.script.ac/d1oykxszdrgjgl/script.js:0
[ 2014751ms] [WARNING] An iframe which has both allow-scripts and allow-same-origin for its sandbox attribute can escape its sandboxing. @ https://cadmus.script.ac/d1oykxszdrgjgl/script.js:0
[ 2044904ms] [ERROR] Failed to load resource: net::ERR_NAME_NOT_RESOLVED @ https://btlr.sharethrough.com/universal/v1?supply_id=WYu2BXv1:0
[ 2044906ms] [ERROR] Failed to load resource: net::ERR_NAME_NOT_RESOLVED @ https://btlr.sharethrough.com/universal/v1?supply_id=WYu2BXv1:0
[ 2046472ms] [WARNING] An iframe which has both allow-scripts and allow-same-origin for its sandbox attribute can escape its sandboxing. @ https://cadmus.script.ac/d1oykxszdrgjgl/script.js:0
[ 2046965ms] [WARNING] An iframe which has both allow-scripts and allow-same-origin for its sandbox attribute can escape its sandboxing. @ https://cadmus.script.ac/d1oykxszdrgjgl/script.js:0
[ 2056705ms] [INFO] no errors, v: 3.06.17-R-CRID @ https://cdn.4dvertible.com/native/render.emg.js:0
[ 2076867ms] [ERROR] Failed to load resource: net::ERR_NAME_NOT_RESOLVED @ https://btlr.sharethrough.com/universal/v1?supply_id=WYu2BXv1:0
[ 2076872ms] [ERROR] Failed to load resource: net::ERR_NAME_NOT_RESOLVED @ https://btlr.sharethrough.com/universal/v1?supply_id=WYu2BXv1:0
[ 2078179ms] [WARNING] An iframe which has both allow-scripts and allow-same-origin for its sandbox attribute can escape its sandboxing. @ https://cadmus.script.ac/d1oykxszdrgjgl/script.js:0
[ 2078548ms] [WARNING] An iframe which has both allow-scripts and allow-same-origin for its sandbox attribute can escape its sandboxing. @ https://cadmus.script.ac/d1oykxszdrgjgl/script.js:0
[ 2088394ms] [INFO] no errors, v: 3.06.17-R-CRID @ https://cdn.4dvertible.com/native/render.emg.js:0
[ 2097133ms] [ERROR] Failed to load resource: the server responded with a status of 504 () @ https://e01.atmtd.com/bidanalytics-event/json?mode=beacon:0
[ 2108922ms] [ERROR] Failed to load resource: net::ERR_NAME_NOT_RESOLVED @ https://btlr.sharethrough.com/universal/v1?supply_id=WYu2BXv1:0
[ 2108925ms] [ERROR] Failed to load resource: net::ERR_NAME_NOT_RESOLVED @ https://btlr.sharethrough.com/universal/v1?supply_id=WYu2BXv1:0
[ 2110237ms] [WARNING] An iframe which has both allow-scripts and allow-same-origin for its sandbox attribute can escape its sandboxing. @ https://cadmus.script.ac/d1oykxszdrgjgl/script.js:0
[ 2110619ms] [WARNING] An iframe which has both allow-scripts and allow-same-origin for its sandbox attribute can escape its sandboxing. @ https://cadmus.script.ac/d1oykxszdrgjgl/script.js:0
[ 2140820ms] [ERROR] Failed to load resource: net::ERR_NAME_NOT_RESOLVED @ https://btlr.sharethrough.com/universal/v1?supply_id=WYu2BXv1:0
[ 2140822ms] [ERROR] Failed to load resource: net::ERR_NAME_NOT_RESOLVED @ https://btlr.sharethrough.com/universal/v1?supply_id=WYu2BXv1:0
[ 2142362ms] [WARNING] An iframe which has both allow-scripts and allow-same-origin for its sandbox attribute can escape its sandboxing. @ https://cadmus.script.ac/d1oykxszdrgjgl/script.js:0
[ 2142713ms] [WARNING] An iframe which has both allow-scripts and allow-same-origin for its sandbox attribute can escape its sandboxing. @ https://cadmus.script.ac/d1oykxszdrgjgl/script.js:0
[ 2172913ms] [ERROR] Failed to load resource: net::ERR_NAME_NOT_RESOLVED @ https://btlr.sharethrough.com/universal/v1?supply_id=WYu2BXv1:0
[ 2172914ms] [ERROR] Failed to load resource: net::ERR_NAME_NOT_RESOLVED @ https://btlr.sharethrough.com/universal/v1?supply_id=WYu2BXv1:0
[ 2174031ms] [WARNING] An iframe which has both allow-scripts and allow-same-origin for its sandbox attribute can escape its sandboxing. @ https://cadmus.script.ac/d1oykxszdrgjgl/script.js:0
[ 2174662ms] [WARNING] An iframe which has both allow-scripts and allow-same-origin for its sandbox attribute can escape its sandboxing. @ https://cadmus.script.ac/d1oykxszdrgjgl/script.js:0
[ 2184289ms] [INFO] no errors, v: 3.06.17-R-CRID @ https://cdn.4dvertible.com/native/render.emg.js:0
[ 2203881ms] [ERROR] Failed to load resource: net::ERR_NAME_NOT_RESOLVED @ https://btlr.sharethrough.com/universal/v1?supply_id=WYu2BXv1:0
[ 2204819ms] [ERROR] Failed to load resource: net::ERR_NAME_NOT_RESOLVED @ https://btlr.sharethrough.com/universal/v1?supply_id=WYu2BXv1:0
[ 2205489ms] [WARNING] An iframe which has both allow-scripts and allow-same-origin for its sandbox attribute can escape its sandboxing. @ https://cadmus.script.ac/d1oykxszdrgjgl/script.js:0
[ 2205958ms] [WARNING] An iframe which has both allow-scripts and allow-same-origin for its sandbox attribute can escape its sandboxing. @ https://cadmus.script.ac/d1oykxszdrgjgl/script.js:0
[ 2215654ms] [INFO] no errors, v: 3.06.17-R-CRID @ https://cdn.4dvertible.com/native/render.emg.js:0
[ 2235923ms] [ERROR] Failed to load resource: net::ERR_NAME_NOT_RESOLVED @ https://btlr.sharethrough.com/universal/v1?supply_id=WYu2BXv1:0
[ 2235925ms] [ERROR] Failed to load resource: net::ERR_NAME_NOT_RESOLVED @ https://btlr.sharethrough.com/universal/v1?supply_id=WYu2BXv1:0
[ 2237421ms] [WARNING] An iframe which has both allow-scripts and allow-same-origin for its sandbox attribute can escape its sandboxing. @ https://cadmus.script.ac/d1oykxszdrgjgl/script.js:0
[ 2237640ms] [WARNING] An iframe which has both allow-scripts and allow-same-origin for its sandbox attribute can escape its sandboxing. @ https://cadmus.script.ac/d1oykxszdrgjgl/script.js:0
[ 2248042ms] [INFO] no errors, v: 3.06.17-R-CRID @ https://cdn.4dvertible.com/native/render.emg.js:0
[ 2267890ms] [ERROR] Failed to load resource: net::ERR_NAME_NOT_RESOLVED @ https://btlr.sharethrough.com/universal/v1?supply_id=WYu2BXv1:0
[ 2267891ms] [ERROR] Failed to load resource: net::ERR_NAME_NOT_RESOLVED @ https://btlr.sharethrough.com/universal/v1?supply_id=WYu2BXv1:0
[ 2269804ms] [WARNING] An iframe which has both allow-scripts and allow-same-origin for its sandbox attribute can escape its sandboxing. @ https://cadmus.script.ac/d1oykxszdrgjgl/script.js:0
[ 2299892ms] [ERROR] Failed to load resource: net::ERR_NAME_NOT_RESOLVED @ https://btlr.sharethrough.com/universal/v1?supply_id=WYu2BXv1:0
[ 2299898ms] [ERROR] Failed to load resource: net::ERR_NAME_NOT_RESOLVED @ https://btlr.sharethrough.com/universal/v1?supply_id=WYu2BXv1:0
[ 2301246ms] [WARNING] An iframe which has both allow-scripts and allow-same-origin for its sandbox attribute can escape its sandboxing. @ https://cadmus.script.ac/d1oykxszdrgjgl/script.js:0
[ 2301642ms] [WARNING] An iframe which has both allow-scripts and allow-same-origin for its sandbox attribute can escape its sandboxing. @ https://cadmus.script.ac/d1oykxszdrgjgl/script.js:0
[ 2331927ms] [ERROR] Failed to load resource: net::ERR_NAME_NOT_RESOLVED @ https://btlr.sharethrough.com/universal/v1?supply_id=WYu2BXv1:0
[ 2331930ms] [ERROR] Failed to load resource: net::ERR_NAME_NOT_RESOLVED @ https://btlr.sharethrough.com/universal/v1?supply_id=WYu2BXv1:0
[ 2333414ms] [WARNING] An iframe which has both allow-scripts and allow-same-origin for its sandbox attribute can escape its sandboxing. @ https://cadmus.script.ac/d1oykxszdrgjgl/script.js:0
[ 2333751ms] [WARNING] An iframe which has both allow-scripts and allow-same-origin for its sandbox attribute can escape its sandboxing. @ https://cadmus.script.ac/d1oykxszdrgjgl/script.js:0
[ 2339119ms] [ERROR] Failed to load resource: the server responded with a status of 503 () @ https://e01.atmtd.com/bidanalytics-event/json?mode=beacon:0
[ 2363993ms] [ERROR] Failed to load resource: net::ERR_NAME_NOT_RESOLVED @ https://btlr.sharethrough.com/universal/v1?supply_id=WYu2BXv1:0
[ 2363995ms] [ERROR] Failed to load resource: net::ERR_NAME_NOT_RESOLVED @ https://btlr.sharethrough.com/universal/v1?supply_id=WYu2BXv1:0
[ 2365250ms] [WARNING] An iframe which has both allow-scripts and allow-same-origin for its sandbox attribute can escape its sandboxing. @ https://cadmus.script.ac/d1oykxszdrgjgl/script.js:0
[ 2365651ms] [WARNING] An iframe which has both allow-scripts and allow-same-origin for its sandbox attribute can escape its sandboxing. @ https://cadmus.script.ac/d1oykxszdrgjgl/script.js:0
[ 2395933ms] [ERROR] Failed to load resource: net::ERR_NAME_NOT_RESOLVED @ https://btlr.sharethrough.com/universal/v1?supply_id=WYu2BXv1:0
[ 2395935ms] [ERROR] Failed to load resource: net::ERR_NAME_NOT_RESOLVED @ https://btlr.sharethrough.com/universal/v1?supply_id=WYu2BXv1:0
[ 2397403ms] [WARNING] An iframe which has both allow-scripts and allow-same-origin for its sandbox attribute can escape its sandboxing. @ https://cadmus.script.ac/d1oykxszdrgjgl/script.js:0
[ 2397717ms] [WARNING] An iframe which has both allow-scripts and allow-same-origin for its sandbox attribute can escape its sandboxing. @ https://cadmus.script.ac/d1oykxszdrgjgl/script.js:0
[ 2399002ms] [ERROR] Unsafe attempt to initiate navigation for frame with URL 'about:blank' from frame with URL 'about:srcdoc'. The frame attempting navigation must be same-origin with the target if navigating to a javascript: url
 @ https://choices.trustarc.com/get?name=pmw2.js:0
[ 2401176ms] [ERROR] Failed to load resource: the server responded with a status of 404 (Not Found) @ https://sync-tb.yrxtam.com/ffb9b365d87c2b3126298b7483e4ddd1.gif?puid=[UID]&redir=https%3A%2F%2Fs.ad.smaato.net%2Fc%2F%3FdspId%3D1519%26dspCookie%3D%24UID%26gdpr%3D0%26gdpr_consent%3D&gdpr=0&gdpr_consent=&coppa=[COPPA]&gpp=[GPP]&gpp_sid=[GPP_SID]:0
[ 2428034ms] [ERROR] Failed to load resource: net::ERR_NAME_NOT_RESOLVED @ https://btlr.sharethrough.com/universal/v1?supply_id=WYu2BXv1:0
[ 2428061ms] [ERROR] Failed to load resource: net::ERR_NAME_NOT_RESOLVED @ https://btlr.sharethrough.com/universal/v1?supply_id=WYu2BXv1:0
[ 2429738ms] [WARNING] An iframe which has both allow-scripts and allow-same-origin for its sandbox attribute can escape its sandboxing. @ https://cadmus.script.ac/d1oykxszdrgjgl/script.js:0
[ 2429914ms] [WARNING] An iframe which has both allow-scripts and allow-same-origin for its sandbox attribute can escape its sandboxing. @ https://cadmus.script.ac/d1oykxszdrgjgl/script.js:0
[ 2459855ms] [ERROR] Failed to load resource: net::ERR_NAME_NOT_RESOLVED @ https://btlr.sharethrough.com/universal/v1?supply_id=WYu2BXv1:0
[ 2459862ms] [ERROR] Failed to load resource: net::ERR_NAME_NOT_RESOLVED @ https://btlr.sharethrough.com/universal/v1?supply_id=WYu2BXv1:0
[ 2461588ms] [WARNING] An iframe which has both allow-scripts and allow-same-origin for its sandbox attribute can escape its sandboxing. @ https://cadmus.script.ac/d1oykxszdrgjgl/script.js:0
[ 2461960ms] [WARNING] An iframe which has both allow-scripts and allow-same-origin for its sandbox attribute can escape its sandboxing. @ https://cadmus.script.ac/d1oykxszdrgjgl/script.js:0
[ 2491890ms] [ERROR] Failed to load resource: net::ERR_NAME_NOT_RESOLVED @ https://btlr.sharethrough.com/universal/v1?supply_id=WYu2BXv1:0
[ 2491895ms] [ERROR] Failed to load resource: net::ERR_NAME_NOT_RESOLVED @ https://btlr.sharethrough.com/universal/v1?supply_id=WYu2BXv1:0
[ 2493300ms] [WARNING] An iframe which has both allow-scripts and allow-same-origin for its sandbox attribute can escape its sandboxing. @ https://cadmus.script.ac/d1oykxszdrgjgl/script.js:0
[ 2493589ms] [WARNING] An iframe which has both allow-scripts and allow-same-origin for its sandbox attribute can escape its sandboxing. @ https://cadmus.script.ac/d1oykxszdrgjgl/script.js:0
[ 2523868ms] [ERROR] Failed to load resource: net::ERR_NAME_NOT_RESOLVED @ https://btlr.sharethrough.com/universal/v1?supply_id=WYu2BXv1:0
[ 2523869ms] [ERROR] Failed to load resource: net::ERR_NAME_NOT_RESOLVED @ https://btlr.sharethrough.com/universal/v1?supply_id=WYu2BXv1:0
[ 2525263ms] [WARNING] An iframe which has both allow-scripts and allow-same-origin for its sandbox attribute can escape its sandboxing. @ https://cadmus.script.ac/d1oykxszdrgjgl/script.js:0
[ 2525578ms] [WARNING] An iframe which has both allow-scripts and allow-same-origin for its sandbox attribute can escape its sandboxing. @ https://cadmus.script.ac/d1oykxszdrgjgl/script.js:0
[ 2530954ms] [ERROR] Failed to load resource: the server responded with a status of 503 () @ https://e01.atmtd.com/bidanalytics-event/json?mode=beacon:0
[ 2555881ms] [ERROR] Failed to load resource: net::ERR_NAME_NOT_RESOLVED @ https://btlr.sharethrough.com/universal/v1?supply_id=WYu2BXv1:0
[ 2555883ms] [ERROR] Failed to load resource: net::ERR_NAME_NOT_RESOLVED @ https://btlr.sharethrough.com/universal/v1?supply_id=WYu2BXv1:0
[ 2557403ms] [WARNING] An iframe which has both allow-scripts and allow-same-origin for its sandbox attribute can escape its sandboxing. @ https://cadmus.script.ac/d1oykxszdrgjgl/script.js:0
[ 2557692ms] [WARNING] An iframe which has both allow-scripts and allow-same-origin for its sandbox attribute can escape its sandboxing. @ https://cadmus.script.ac/d1oykxszdrgjgl/script.js:0
[ 2587883ms] [ERROR] Failed to load resource: net::ERR_NAME_NOT_RESOLVED @ https://btlr.sharethrough.com/universal/v1?supply_id=WYu2BXv1:0
[ 2587884ms] [ERROR] Failed to load resource: net::ERR_NAME_NOT_RESOLVED @ https://btlr.sharethrough.com/universal/v1?supply_id=WYu2BXv1:0
[ 2587889ms] [ERROR] Access to fetch at 'https://prebid-server.rubiconproject.com/openrtb2/auction' from origin 'https://namu.wiki' has been blocked by CORS policy: The 'Access-Control-Allow-Origin' header has a value 'https://rakuten.wamgame.jp' that is not equal to the supplied origin. Have the server send the header with a valid value. @ https://namu.wiki/w/%EB%8B%A4%EC%8B%9C%20%EA%B9%A8%EC%96%B4%EB%82%9C%20%ED%99%A9%EA%B8%88%20%EC%9A%B0%EC%83%81/%EC%8A%A4%ED%85%8C%EC%9D%B4%EC%A7%80:0
[ 2587890ms] [ERROR] Failed to load resource: net::ERR_FAILED @ https://prebid-server.rubiconproject.com/openrtb2/auction:0
[ 2589209ms] [WARNING] An iframe which has both allow-scripts and allow-same-origin for its sandbox attribute can escape its sandboxing. @ https://cadmus.script.ac/d1oykxszdrgjgl/script.js:0
[ 2589547ms] [WARNING] An iframe which has both allow-scripts and allow-same-origin for its sandbox attribute can escape its sandboxing. @ https://cadmus.script.ac/d1oykxszdrgjgl/script.js:0
[ 2590976ms] [ERROR] Unsafe attempt to initiate navigation for frame with URL 'about:blank' from frame with URL 'about:srcdoc'. The frame attempting navigation must be same-origin with the target if navigating to a javascript: url
 @ https://choices.trustarc.com/get?name=pmw2.js:0
[ 2591455ms] [ERROR] Failed to load resource: the server responded with a status of 404 (Not Found) @ https://sync-tb.yrxtam.com/ffb9b365d87c2b3126298b7483e4ddd1.gif?puid=[UID]&redir=https%3A%2F%2Fs.ad.smaato.net%2Fc%2F%3FdspId%3D1519%26dspCookie%3D%24UID%26gdpr%3D0%26gdpr_consent%3D&gdpr=0&gdpr_consent=&coppa=[COPPA]&gpp=[GPP]&gpp_sid=[GPP_SID]:0
[ 2591455ms] [ERROR] Failed to load resource: the server responded with a status of 404 (Not Found) @ https://sync-tb.yrxtam.com/ffb9b365d87c2b3126298b7483e4ddd1.gif?puid=[UID]&redir=https%3A%2F%2Fs.ad.smaato.net%2Fc%2F%3FdspId%3D1519%26dspCookie%3D%24UID%26gdpr%3D0%26gdpr_consent%3D&gdpr=0&gdpr_consent=&coppa=[COPPA]&gpp=[GPP]&gpp_sid=[GPP_SID]:0
[ 2619925ms] [ERROR] Failed to load resource: net::ERR_NAME_NOT_RESOLVED @ https://btlr.sharethrough.com/universal/v1?supply_id=WYu2BXv1:0
[ 2619927ms] [ERROR] Failed to load resource: net::ERR_NAME_NOT_RESOLVED @ https://btlr.sharethrough.com/universal/v1?supply_id=WYu2BXv1:0
[ 2621207ms] [WARNING] An iframe which has both allow-scripts and allow-same-origin for its sandbox attribute can escape its sandboxing. @ https://cadmus.script.ac/d1oykxszdrgjgl/script.js:0
[ 2621622ms] [WARNING] An iframe which has both allow-scripts and allow-same-origin for its sandbox attribute can escape its sandboxing. @ https://cadmus.script.ac/d1oykxszdrgjgl/script.js:0
[ 2652016ms] [ERROR] Failed to load resource: net::ERR_NAME_NOT_RESOLVED @ https://btlr.sharethrough.com/universal/v1?supply_id=WYu2BXv1:0
[ 2652018ms] [ERROR] Failed to load resource: net::ERR_NAME_NOT_RESOLVED @ https://btlr.sharethrough.com/universal/v1?supply_id=WYu2BXv1:0
[ 2653225ms] [WARNING] An iframe which has both allow-scripts and allow-same-origin for its sandbox attribute can escape its sandboxing. @ https://cadmus.script.ac/d1oykxszdrgjgl/script.js:0
[ 2653645ms] [WARNING] An iframe which has both allow-scripts and allow-same-origin for its sandbox attribute can escape its sandboxing. @ https://cadmus.script.ac/d1oykxszdrgjgl/script.js:0
[ 2683993ms] [ERROR] Failed to load resource: net::ERR_NAME_NOT_RESOLVED @ https://btlr.sharethrough.com/universal/v1?supply_id=WYu2BXv1:0
[ 2683994ms] [ERROR] Failed to load resource: net::ERR_NAME_NOT_RESOLVED @ https://btlr.sharethrough.com/universal/v1?supply_id=WYu2BXv1:0
[ 2685280ms] [WARNING] An iframe which has both allow-scripts and allow-same-origin for its sandbox attribute can escape its sandboxing. @ https://cadmus.script.ac/d1oykxszdrgjgl/script.js:0
[ 2685680ms] [WARNING] An iframe which has both allow-scripts and allow-same-origin for its sandbox attribute can escape its sandboxing. @ https://cadmus.script.ac/d1oykxszdrgjgl/script.js:0
[ 2716012ms] [ERROR] Failed to load resource: net::ERR_NAME_NOT_RESOLVED @ https://btlr.sharethrough.com/universal/v1?supply_id=WYu2BXv1:0
[ 2716013ms] [ERROR] Failed to load resource: net::ERR_NAME_NOT_RESOLVED @ https://btlr.sharethrough.com/universal/v1?supply_id=WYu2BXv1:0
[ 2717686ms] [WARNING] An iframe which has both allow-scripts and allow-same-origin for its sandbox attribute can escape its sandboxing. @ https://cadmus.script.ac/d1oykxszdrgjgl/script.js:0
[ 2717863ms] [LOG] prvk mpu banner JSHandle@node @ :0
[ 2717921ms] [LOG] inject.js injected @ :0
[ 2717922ms] [LOG] isGdrpGeo false KR @ :0
[ 2717922ms] [LOG] typeof __tcfApi undefined @ :0
[ 2717922ms] [LOG] hasConsent: true @ :0
[ 2747962ms] [ERROR] Failed to load resource: net::ERR_NAME_NOT_RESOLVED @ https://btlr.sharethrough.com/universal/v1?supply_id=WYu2BXv1:0
[ 2747963ms] [ERROR] Failed to load resource: net::ERR_NAME_NOT_RESOLVED @ https://btlr.sharethrough.com/universal/v1?supply_id=WYu2BXv1:0
[ 2749562ms] [WARNING] An iframe which has both allow-scripts and allow-same-origin for its sandbox attribute can escape its sandboxing. @ https://cadmus.script.ac/d1oykxszdrgjgl/script.js:0
[ 2779937ms] [ERROR] Failed to load resource: net::ERR_NAME_NOT_RESOLVED @ https://btlr.sharethrough.com/universal/v1?supply_id=WYu2BXv1:0
[ 2779938ms] [ERROR] Failed to load resource: net::ERR_NAME_NOT_RESOLVED @ https://btlr.sharethrough.com/universal/v1?supply_id=WYu2BXv1:0
[ 2781562ms] [WARNING] An iframe which has both allow-scripts and allow-same-origin for its sandbox attribute can escape its sandboxing. @ https://cadmus.script.ac/d1oykxszdrgjgl/script.js:0
[ 2810896ms] [ERROR] Failed to load resource: net::ERR_NAME_NOT_RESOLVED @ https://btlr.sharethrough.com/universal/v1?supply_id=WYu2BXv1:0
[ 2811895ms] [ERROR] Failed to load resource: net::ERR_NAME_NOT_RESOLVED @ https://btlr.sharethrough.com/universal/v1?supply_id=WYu2BXv1:0
[ 2812340ms] [WARNING] An iframe which has both allow-scripts and allow-same-origin for its sandbox attribute can escape its sandboxing. @ https://cadmus.script.ac/d1oykxszdrgjgl/script.js:0
[ 2813135ms] [WARNING] An iframe which has both allow-scripts and allow-same-origin for its sandbox attribute can escape its sandboxing. @ https://cadmus.script.ac/d1oykxszdrgjgl/script.js:0
[ 2814530ms] [WARNING] Unrecognized feature: 'attribution-reporting'. @ https://www.googletagservices.com/dcm/impl_v107.js:109
[ 2842859ms] [ERROR] Failed to load resource: net::ERR_NAME_NOT_RESOLVED @ https://btlr.sharethrough.com/universal/v1?supply_id=WYu2BXv1:0
[ 2843974ms] [ERROR] Failed to load resource: net::ERR_NAME_NOT_RESOLVED @ https://btlr.sharethrough.com/universal/v1?supply_id=WYu2BXv1:0
[ 2844139ms] [WARNING] An iframe which has both allow-scripts and allow-same-origin for its sandbox attribute can escape its sandboxing. @ https://cadmus.script.ac/d1oykxszdrgjgl/script.js:0
[ 2845501ms] [WARNING] An iframe which has both allow-scripts and allow-same-origin for its sandbox attribute can escape its sandboxing. @ https://cadmus.script.ac/d1oykxszdrgjgl/script.js:0
[ 2854669ms] [INFO] no errors, v: 3.06.17-R-CRID @ https://cdn.4dvertible.com/native/render.emg.js:0
[ 2873941ms] [ERROR] Failed to load resource: net::ERR_NAME_NOT_RESOLVED @ https://btlr.sharethrough.com/universal/v1?supply_id=WYu2BXv1:0
[ 2875841ms] [ERROR] Failed to load resource: net::ERR_NAME_NOT_RESOLVED @ https://btlr.sharethrough.com/universal/v1?supply_id=WYu2BXv1:0
[ 2876776ms] [WARNING] An iframe which has both allow-scripts and allow-same-origin for its sandbox attribute can escape its sandboxing. @ https://cadmus.script.ac/d1oykxszdrgjgl/script.js:0
[ 2904820ms] [ERROR] Failed to load resource: net::ERR_NAME_NOT_RESOLVED @ https://btlr.sharethrough.com/universal/v1?supply_id=WYu2BXv1:0
[ 2906423ms] [WARNING] An iframe which has both allow-scripts and allow-same-origin for its sandbox attribute can escape its sandboxing. @ https://cadmus.script.ac/d1oykxszdrgjgl/script.js:0
[ 2907102ms] [ERROR] Failed to load resource: net::ERR_NAME_NOT_RESOLVED @ https://btlr.sharethrough.com/universal/v1?supply_id=WYu2BXv1:0
[ 2908677ms] [WARNING] An iframe which has both allow-scripts and allow-same-origin for its sandbox attribute can escape its sandboxing. @ https://cadmus.script.ac/d1oykxszdrgjgl/script.js:0
[ 2917024ms] [INFO] no errors, v: 3.06.17-R-CRID @ https://cdn.4dvertible.com/native/render.emg.js:0
[ 2918922ms] [INFO] no errors, v: 3.06.17-R-CRID @ https://cdn.4dvertible.com/native/render.emg.js:0
[ 2936852ms] [ERROR] Failed to load resource: net::ERR_NAME_NOT_RESOLVED @ https://btlr.sharethrough.com/universal/v1?supply_id=WYu2BXv1:0
[ 2938197ms] [WARNING] An iframe which has both allow-scripts and allow-same-origin for its sandbox attribute can escape its sandboxing. @ https://cadmus.script.ac/d1oykxszdrgjgl/script.js:0
[ 2939024ms] [ERROR] Failed to load resource: net::ERR_NAME_NOT_RESOLVED @ https://btlr.sharethrough.com/universal/v1?supply_id=WYu2BXv1:0
[ 2940142ms] [WARNING] An iframe which has both allow-scripts and allow-same-origin for its sandbox attribute can escape its sandboxing. @ https://cadmus.script.ac/d1oykxszdrgjgl/script.js:0
[ 2948433ms] [INFO] no errors, v: 3.06.17-R-CRID @ https://cdn.4dvertible.com/native/render.emg.js:0
[ 2968821ms] [ERROR] Failed to load resource: net::ERR_NAME_NOT_RESOLVED @ https://btlr.sharethrough.com/universal/v1?supply_id=WYu2BXv1:0
[ 2970281ms] [WARNING] An iframe which has both allow-scripts and allow-same-origin for its sandbox attribute can escape its sandboxing. @ https://cadmus.script.ac/d1oykxszdrgjgl/script.js:0
[ 2971139ms] [ERROR] Failed to load resource: net::ERR_NAME_NOT_RESOLVED @ https://btlr.sharethrough.com/universal/v1?supply_id=WYu2BXv1:0
[ 2972464ms] [WARNING] An iframe which has both allow-scripts and allow-same-origin for its sandbox attribute can escape its sandboxing. @ https://cadmus.script.ac/d1oykxszdrgjgl/script.js:0
[ 2980563ms] [INFO] no errors, v: 3.06.17-R-CRID @ https://cdn.4dvertible.com/native/render.emg.js:0
[ 2982697ms] [INFO] no errors, v: 3.06.17-R-CRID @ https://cdn.4dvertible.com/native/render.emg.js:0
[ 3000819ms] [ERROR] Failed to load resource: net::ERR_NAME_NOT_RESOLVED @ https://btlr.sharethrough.com/universal/v1?supply_id=WYu2BXv1:0
[ 3002113ms] [WARNING] An iframe which has both allow-scripts and allow-same-origin for its sandbox attribute can escape its sandboxing. @ https://cadmus.script.ac/d1oykxszdrgjgl/script.js:0
[ 3002936ms] [ERROR] Failed to load resource: net::ERR_NAME_NOT_RESOLVED @ https://btlr.sharethrough.com/universal/v1?supply_id=WYu2BXv1:0
[ 3004023ms] [WARNING] An iframe which has both allow-scripts and allow-same-origin for its sandbox attribute can escape its sandboxing. @ https://cadmus.script.ac/d1oykxszdrgjgl/script.js:0
[ 3005453ms] [ERROR] Unsafe attempt to initiate navigation for frame with URL 'about:blank' from frame with URL 'about:srcdoc'. The frame attempting navigation must be same-origin with the target if navigating to a javascript: url
 @ https://choices.trustarc.com/get?name=pmw2.js:0
[ 3006006ms] [ERROR] Failed to load resource: the server responded with a status of 400 () @ https://s2s.t13.io/setuid?bidder=inmobi&gdpr=0&gdpr_consent=&us_privacy=&gpp=&gpp_sid=&f=i&uid=ID5-5-5d6880f7-58aa-43e4-a6ef-36ecabc24f33:0
[ 3006006ms] [ERROR] Failed to load resource: the server responded with a status of 400 () @ https://s2s.t13.io/setuid?bidder=inmobi&gdpr=0&gdpr_consent=&us_privacy=&gpp=&gpp_sid=&f=i&uid=ID5-5-5d6880f7-58aa-43e4-a6ef-36ecabc24f33:0
[ 3010378ms] [ERROR] Failed to load resource: net::ERR_NAME_NOT_RESOLVED @ https://cm-x.mgid.com/5f771db5775920b3ea597ee1392355e9.gif?puid=[UID]&redir=https%3A%2F%2Fs.ad.smaato.net%2Fc%2F%3FdspId%3D1466%26dspCookie%3D%5BUID%5D%26gdpr%3D0%26gdpr_consent%3D&gdpr=0&gdpr_consent=&coppa=[COPPA]&gpp=[GPP]&gpp_sid=[GPP_SID]:0
[ 3012432ms] [INFO] no errors, v: 3.06.17-R-CRID @ https://cdn.4dvertible.com/native/render.emg.js:0
[ 3031871ms] [ERROR] Failed to load resource: net::ERR_NAME_NOT_RESOLVED @ https://btlr.sharethrough.com/universal/v1?supply_id=WYu2BXv1:0
[ 3033283ms] [WARNING] An iframe which has both allow-scripts and allow-same-origin for its sandbox attribute can escape its sandboxing. @ https://cadmus.script.ac/d1oykxszdrgjgl/script.js:0
[ 3005453ms] [ERROR] Unsafe attempt to initiate navigation for frame with URL 'about:blank' from frame with URL 'about:srcdoc'. The frame attempting navigation must be same-origin with the target if navigating to a javascript: url
 @ https://choices.trustarc.com/get?name=pmw2.js:0
[ 3034034ms] [ERROR] Failed to load resource: net::ERR_NAME_NOT_RESOLVED @ https://btlr.sharethrough.com/universal/v1?supply_id=WYu2BXv1:0
[ 3006006ms] [ERROR] Failed to load resource: the server responded with a status of 400 () @ https://s2s.t13.io/setuid?bidder=inmobi&gdpr=0&gdpr_consent=&us_privacy=&gpp=&gpp_sid=&f=i&uid=ID5-5-5d6880f7-58aa-43e4-a6ef-36ecabc24f33:0
[ 3010378ms] [ERROR] Failed to load resource: net::ERR_NAME_NOT_RESOLVED @ https://cm-x.mgid.com/5f771db5775920b3ea597ee1392355e9.gif?puid=[UID]&redir=https%3A%2F%2Fs.ad.smaato.net%2Fc%2F%3FdspId%3D1466%26dspCookie%3D%5BUID%5D%26gdpr%3D0%26gdpr_consent%3D&gdpr=0&gdpr_consent=&coppa=[COPPA]&gpp=[GPP]&gpp_sid=[GPP_SID]:0
[ 3035054ms] [ERROR] Unsafe attempt to initiate navigation for frame with URL 'about:blank' from frame with URL 'about:srcdoc'. The frame attempting navigation must be same-origin with the target if navigating to a javascript: url
 @ https://choices.trustarc.com/get?name=pmw2.js:0
[ 3035279ms] [WARNING] An iframe which has both allow-scripts and allow-same-origin for its sandbox attribute can escape its sandboxing. @ https://cadmus.script.ac/d1oykxszdrgjgl/script.js:0
[ 3006006ms] [ERROR] Failed to load resource: the server responded with a status of 400 () @ https://s2s.t13.io/setuid?bidder=inmobi&gdpr=0&gdpr_consent=&us_privacy=&gpp=&gpp_sid=&f=i&uid=ID5-5-5d6880f7-58aa-43e4-a6ef-36ecabc24f33:0
[ 3010378ms] [ERROR] Failed to load resource: net::ERR_NAME_NOT_RESOLVED @ https://cm-x.mgid.com/5f771db5775920b3ea597ee1392355e9.gif?puid=[UID]&redir=https%3A%2F%2Fs.ad.smaato.net%2Fc%2F%3FdspId%3D1466%26dspCookie%3D%5BUID%5D%26gdpr%3D0%26gdpr_consent%3D&gdpr=0&gdpr_consent=&coppa=[COPPA]&gpp=[GPP]&gpp_sid=[GPP_SID]:0
[ 3045623ms] [INFO] no errors, v: 3.06.17-R-CRID @ https://cdn.4dvertible.com/native/render.emg.js:0
[ 3063864ms] [ERROR] Failed to load resource: net::ERR_NAME_NOT_RESOLVED @ https://btlr.sharethrough.com/universal/v1?supply_id=WYu2BXv1:0
[ 3065826ms] [ERROR] Failed to load resource: net::ERR_NAME_NOT_RESOLVED @ https://btlr.sharethrough.com/universal/v1?supply_id=WYu2BXv1:0
[ 3066831ms] [WARNING] An iframe which has both allow-scripts and allow-same-origin for its sandbox attribute can escape its sandboxing. @ https://cadmus.script.ac/d1oykxszdrgjgl/script.js:0
[ 3094908ms] [ERROR] Failed to load resource: net::ERR_NAME_NOT_RESOLVED @ https://btlr.sharethrough.com/universal/v1?supply_id=WYu2BXv1:0
[ 3096919ms] [ERROR] Failed to load resource: net::ERR_NAME_NOT_RESOLVED @ https://btlr.sharethrough.com/universal/v1?supply_id=WYu2BXv1:0
[ 3098022ms] [WARNING] An iframe which has both allow-scripts and allow-same-origin for its sandbox attribute can escape its sandboxing. @ https://cadmus.script.ac/d1oykxszdrgjgl/script.js:0
[ 3126962ms] [ERROR] Failed to load resource: net::ERR_NAME_NOT_RESOLVED @ https://btlr.sharethrough.com/universal/v1?supply_id=WYu2BXv1:0
[ 3127807ms] [ERROR] Failed to load resource: net::ERR_NAME_NOT_RESOLVED @ https://btlr.sharethrough.com/universal/v1?supply_id=WYu2BXv1:0
[ 3128396ms] [WARNING] An iframe which has both allow-scripts and allow-same-origin for its sandbox attribute can escape its sandboxing. @ https://cadmus.script.ac/d1oykxszdrgjgl/script.js:0
[ 3129422ms] [WARNING] An iframe which has both allow-scripts and allow-same-origin for its sandbox attribute can escape its sandboxing. @ https://cadmus.script.ac/d1oykxszdrgjgl/script.js:0
[ 3158953ms] [ERROR] Failed to load resource: net::ERR_NAME_NOT_RESOLVED @ https://btlr.sharethrough.com/universal/v1?supply_id=WYu2BXv1:0
[ 3159845ms] [ERROR] Failed to load resource: net::ERR_NAME_NOT_RESOLVED @ https://btlr.sharethrough.com/universal/v1?supply_id=WYu2BXv1:0
[ 3160020ms] [WARNING] An iframe which has both allow-scripts and allow-same-origin for its sandbox attribute can escape its sandboxing. @ https://cadmus.script.ac/d1oykxszdrgjgl/script.js:0
[ 3161207ms] [WARNING] An iframe which has both allow-scripts and allow-same-origin for its sandbox attribute can escape its sandboxing. @ https://cadmus.script.ac/d1oykxszdrgjgl/script.js:0
[ 3161572ms] [ERROR] Failed to load resource: net::ERR_CONNECTION_CLOSED @ https://fran.frvr.com/api/v1/usync?bidder=inmobi&gdpr=0&gdpr_consent=&us_privacy=&f=i&uid=ID5-5-5d6880f7-58aa-43e4-a6ef-36ecabc24f33:0
[ 3161863ms] [ERROR] Failed to load resource: net::ERR_CONNECTION_ABORTED @ https://visitor.fiftyt.com/p.gif?ev=sync&bstep=2&p=ey&uid=2OYl570Hgx5i8PuaOC7DzvSgBnj3EylurTj3HXRRPyLM:0
[ 3161998ms] [ERROR] Unsafe attempt to initiate navigation for frame with URL 'about:blank' from frame with URL 'about:srcdoc'. The frame attempting navigation must be same-origin with the target if navigating to a javascript: url
 @ https://choices.trustarc.com/get?name=pmw2.js:0
[ 3161572ms] [ERROR] Failed to load resource: net::ERR_CONNECTION_CLOSED @ https://fran.frvr.com/api/v1/usync?bidder=inmobi&gdpr=0&gdpr_consent=&us_privacy=&f=i&uid=ID5-5-5d6880f7-58aa-43e4-a6ef-36ecabc24f33:0
[ 3161863ms] [ERROR] Failed to load resource: net::ERR_CONNECTION_ABORTED @ https://visitor.fiftyt.com/p.gif?ev=sync&bstep=2&p=ey&uid=2OYl570Hgx5i8PuaOC7DzvSgBnj3EylurTj3HXRRPyLM:0
[ 3189912ms] [ERROR] Failed to load resource: net::ERR_NAME_NOT_RESOLVED @ https://btlr.sharethrough.com/universal/v1?supply_id=WYu2BXv1:0
[ 3191377ms] [WARNING] An iframe which has both allow-scripts and allow-same-origin for its sandbox attribute can escape its sandboxing. @ https://cadmus.script.ac/d1oykxszdrgjgl/script.js:0
[ 3192126ms] [ERROR] Failed to load resource: net::ERR_NAME_NOT_RESOLVED @ https://btlr.sharethrough.com/universal/v1?supply_id=WYu2BXv1:0
[ 3193278ms] [WARNING] An iframe which has both allow-scripts and allow-same-origin for its sandbox attribute can escape its sandboxing. @ https://cadmus.script.ac/d1oykxszdrgjgl/script.js:0
[ 3201972ms] [INFO] no errors, v: 3.06.17-R-CRID @ https://cdn.4dvertible.com/native/render.emg.js:0
[ 3203550ms] [INFO] no errors, v: 3.06.17-R-CRID @ https://cdn.4dvertible.com/native/render.emg.js:0
[ 3221926ms] [ERROR] Failed to load resource: net::ERR_NAME_NOT_RESOLVED @ https://btlr.sharethrough.com/universal/v1?supply_id=WYu2BXv1:0
[ 3223097ms] [WARNING] An iframe which has both allow-scripts and allow-same-origin for its sandbox attribute can escape its sandboxing. @ https://cadmus.script.ac/d1oykxszdrgjgl/script.js:0
[ 3224007ms] [ERROR] Failed to load resource: net::ERR_NAME_NOT_RESOLVED @ https://btlr.sharethrough.com/universal/v1?supply_id=WYu2BXv1:0
[ 3225325ms] [WARNING] An iframe which has both allow-scripts and allow-same-origin for its sandbox attribute can escape its sandboxing. @ https://cadmus.script.ac/d1oykxszdrgjgl/script.js:0
[ 3233424ms] [INFO] no errors, v: 3.06.17-R-CRID @ https://cdn.4dvertible.com/native/render.emg.js:0
[ 3252804ms] [ERROR] Failed to load resource: net::ERR_NAME_NOT_RESOLVED @ https://btlr.sharethrough.com/universal/v1?supply_id=WYu2BXv1:0
[ 3254124ms] [WARNING] An iframe which has both allow-scripts and allow-same-origin for its sandbox attribute can escape its sandboxing. @ https://cadmus.script.ac/d1oykxszdrgjgl/script.js:0
[ 3255792ms] [DIR] SyntaxError @ https://js.ad-score.com/score.min.js?pid=1000942&tt=g:1
[ 3255946ms] [ERROR] Failed to load resource: net::ERR_NAME_NOT_RESOLVED @ https://btlr.sharethrough.com/universal/v1?supply_id=WYu2BXv1:0
[ 3256288ms] [TIMEEND] a: 0.01708984375 ms @ https://static.adsafeprotected.com/sca.17.6.4.js:31
[ 3256509ms] [WARNING] The powerPreference option is currently ignored when calling requestAdapter() on Windows. See https://crbug.com/369219127 @ https://js.ad-score.com/score.min.js?pid=1000942&tt=g:1
[ 3256929ms] [WARNING] An iframe which has both allow-scripts and allow-same-origin for its sandbox attribute can escape its sandboxing. @ https://cadmus.script.ac/d1oykxszdrgjgl/script.js:0
[ 3267320ms] [INFO] no errors, v: 3.06.17-R-CRID @ https://cdn.4dvertible.com/native/render.emg.js:0
[ 3284813ms] [ERROR] Failed to load resource: net::ERR_NAME_NOT_RESOLVED @ https://btlr.sharethrough.com/universal/v1?supply_id=WYu2BXv1:0
[ 3286237ms] [WARNING] An iframe which has both allow-scripts and allow-same-origin for its sandbox attribute can escape its sandboxing. @ https://cadmus.script.ac/d1oykxszdrgjgl/script.js:0
[ 3287051ms] [ERROR] Failed to load resource: net::ERR_NAME_NOT_RESOLVED @ https://btlr.sharethrough.com/universal/v1?supply_id=WYu2BXv1:0
[ 3288131ms] [WARNING] An iframe which has both allow-scripts and allow-same-origin for its sandbox attribute can escape its sandboxing. @ https://cadmus.script.ac/d1oykxszdrgjgl/script.js:0
[ 3296492ms] [INFO] no errors, v: 3.06.17-R-CRID @ https://cdn.4dvertible.com/native/render.emg.js:0
[ 3316838ms] [ERROR] Failed to load resource: net::ERR_NAME_NOT_RESOLVED @ https://btlr.sharethrough.com/universal/v1?supply_id=WYu2BXv1:0
[ 3318392ms] [WARNING] An iframe which has both allow-scripts and allow-same-origin for its sandbox attribute can escape its sandboxing. @ https://cadmus.script.ac/d1oykxszdrgjgl/script.js:0
[ 3319076ms] [ERROR] Failed to load resource: net::ERR_NAME_NOT_RESOLVED @ https://btlr.sharethrough.com/universal/v1?supply_id=WYu2BXv1:0
[ 3320221ms] [WARNING] An iframe which has both allow-scripts and allow-same-origin for its sandbox attribute can escape its sandboxing. @ https://cadmus.script.ac/d1oykxszdrgjgl/script.js:0
[ 3328993ms] [INFO] no errors, v: 3.06.17-R-CRID @ https://cdn.4dvertible.com/native/render.emg.js:0
[ 3330458ms] [INFO] no errors, v: 3.06.17-R-CRID @ https://cdn.4dvertible.com/native/render.emg.js:0
[ 3348865ms] [ERROR] Failed to load resource: net::ERR_NAME_NOT_RESOLVED @ https://btlr.sharethrough.com/universal/v1?supply_id=WYu2BXv1:0
[ 3350220ms] [WARNING] An iframe which has both allow-scripts and allow-same-origin for its sandbox attribute can escape its sandboxing. @ https://cadmus.script.ac/d1oykxszdrgjgl/script.js:0
[ 3351019ms] [ERROR] Failed to load resource: net::ERR_NAME_NOT_RESOLVED @ https://btlr.sharethrough.com/universal/v1?supply_id=WYu2BXv1:0
[ 3352166ms] [WARNING] An iframe which has both allow-scripts and allow-same-origin for its sandbox attribute can escape its sandboxing. @ https://cadmus.script.ac/d1oykxszdrgjgl/script.js:0
[ 3360447ms] [INFO] no errors, v: 3.06.17-R-CRID @ https://cdn.4dvertible.com/native/render.emg.js:0
[ 3380946ms] [ERROR] Failed to load resource: net::ERR_NAME_NOT_RESOLVED @ https://btlr.sharethrough.com/universal/v1?supply_id=WYu2BXv1:0
[ 3381669ms] [ERROR] Failed to load resource: net::ERR_CONNECTION_CLOSED @ https://securepubads.g.doubleclick.net/gampad/ads?pvsid=2815079433205422&correlator=1315629737928494&eid=122880890%2C122881166&output=ldjh&gdfp_req=1&vrg=202609180101&ptt=17&impl=fifs&gdpr=0&us_privacy=1---&gpp_sid=-1&iu_parts=21726375739%3A21952009853%2Cnamu.wiki_14766%2Cleaderboard_11645&enc_prev_ius=%2F0%2F1%2F2&prev_iu_szs=728x90%7C970x90&ifi=213&didk=2953531394&dids=TIAcaBMNxRrx_1790278566869_807&adfs=2466843023&sfv=1-0-45&sc=1&cookie=ID%3D4b93338d0230bf0c%3AT%3D1790274183%3ART%3D1790278504%3AS%3DALNI_MZqOoWs11_nNSjRcmMJjLeiCgllOA&gpic=UID%3D00001585e06575a9%3AT%3D1790274183%3ART%3D1790278504%3AS%3DALNI_MZ3uDgUQzYquXCFVUojQJzU8dlUQA&abxe=1&dt=1790278566882&lmt=1790278566&adxs=41&adys=267&biw=1021&bih=850&scr_x=0&scr_y=0&btvi=0&ucis=5x&oid=2&u_his=22&u_h=1067&u_w=1707&u_ah=1019&u_aw=1707&u_cd=24&u_sd=1.5&u_tz=540&dmc=16&bc=31&nvt=1&uach=WyJXaW5kb3dzIiwiMTkuMC4wIiwieDg2IiwiIiwiMTUzLjAuODAxMC41MyIsbnVsbCwwLG51bGwsIjY0IixbWyJHb29nbGUgQ2hyb21lIiwiMTUzLjAuODAxMC41MyJdLFsiTm90X0EgQnJhbmQiLCI4LjAuMC4wIl0sWyJDaHJvbWl1bSIsIjE1My4wLjgwMTAuNTMiXV0sMF0.&uas=1&url=https%3A%2F%2Fnamu.wiki%2Fw%2F%25EB%258B%25A4%25EC%258B%259C%2520%25EA%25B9%25A8%25EC%2596%25B4%25EB%2582%259C%2520%25ED%2599%25A9%25EA%25B8%2588%2520%25EC%259A%25B0%25EC%2583%2581%2F%25EC%258A%25A4%25ED%2585%258C%25EC%259D%25B4%25EC%25A7%2580&vis=1&psz=643x90&msz=643x90&fws=4&ohw=643&a3p=EhcKCHJ0YmhvdXNlGLDQmKWNNEgAUgIIag..&ppss=CggIBRIEMTAxNA..&dlt=1790275185745&idt=2617&prev_scp=pb_has_winner%3D1%26pb_cpm%3D1%26pb_bidders%3Dmsft%26pb_size%3D0x0%26pb_above_floor%3D1%26hb_bidder%3Dmsft%26pb_r2_cpm%3D1%26pb_r2_bidders%3Dinmobi-s2s%26pb_r2_size%3D728x90%26pb_r2_above_floor%3D1%26pb_r2_cpmDiff%3D0%26pb_r3_cpm%3D0%26pb_r3_bidders%3Dtriplelift%26pb_r3_size%3D728x90%26pb_r3_deal%3D%26pb_r3_above_floor%3D1%26pb_r3_cpmDiff%3D1%26pb_r4_cpm%3D0%26pb_r4_bidders%3Dtriplelift%26pb_r4_size%3D728x90%26pb_r4_deal%3D%26pb_r4_above_floor%3D1%26pb_r4_cpmDiff%3D0%26pb_has_deals%3D1%26is_ta%3Dtrue%26hb_iv%3D1%26load_count%3Dabove%26pl_type%3Dleaderboard%26mile_floors%3D&cust_params=testgroup%3D64%26liveintent-module%3Dt1-e0%26li-module-enabled%3Don&adks=1744111706&frm=20&cpu=4&eo_id_str=ID%3Db6567d24418f6acd%3AT%3D1790274183%3ART%3D1790278504%3AS%3DAA-AfjasC0AUwffzY_rqbo6F5KjL&pgls=CAA.:0
[ 3382969ms] [ERROR] Failed to load resource: net::ERR_NAME_NOT_RESOLVED @ https://btlr.sharethrough.com/universal/v1?supply_id=WYu2BXv1:0
[ 3383509ms] [WARNING] An iframe which has both allow-scripts and allow-same-origin for its sandbox attribute can escape its sandboxing. @ https://cadmus.script.ac/d1oykxszdrgjgl/script.js:0
[ 3384257ms] [WARNING] An iframe which has both allow-scripts and allow-same-origin for its sandbox attribute can escape its sandboxing. @ https://cadmus.script.ac/d1oykxszdrgjgl/script.js:0
[ 3390459ms] [ERROR] Failed to load resource: the server responded with a status of 503 () @ https://e01.atmtd.com/bidanalytics-event/json?mode=beacon:0
[ 3393837ms] [INFO] no errors, v: 3.06.17-R-CRID @ https://cdn.4dvertible.com/native/render.emg.js:0
[ 3412986ms] [ERROR] Failed to load resource: net::ERR_NAME_NOT_RESOLVED @ https://btlr.sharethrough.com/universal/v1?supply_id=WYu2BXv1:0
[ 3414290ms] [WARNING] An iframe which has both allow-scripts and allow-same-origin for its sandbox attribute can escape its sandboxing. @ https://cadmus.script.ac/d1oykxszdrgjgl/script.js:0
[ 3415071ms] [ERROR] Failed to load resource: net::ERR_NAME_NOT_RESOLVED @ https://btlr.sharethrough.com/universal/v1?supply_id=WYu2BXv1:0
[ 3415969ms] [WARNING] An iframe which has both allow-scripts and allow-same-origin for its sandbox attribute can escape its sandboxing. @ https://cadmus.script.ac/d1oykxszdrgjgl/script.js:0
[ 3423880ms] [ERROR] Failed to load resource: the server responded with a status of 503 () @ https://e01.atmtd.com/bidanalytics-event/json?mode=beacon:0
[ 3424938ms] [INFO] no errors, v: 3.06.17-R-CRID @ https://cdn.4dvertible.com/native/render.emg.js:0
[ 3444893ms] [ERROR] Failed to load resource: net::ERR_NAME_NOT_RESOLVED @ https://btlr.sharethrough.com/universal/v1?supply_id=WYu2BXv1:0
[ 3445843ms] [ERROR] Failed to load resource: net::ERR_NAME_NOT_RESOLVED @ https://btlr.sharethrough.com/universal/v1?supply_id=WYu2BXv1:0
[ 3446017ms] [WARNING] An iframe which has both allow-scripts and allow-same-origin for its sandbox attribute can escape its sandboxing. @ https://cadmus.script.ac/d1oykxszdrgjgl/script.js:0
[ 3447136ms] [WARNING] An iframe which has both allow-scripts and allow-same-origin for its sandbox attribute can escape its sandboxing. @ https://cadmus.script.ac/d1oykxszdrgjgl/script.js:0
[ 3456327ms] [INFO] no errors, v: 3.06.17-R-CRID @ https://cdn.4dvertible.com/native/render.emg.js:0
[ 3457340ms] [INFO] no errors, v: 3.06.17-R-CRID @ https://cdn.4dvertible.com/native/render.emg.js:0
[ 3475769ms] [ERROR] Failed to load resource: net::ERR_NAME_NOT_RESOLVED @ https://btlr.sharethrough.com/universal/v1?supply_id=WYu2BXv1:0
[ 3476967ms] [ERROR] Failed to load resource: net::ERR_NAME_NOT_RESOLVED @ https://btlr.sharethrough.com/universal/v1?supply_id=WYu2BXv1:0
[ 3477051ms] [WARNING] An iframe which has both allow-scripts and allow-same-origin for its sandbox attribute can escape its sandboxing. @ https://cadmus.script.ac/d1oykxszdrgjgl/script.js:0
[ 3478090ms] [WARNING] An iframe which has both allow-scripts and allow-same-origin for its sandbox attribute can escape its sandboxing. @ https://cadmus.script.ac/d1oykxszdrgjgl/script.js:0
[ 3487273ms] [INFO] no errors, v: 3.06.17-R-CRID @ https://cdn.4dvertible.com/native/render.emg.js:0
[ 3506922ms] [ERROR] Failed to load resource: net::ERR_NAME_NOT_RESOLVED @ https://btlr.sharethrough.com/universal/v1?supply_id=WYu2BXv1:0
[ 3507935ms] [ERROR] Failed to load resource: net::ERR_NAME_NOT_RESOLVED @ https://btlr.sharethrough.com/universal/v1?supply_id=WYu2BXv1:0
[ 3508115ms] [WARNING] An iframe which has both allow-scripts and allow-same-origin for its sandbox attribute can escape its sandboxing. @ https://cadmus.script.ac/d1oykxszdrgjgl/script.js:0
[ 3509045ms] [WARNING] An iframe which has both allow-scripts and allow-same-origin for its sandbox attribute can escape its sandboxing. @ https://cadmus.script.ac/d1oykxszdrgjgl/script.js:0
[ 3518382ms] [INFO] no errors, v: 3.06.17-R-CRID @ https://cdn.4dvertible.com/native/render.emg.js:0
[ 3537817ms] [ERROR] Failed to load resource: net::ERR_NAME_NOT_RESOLVED @ https://btlr.sharethrough.com/universal/v1?supply_id=WYu2BXv1:0
[ 3539576ms] [WARNING] An iframe which has both allow-scripts and allow-same-origin for its sandbox attribute can escape its sandboxing. @ https://cadmus.script.ac/d1oykxszdrgjgl/script.js:0
[ 3540240ms] [ERROR] Failed to load resource: net::ERR_NAME_NOT_RESOLVED @ https://btlr.sharethrough.com/universal/v1?supply_id=WYu2BXv1:0
[ 3541663ms] [WARNING] An iframe which has both allow-scripts and allow-same-origin for its sandbox attribute can escape its sandboxing. @ https://cadmus.script.ac/d1oykxszdrgjgl/script.js:0
[ 3541962ms] [ERROR] Unsafe attempt to initiate navigation for frame with URL 'about:blank' from frame with URL 'about:srcdoc'. The frame attempting navigation must be same-origin with the target if navigating to a javascript: url
 @ https://choices.trustarc.com/get?name=pmw2.js:0
[ 3551975ms] [INFO] no errors, v: 3.06.17-R-CRID @ https://cdn.4dvertible.com/native/render.emg.js:0
[ 3569927ms] [ERROR] Failed to load resource: net::ERR_NAME_NOT_RESOLVED @ https://btlr.sharethrough.com/universal/v1?supply_id=WYu2BXv1:0
[ 3571257ms] [WARNING] An iframe which has both allow-scripts and allow-same-origin for its sandbox attribute can escape its sandboxing. @ https://cadmus.script.ac/d1oykxszdrgjgl/script.js:0
[ 3571900ms] [ERROR] Failed to load resource: net::ERR_NAME_NOT_RESOLVED @ https://btlr.sharethrough.com/universal/v1?supply_id=WYu2BXv1:0
[ 3572908ms] [ERROR] Unsafe attempt to initiate navigation for frame with URL 'about:blank' from frame with URL 'about:srcdoc'. The frame attempting navigation must be same-origin with the target if navigating to a javascript: url
 @ https://choices.trustarc.com/get?name=pmw2.js:0
[ 3573019ms] [WARNING] An iframe which has both allow-scripts and allow-same-origin for its sandbox attribute can escape its sandboxing. @ https://cadmus.script.ac/d1oykxszdrgjgl/script.js:0
[ 3601992ms] [ERROR] Failed to load resource: net::ERR_NAME_NOT_RESOLVED @ https://btlr.sharethrough.com/universal/v1?supply_id=WYu2BXv1:0
[ 3602938ms] [ERROR] Failed to load resource: net::ERR_NAME_NOT_RESOLVED @ https://btlr.sharethrough.com/universal/v1?supply_id=WYu2BXv1:0
[ 3603136ms] [WARNING] An iframe which has both allow-scripts and allow-same-origin for its sandbox attribute can escape its sandboxing. @ https://cadmus.script.ac/d1oykxszdrgjgl/script.js:0
[ 3604029ms] [WARNING] An iframe which has both allow-scripts and allow-same-origin for its sandbox attribute can escape its sandboxing. @ https://cadmus.script.ac/d1oykxszdrgjgl/script.js:0
[ 3613356ms] [INFO] no errors, v: 3.06.17-R-CRID @ https://cdn.4dvertible.com/native/render.emg.js:0
[ 3632844ms] [ERROR] Failed to load resource: net::ERR_NAME_NOT_RESOLVED @ https://btlr.sharethrough.com/universal/v1?supply_id=WYu2BXv1:0
[ 3634045ms] [WARNING] An iframe which has both allow-scripts and allow-same-origin for its sandbox attribute can escape its sandboxing. @ https://cadmus.script.ac/d1oykxszdrgjgl/script.js:0
[ 3635002ms] [ERROR] Failed to load resource: net::ERR_NAME_NOT_RESOLVED @ https://btlr.sharethrough.com/universal/v1?supply_id=WYu2BXv1:0
[ 3635545ms] [ERROR] Unsafe attempt to initiate navigation for frame with URL 'about:blank' from frame with URL 'about:srcdoc'. The frame attempting navigation must be same-origin with the target if navigating to a javascript: url
 @ https://choices.trustarc.com/get?name=pmw2.js:0
[ 3636628ms] [WARNING] An iframe which has both allow-scripts and allow-same-origin for its sandbox attribute can escape its sandboxing. @ https://cadmus.script.ac/d1oykxszdrgjgl/script.js:0
[ 3663954ms] [ERROR] Failed to load resource: net::ERR_NAME_NOT_RESOLVED @ https://btlr.sharethrough.com/universal/v1?supply_id=WYu2BXv1:0
[ 3665557ms] [WARNING] An iframe which has both allow-scripts and allow-same-origin for its sandbox attribute can escape its sandboxing. @ https://cadmus.script.ac/d1oykxszdrgjgl/script.js:0
[ 3666877ms] [ERROR] Failed to load resource: net::ERR_NAME_NOT_RESOLVED @ https://btlr.sharethrough.com/universal/v1?supply_id=WYu2BXv1:0
[ 3668233ms] [WARNING] An iframe which has both allow-scripts and allow-same-origin for its sandbox attribute can escape its sandboxing. @ https://cadmus.script.ac/d1oykxszdrgjgl/script.js:0
[ 3675794ms] [INFO] no errors, v: 3.06.17-R-CRID @ https://cdn.4dvertible.com/native/render.emg.js:0
[ 3678455ms] [INFO] no errors, v: 3.06.17-R-CRID @ https://cdn.4dvertible.com/native/render.emg.js:0
[ 3696030ms] [ERROR] Failed to load resource: net::ERR_NAME_NOT_RESOLVED @ https://btlr.sharethrough.com/universal/v1?supply_id=WYu2BXv1:0
[ 3697390ms] [WARNING] An iframe which has both allow-scripts and allow-same-origin for its sandbox attribute can escape its sandboxing. @ https://cadmus.script.ac/d1oykxszdrgjgl/script.js:0
[ 3698926ms] [ERROR] Failed to load resource: net::ERR_NAME_NOT_RESOLVED @ https://btlr.sharethrough.com/universal/v1?supply_id=WYu2BXv1:0
[ 3700067ms] [WARNING] An iframe which has both allow-scripts and allow-same-origin for its sandbox attribute can escape its sandboxing. @ https://cadmus.script.ac/d1oykxszdrgjgl/script.js:0
[ 3707651ms] [INFO] no errors, v: 3.06.17-R-CRID @ https://cdn.4dvertible.com/native/render.emg.js:0
[ 3727907ms] [ERROR] Failed to load resource: net::ERR_NAME_NOT_RESOLVED @ https://btlr.sharethrough.com/universal/v1?supply_id=WYu2BXv1:0
[ 3730976ms] [ERROR] Failed to load resource: net::ERR_NAME_NOT_RESOLVED @ https://btlr.sharethrough.com/universal/v1?supply_id=WYu2BXv1:0
[ 3731998ms] [WARNING] An iframe which has both allow-scripts and allow-same-origin for its sandbox attribute can escape its sandboxing. @ https://cadmus.script.ac/d1oykxszdrgjgl/script.js:0
[ 3759942ms] [ERROR] Failed to load resource: net::ERR_NAME_NOT_RESOLVED @ https://btlr.sharethrough.com/universal/v1?supply_id=WYu2BXv1:0
[ 3761501ms] [WARNING] An iframe which has both allow-scripts and allow-same-origin for its sandbox attribute can escape its sandboxing. @ https://cadmus.script.ac/d1oykxszdrgjgl/script.js:0
[ 3762032ms] [ERROR] Failed to load resource: net::ERR_NAME_NOT_RESOLVED @ https://btlr.sharethrough.com/universal/v1?supply_id=WYu2BXv1:0
[ 3763349ms] [WARNING] An iframe which has both allow-scripts and allow-same-origin for its sandbox attribute can escape its sandboxing. @ https://cadmus.script.ac/d1oykxszdrgjgl/script.js:0
[ 3772039ms] [INFO] no errors, v: 3.06.17-R-CRID @ https://cdn.4dvertible.com/native/render.emg.js:0
[ 3791973ms] [ERROR] Failed to load resource: net::ERR_NAME_NOT_RESOLVED @ https://btlr.sharethrough.com/universal/v1?supply_id=WYu2BXv1:0
[ 3793913ms] [WARNING] An iframe which has both allow-scripts and allow-same-origin for its sandbox attribute can escape its sandboxing. @ https://cadmus.script.ac/d1oykxszdrgjgl/script.js:0
[ 3794120ms] [ERROR] Failed to load resource: net::ERR_NAME_NOT_RESOLVED @ https://btlr.sharethrough.com/universal/v1?supply_id=WYu2BXv1:0
[ 3795375ms] [WARNING] An iframe which has both allow-scripts and allow-same-origin for its sandbox attribute can escape its sandboxing. @ https://cadmus.script.ac/d1oykxszdrgjgl/script.js:0
[ 3804214ms] [INFO] no errors, v: 3.06.17-R-CRID @ https://cdn.4dvertible.com/native/render.emg.js:0
[ 3823968ms] [ERROR] Failed to load resource: net::ERR_NAME_NOT_RESOLVED @ https://btlr.sharethrough.com/universal/v1?supply_id=WYu2BXv1:0
[ 3825436ms] [WARNING] An iframe which has both allow-scripts and allow-same-origin for its sandbox attribute can escape its sandboxing. @ https://cadmus.script.ac/d1oykxszdrgjgl/script.js:0
[ 3825918ms] [ERROR] Failed to load resource: net::ERR_NAME_NOT_RESOLVED @ https://btlr.sharethrough.com/universal/v1?supply_id=WYu2BXv1:0
[ 3827075ms] [WARNING] An iframe which has both allow-scripts and allow-same-origin for its sandbox attribute can escape its sandboxing. @ https://cadmus.script.ac/d1oykxszdrgjgl/script.js:0
[ 3835936ms] [INFO] no errors, v: 3.06.17-R-CRID @ https://cdn.4dvertible.com/native/render.emg.js:0
[ 3855867ms] [ERROR] Failed to load resource: net::ERR_NAME_NOT_RESOLVED @ https://btlr.sharethrough.com/universal/v1?supply_id=WYu2BXv1:0
[ 3857234ms] [WARNING] An iframe which has both allow-scripts and allow-same-origin for its sandbox attribute can escape its sandboxing. @ https://cadmus.script.ac/d1oykxszdrgjgl/script.js:0
[ 3857964ms] [ERROR] Failed to load resource: net::ERR_NAME_NOT_RESOLVED @ https://btlr.sharethrough.com/universal/v1?supply_id=WYu2BXv1:0
[ 3858889ms] [ERROR] Unsafe attempt to initiate navigation for frame with URL 'about:blank' from frame with URL 'about:srcdoc'. The frame attempting navigation must be same-origin with the target if navigating to a javascript: url
 @ https://choices.trustarc.com/get?name=pmw2.js:0
[ 3859340ms] [WARNING] An iframe which has both allow-scripts and allow-same-origin for its sandbox attribute can escape its sandboxing. @ https://cadmus.script.ac/d1oykxszdrgjgl/script.js:0
[ 3887877ms] [ERROR] Failed to load resource: net::ERR_NAME_NOT_RESOLVED @ https://btlr.sharethrough.com/universal/v1?supply_id=WYu2BXv1:0
[ 3889159ms] [WARNING] An iframe which has both allow-scripts and allow-same-origin for its sandbox attribute can escape its sandboxing. @ https://cadmus.script.ac/d1oykxszdrgjgl/script.js:0
[ 3889914ms] [ERROR] Failed to load resource: net::ERR_NAME_NOT_RESOLVED @ https://btlr.sharethrough.com/universal/v1?supply_id=WYu2BXv1:0
[ 3890854ms] [WARNING] An iframe which has both allow-scripts and allow-same-origin for its sandbox attribute can escape its sandboxing. @ https://cadmus.script.ac/d1oykxszdrgjgl/script.js:0
[ 3899388ms] [INFO] no errors, v: 3.06.17-R-CRID @ https://cdn.4dvertible.com/native/render.emg.js:0
[ 3918906ms] [ERROR] Failed to load resource: net::ERR_NAME_NOT_RESOLVED @ https://btlr.sharethrough.com/universal/v1?supply_id=WYu2BXv1:0
[ 3920188ms] [WARNING] An iframe which has both allow-scripts and allow-same-origin for its sandbox attribute can escape its sandboxing. @ https://cadmus.script.ac/d1oykxszdrgjgl/script.js:0
[ 3921093ms] [ERROR] Failed to load resource: net::ERR_NAME_NOT_RESOLVED @ https://btlr.sharethrough.com/universal/v1?supply_id=WYu2BXv1:0
[ 3922196ms] [WARNING] An iframe which has both allow-scripts and allow-same-origin for its sandbox attribute can escape its sandboxing. @ https://cadmus.script.ac/d1oykxszdrgjgl/script.js:0
[ 3930461ms] [INFO] no errors, v: 3.06.17-R-CRID @ https://cdn.4dvertible.com/native/render.emg.js:0
[ 3932468ms] [INFO] no errors, v: 3.06.17-R-CRID @ https://cdn.4dvertible.com/native/render.emg.js:0
[ 3950991ms] [ERROR] Failed to load resource: net::ERR_NAME_NOT_RESOLVED @ https://btlr.sharethrough.com/universal/v1?supply_id=WYu2BXv1:0
[ 3952215ms] [WARNING] An iframe which has both allow-scripts and allow-same-origin for its sandbox attribute can escape its sandboxing. @ https://cadmus.script.ac/d1oykxszdrgjgl/script.js:0
[ 3953088ms] [ERROR] Failed to load resource: net::ERR_NAME_NOT_RESOLVED @ https://btlr.sharethrough.com/universal/v1?supply_id=WYu2BXv1:0
[ 3954419ms] [WARNING] An iframe which has both allow-scripts and allow-same-origin for its sandbox attribute can escape its sandboxing. @ https://cadmus.script.ac/d1oykxszdrgjgl/script.js:0
[ 3962459ms] [INFO] no errors, v: 3.06.17-R-CRID @ https://cdn.4dvertible.com/native/render.emg.js:0
[ 3982932ms] [ERROR] Failed to load resource: net::ERR_NAME_NOT_RESOLVED @ https://btlr.sharethrough.com/universal/v1?supply_id=WYu2BXv1:0
[ 3984931ms] [ERROR] Failed to load resource: net::ERR_NAME_NOT_RESOLVED @ https://btlr.sharethrough.com/universal/v1?supply_id=WYu2BXv1:0
[ 3985895ms] [WARNING] An iframe which has both allow-scripts and allow-same-origin for its sandbox attribute can escape its sandboxing. @ https://cadmus.script.ac/d1oykxszdrgjgl/script.js:0
[ 4014987ms] [ERROR] Failed to load resource: net::ERR_NAME_NOT_RESOLVED @ https://btlr.sharethrough.com/universal/v1?supply_id=WYu2BXv1:0
[ 4015858ms] [ERROR] Failed to load resource: net::ERR_NAME_NOT_RESOLVED @ https://btlr.sharethrough.com/universal/v1?supply_id=WYu2BXv1:0
[ 4017211ms] [WARNING] An iframe which has both allow-scripts and allow-same-origin for its sandbox attribute can escape its sandboxing. @ https://cadmus.script.ac/d1oykxszdrgjgl/script.js:0
[ 4046972ms] [ERROR] Failed to load resource: net::ERR_NAME_NOT_RESOLVED @ https://btlr.sharethrough.com/universal/v1?supply_id=WYu2BXv1:0
[ 4047865ms] [ERROR] Failed to load resource: net::ERR_NAME_NOT_RESOLVED @ https://btlr.sharethrough.com/universal/v1?supply_id=WYu2BXv1:0
[ 4048475ms] [WARNING] An iframe which has both allow-scripts and allow-same-origin for its sandbox attribute can escape its sandboxing. @ https://cadmus.script.ac/d1oykxszdrgjgl/script.js:0
[ 4049184ms] [WARNING] An iframe which has both allow-scripts and allow-same-origin for its sandbox attribute can escape its sandboxing. @ https://cadmus.script.ac/d1oykxszdrgjgl/script.js:0
[ 4058798ms] [INFO] no errors, v: 3.06.17-R-CRID @ https://cdn.4dvertible.com/native/render.emg.js:0
[ 4078843ms] [ERROR] Failed to load resource: net::ERR_NAME_NOT_RESOLVED @ https://btlr.sharethrough.com/universal/v1?supply_id=WYu2BXv1:0
[ 4079983ms] [ERROR] Failed to load resource: net::ERR_NAME_NOT_RESOLVED @ https://btlr.sharethrough.com/universal/v1?supply_id=WYu2BXv1:0
[ 4080116ms] [WARNING] An iframe which has both allow-scripts and allow-same-origin for its sandbox attribute can escape its sandboxing. @ https://cadmus.script.ac/d1oykxszdrgjgl/script.js:0
[ 4080974ms] [WARNING] An iframe which has both allow-scripts and allow-same-origin for its sandbox attribute can escape its sandboxing. @ https://cadmus.script.ac/d1oykxszdrgjgl/script.js:0
[ 4090437ms] [INFO] no errors, v: 3.06.17-R-CRID @ https://cdn.4dvertible.com/native/render.emg.js:0
[ 4110021ms] [ERROR] Failed to load resource: net::ERR_NAME_NOT_RESOLVED @ https://btlr.sharethrough.com/universal/v1?supply_id=WYu2BXv1:0
[ 4110890ms] [ERROR] Failed to load resource: net::ERR_NAME_NOT_RESOLVED @ https://btlr.sharethrough.com/universal/v1?supply_id=WYu2BXv1:0
[ 4111489ms] [WARNING] An iframe which has both allow-scripts and allow-same-origin for its sandbox attribute can escape its sandboxing. @ https://cadmus.script.ac/d1oykxszdrgjgl/script.js:0
[ 4112334ms] [WARNING] An iframe which has both allow-scripts and allow-same-origin for its sandbox attribute can escape its sandboxing. @ https://cadmus.script.ac/d1oykxszdrgjgl/script.js:0
[ 4112954ms] [ERROR] Failed to load resource: net::ERR_CONNECTION_CLOSED @ https://fran.frvr.com/api/v1/usync?bidder=inmobi&gdpr=0&gdpr_consent=&us_privacy=&f=i&uid=ID5-5-5d6880f7-58aa-43e4-a6ef-36ecabc24f33:0
[ 4113386ms] [ERROR] Unsafe attempt to initiate navigation for frame with URL 'about:blank' from frame with URL 'about:srcdoc'. The frame attempting navigation must be same-origin with the target if navigating to a javascript: url
 @ https://choices.trustarc.com/get?name=pmw2.js:0
[ 4112954ms] [ERROR] Failed to load resource: net::ERR_CONNECTION_CLOSED @ https://fran.frvr.com/api/v1/usync?bidder=inmobi&gdpr=0&gdpr_consent=&us_privacy=&f=i&uid=ID5-5-5d6880f7-58aa-43e4-a6ef-36ecabc24f33:0
[ 4141978ms] [ERROR] Failed to load resource: net::ERR_NAME_NOT_RESOLVED @ https://btlr.sharethrough.com/universal/v1?supply_id=WYu2BXv1:0
[ 4142875ms] [ERROR] Failed to load resource: net::ERR_NAME_NOT_RESOLVED @ https://btlr.sharethrough.com/universal/v1?supply_id=WYu2BXv1:0
[ 4144007ms] [WARNING] An iframe which has both allow-scripts and allow-same-origin for its sandbox attribute can escape its sandboxing. @ https://cadmus.script.ac/d1oykxszdrgjgl/script.js:0
[ 4173926ms] [ERROR] Failed to load resource: net::ERR_NAME_NOT_RESOLVED @ https://btlr.sharethrough.com/universal/v1?supply_id=WYu2BXv1:0
[ 4173928ms] [ERROR] Failed to load resource: net::ERR_NAME_NOT_RESOLVED @ https://btlr.sharethrough.com/universal/v1?supply_id=WYu2BXv1:0
[ 4175555ms] [WARNING] An iframe which has both allow-scripts and allow-same-origin for its sandbox attribute can escape its sandboxing. @ https://cadmus.script.ac/d1oykxszdrgjgl/script.js:0
[ 4206041ms] [ERROR] Failed to load resource: net::ERR_NAME_NOT_RESOLVED @ https://btlr.sharethrough.com/universal/v1?supply_id=WYu2BXv1:0
[ 4206046ms] [ERROR] Failed to load resource: net::ERR_NAME_NOT_RESOLVED @ https://btlr.sharethrough.com/universal/v1?supply_id=WYu2BXv1:0
[ 4207577ms] [WARNING] An iframe which has both allow-scripts and allow-same-origin for its sandbox attribute can escape its sandboxing. @ https://cadmus.script.ac/d1oykxszdrgjgl/script.js:0
[ 4238023ms] [ERROR] Failed to load resource: net::ERR_NAME_NOT_RESOLVED @ https://btlr.sharethrough.com/universal/v1?supply_id=WYu2BXv1:0
[ 4238025ms] [ERROR] Failed to load resource: net::ERR_NAME_NOT_RESOLVED @ https://btlr.sharethrough.com/universal/v1?supply_id=WYu2BXv1:0
[ 4239662ms] [WARNING] An iframe which has both allow-scripts and allow-same-origin for its sandbox attribute can escape its sandboxing. @ https://cadmus.script.ac/d1oykxszdrgjgl/script.js:0
[ 4241487ms] [TIMEEND] a: 0.017822265625 ms @ https://static.adsafeprotected.com/sca.17.6.4.js:31
[ 4241723ms] [TIMEEND] a: 0.006103515625 ms @ https://static.adsafeprotected.com/sca.17.6.4.js:31
[ 4269963ms] [ERROR] Failed to load resource: net::ERR_NAME_NOT_RESOLVED @ https://btlr.sharethrough.com/universal/v1?supply_id=WYu2BXv1:0
[ 4269965ms] [ERROR] Failed to load resource: net::ERR_NAME_NOT_RESOLVED @ https://btlr.sharethrough.com/universal/v1?supply_id=WYu2BXv1:0
[ 4271550ms] [WARNING] An iframe which has both allow-scripts and allow-same-origin for its sandbox attribute can escape its sandboxing. @ https://cadmus.script.ac/d1oykxszdrgjgl/script.js:0
[ 4302001ms] [ERROR] Failed to load resource: net::ERR_NAME_NOT_RESOLVED @ https://btlr.sharethrough.com/universal/v1?supply_id=WYu2BXv1:0
[ 4302002ms] [ERROR] Failed to load resource: net::ERR_NAME_NOT_RESOLVED @ https://btlr.sharethrough.com/universal/v1?supply_id=WYu2BXv1:0
[ 4303812ms] [WARNING] An iframe which has both allow-scripts and allow-same-origin for its sandbox attribute can escape its sandboxing. @ https://cadmus.script.ac/d1oykxszdrgjgl/script.js:0
[ 4308086ms] [ERROR] Failed to load resource: the server responded with a status of 503 () @ https://e01.atmtd.com/bidanalytics-event/json?mode=beacon:0
[ 4334088ms] [ERROR] Failed to load resource: net::ERR_NAME_NOT_RESOLVED @ https://btlr.sharethrough.com/universal/v1?supply_id=WYu2BXv1:0
[ 4334089ms] [ERROR] Failed to load resource: net::ERR_NAME_NOT_RESOLVED @ https://btlr.sharethrough.com/universal/v1?supply_id=WYu2BXv1:0
[ 4335614ms] [WARNING] An iframe which has both allow-scripts and allow-same-origin for its sandbox attribute can escape its sandboxing. @ https://cadmus.script.ac/d1oykxszdrgjgl/script.js:0
[ 4366056ms] [ERROR] Failed to load resource: net::ERR_NAME_NOT_RESOLVED @ https://btlr.sharethrough.com/universal/v1?supply_id=WYu2BXv1:0
[ 4366057ms] [ERROR] Failed to load resource: net::ERR_NAME_NOT_RESOLVED @ https://btlr.sharethrough.com/universal/v1?supply_id=WYu2BXv1:0
[ 4367373ms] [WARNING] An iframe which has both allow-scripts and allow-same-origin for its sandbox attribute can escape its sandboxing. @ https://cadmus.script.ac/d1oykxszdrgjgl/script.js:0
[ 4367680ms] [WARNING] An iframe which has both allow-scripts and allow-same-origin for its sandbox attribute can escape its sandboxing. @ https://cadmus.script.ac/d1oykxszdrgjgl/script.js:0
[ 4369406ms] [ERROR] Failed to load resource: the server responded with a status of 400 () @ https://s2s.t13.io/setuid?bidder=inmobi&gdpr=0&gdpr_consent=&us_privacy=&gpp=&gpp_sid=&f=i&uid=ID5-5-5d6880f7-58aa-43e4-a6ef-36ecabc24f33:0
[ 4369878ms] [ERROR] Unsafe attempt to initiate navigation for frame with URL 'about:blank' from frame with URL 'about:srcdoc'. The frame attempting navigation must be same-origin with the target if navigating to a javascript: url
 @ https://choices.trustarc.com/get?name=pmw2.js:0
[ 4369406ms] [ERROR] Failed to load resource: the server responded with a status of 400 () @ https://s2s.t13.io/setuid?bidder=inmobi&gdpr=0&gdpr_consent=&us_privacy=&gpp=&gpp_sid=&f=i&uid=ID5-5-5d6880f7-58aa-43e4-a6ef-36ecabc24f33:0
[ 4390702ms] [ERROR] Failed to load resource: net::ERR_CONNECTION_TIMED_OUT @ https://csync.copper6.com/fbd260923f6815f04a34938c00400dd6.gif?gdpr=0&gdpr_consent=&redir=https%3A%2F%2Fs.ad.smaato.net%2Fc%2F%3FdspId%3D1248%26dspCookie%3D%5BUID%5D%26gdpr%3D0%26gdpr_consent%3D:0
[ 4398039ms] [ERROR] Failed to load resource: net::ERR_NAME_NOT_RESOLVED @ https://btlr.sharethrough.com/universal/v1?supply_id=WYu2BXv1:0
[ 4398041ms] [ERROR] Failed to load resource: net::ERR_NAME_NOT_RESOLVED @ https://btlr.sharethrough.com/universal/v1?supply_id=WYu2BXv1:0
[ 4399971ms] [WARNING] An iframe which has both allow-scripts and allow-same-origin for its sandbox attribute can escape its sandboxing. @ https://cadmus.script.ac/d1oykxszdrgjgl/script.js:0
[ 4430083ms] [ERROR] Failed to load resource: net::ERR_NAME_NOT_RESOLVED @ https://btlr.sharethrough.com/universal/v1?supply_id=WYu2BXv1:0
[ 4430085ms] [ERROR] Failed to load resource: net::ERR_NAME_NOT_RESOLVED @ https://btlr.sharethrough.com/universal/v1?supply_id=WYu2BXv1:0
[ 4431597ms] [WARNING] An iframe which has both allow-scripts and allow-same-origin for its sandbox attribute can escape its sandboxing. @ https://cadmus.script.ac/d1oykxszdrgjgl/script.js:0
[ 4462100ms] [ERROR] Failed to load resource: net::ERR_NAME_NOT_RESOLVED @ https://btlr.sharethrough.com/universal/v1?supply_id=WYu2BXv1:0
[ 4462101ms] [ERROR] Failed to load resource: net::ERR_NAME_NOT_RESOLVED @ https://btlr.sharethrough.com/universal/v1?supply_id=WYu2BXv1:0
[ 4463357ms] [WARNING] An iframe which has both allow-scripts and allow-same-origin for its sandbox attribute can escape its sandboxing. @ https://cadmus.script.ac/d1oykxszdrgjgl/script.js:0
[ 4463765ms] [WARNING] An iframe which has both allow-scripts and allow-same-origin for its sandbox attribute can escape its sandboxing. @ https://cadmus.script.ac/d1oykxszdrgjgl/script.js:0
[ 4465129ms] [ERROR] Unsafe attempt to initiate navigation for frame with URL 'about:blank' from frame with URL 'about:srcdoc'. The frame attempting navigation must be same-origin with the target if navigating to a javascript: url
 @ https://choices.trustarc.com/get?name=pmw2.js:0
[ 4468359ms] [ERROR] Failed to load resource: the server responded with a status of 404 (Not Found) @ https://csync.copper6.com/fbd260923f6815f04a34938c00400dd6.gif?gdpr=0&gdpr_consent=&redir=https%3A%2F%2Fs.ad.smaato.net%2Fc%2F%3FdspId%3D1248%26dspCookie%3D%5BUID%5D%26gdpr%3D0%26gdpr_consent%3D:0
[ 4494063ms] [ERROR] Failed to load resource: net::ERR_NAME_NOT_RESOLVED @ https://btlr.sharethrough.com/universal/v1?supply_id=WYu2BXv1:0
[ 4494064ms] [ERROR] Failed to load resource: net::ERR_NAME_NOT_RESOLVED @ https://btlr.sharethrough.com/universal/v1?supply_id=WYu2BXv1:0
[ 4495747ms] [WARNING] An iframe which has both allow-scripts and allow-same-origin for its sandbox attribute can escape its sandboxing. @ https://cadmus.script.ac/d1oykxszdrgjgl/script.js:0
[ 4495934ms] [WARNING] An iframe which has both allow-scripts and allow-same-origin for its sandbox attribute can escape its sandboxing. @ https://cadmus.script.ac/d1oykxszdrgjgl/script.js:0
[ 4525994ms] [ERROR] Failed to load resource: net::ERR_NAME_NOT_RESOLVED @ https://btlr.sharethrough.com/universal/v1?supply_id=WYu2BXv1:0
[ 4525996ms] [ERROR] Failed to load resource: net::ERR_NAME_NOT_RESOLVED @ https://btlr.sharethrough.com/universal/v1?supply_id=WYu2BXv1:0
[ 4527204ms] [WARNING] An iframe which has both allow-scripts and allow-same-origin for its sandbox attribute can escape its sandboxing. @ https://cadmus.script.ac/d1oykxszdrgjgl/script.js:0
[ 4527652ms] [WARNING] An iframe which has both allow-scripts and allow-same-origin for its sandbox attribute can escape its sandboxing. @ https://cadmus.script.ac/d1oykxszdrgjgl/script.js:0
[ 4528996ms] [ERROR] Unsafe attempt to initiate navigation for frame with URL 'about:blank' from frame with URL 'about:srcdoc'. The frame attempting navigation must be same-origin with the target if navigating to a javascript: url
 @ https://choices.trustarc.com/get?name=pmw2.js:0
[ 4529001ms] [ERROR] Failed to load resource: the server responded with a status of 404 (Not Found) @ https://csync.copper6.com/fbd260923f6815f04a34938c00400dd6.gif?gdpr=0&gdpr_consent=&redir=https%3A%2F%2Fs.ad.smaato.net%2Fc%2F%3FdspId%3D1248%26dspCookie%3D%5BUID%5D%26gdpr%3D0%26gdpr_consent%3D:0
[ 4529001ms] [ERROR] Failed to load resource: the server responded with a status of 404 (Not Found) @ https://csync.copper6.com/fbd260923f6815f04a34938c00400dd6.gif?gdpr=0&gdpr_consent=&redir=https%3A%2F%2Fs.ad.smaato.net%2Fc%2F%3FdspId%3D1248%26dspCookie%3D%5BUID%5D%26gdpr%3D0%26gdpr_consent%3D:0
[ 4557039ms] [ERROR] Failed to load resource: net::ERR_NAME_NOT_RESOLVED @ https://btlr.sharethrough.com/universal/v1?supply_id=WYu2BXv1:0
[ 4557870ms] [ERROR] Failed to load resource: net::ERR_NAME_NOT_RESOLVED @ https://btlr.sharethrough.com/universal/v1?supply_id=WYu2BXv1:0
[ 4559077ms] [WARNING] An iframe which has both allow-scripts and allow-same-origin for its sandbox attribute can escape its sandboxing. @ https://cadmus.script.ac/d1oykxszdrgjgl/script.js:0
[ 4588981ms] [ERROR] Failed to load resource: net::ERR_NAME_NOT_RESOLVED @ https://btlr.sharethrough.com/universal/v1?supply_id=WYu2BXv1:0
[ 4589862ms] [ERROR] Failed to load resource: net::ERR_NAME_NOT_RESOLVED @ https://btlr.sharethrough.com/universal/v1?supply_id=WYu2BXv1:0
[ 4591132ms] [WARNING] An iframe which has both allow-scripts and allow-same-origin for its sandbox attribute can escape its sandboxing. @ https://cadmus.script.ac/d1oykxszdrgjgl/script.js:0
[ 4592725ms] [TIMEEND] a: 0.02001953125 ms @ https://static.adsafeprotected.com/sca.17.6.4.js:31
[ 4592967ms] [TIMEEND] a: 0.004150390625 ms @ https://static.adsafeprotected.com/sca.17.6.4.js:31
[ 4620997ms] [ERROR] Failed to load resource: net::ERR_NAME_NOT_RESOLVED @ https://btlr.sharethrough.com/universal/v1?supply_id=WYu2BXv1:0
[ 4621868ms] [ERROR] Failed to load resource: net::ERR_NAME_NOT_RESOLVED @ https://btlr.sharethrough.com/universal/v1?supply_id=WYu2BXv1:0
[ 4622977ms] [WARNING] An iframe which has both allow-scripts and allow-same-origin for its sandbox attribute can escape its sandboxing. @ https://cadmus.script.ac/d1oykxszdrgjgl/script.js:0
[ 4623889ms] [DIR] SyntaxError @ :0
[ 4625214ms] [TIMEEND] a: 0.01513671875 ms @ https://static.adsafeprotected.com/sca.17.6.4.js:31
[ 4625387ms] [WARNING] The powerPreference option is currently ignored when calling requestAdapter() on Windows. See https://crbug.com/369219127 @ https://js.ad-score.com/score.min.js?pid=1000942&tt=g:1
[ 4653087ms] [ERROR] Failed to load resource: net::ERR_NAME_NOT_RESOLVED @ https://btlr.sharethrough.com/universal/v1?supply_id=WYu2BXv1:0
[ 4653090ms] [ERROR] Failed to load resource: net::ERR_NAME_NOT_RESOLVED @ https://btlr.sharethrough.com/universal/v1?supply_id=WYu2BXv1:0
[ 4654627ms] [WARNING] An iframe which has both allow-scripts and allow-same-origin for its sandbox attribute can escape its sandboxing. @ https://cadmus.script.ac/d1oykxszdrgjgl/script.js:0
[ 4684993ms] [ERROR] Failed to load resource: net::ERR_NAME_NOT_RESOLVED @ https://btlr.sharethrough.com/universal/v1?supply_id=WYu2BXv1:0
[ 4684995ms] [ERROR] Failed to load resource: net::ERR_NAME_NOT_RESOLVED @ https://btlr.sharethrough.com/universal/v1?supply_id=WYu2BXv1:0
[ 4686317ms] [WARNING] An iframe which has both allow-scripts and allow-same-origin for its sandbox attribute can escape its sandboxing. @ https://cadmus.script.ac/d1oykxszdrgjgl/script.js:0
[ 4686731ms] [WARNING] An iframe which has both allow-scripts and allow-same-origin for its sandbox attribute can escape its sandboxing. @ https://cadmus.script.ac/d1oykxszdrgjgl/script.js:0
[ 4687680ms] [ERROR] Failed to load resource: net::ERR_CONNECTION_ABORTED @ https://fran.frvr.com/api/v1/usync?bidder=inmobi&gdpr=0&gdpr_consent=&us_privacy=&f=i&uid=ID5-5-5d6880f7-58aa-43e4-a6ef-36ecabc24f33:0
[ 4688064ms] [ERROR] Unsafe attempt to initiate navigation for frame with URL 'about:blank' from frame with URL 'about:srcdoc'. The frame attempting navigation must be same-origin with the target if navigating to a javascript: url
 @ https://choices.trustarc.com/get?name=pmw2.js:0
[ 4688362ms] [TIMEEND] a: 0.006103515625 ms @ https://static.adsafeprotected.com/sca.17.6.4.js:31
[ 4687680ms] [ERROR] Failed to load resource: net::ERR_CONNECTION_ABORTED @ https://fran.frvr.com/api/v1/usync?bidder=inmobi&gdpr=0&gdpr_consent=&us_privacy=&f=i&uid=ID5-5-5d6880f7-58aa-43e4-a6ef-36ecabc24f33:0
[ 4688839ms] [TIMEEND] a: 0.0068359375 ms @ https://static.adsafeprotected.com/sca.17.6.4.js:31
[ 4689149ms] [ERROR] Failed to load resource: the server responded with a status of 404 (Not Found) @ https://us.shb-sync.com/bf2ecb77-8b3f-11ed-9a3c-0cc47a787f5e.gif?puid=[UID]&redir=https%3A%2F%2Fs.ad.smaato.net%2Fc%2F%3FdspId%3D1074%26dspCookie%3D%5BUID%5D%26gdpr%3D0%26gdpr_consent%3D&gdpr=0&gdpr_consent=:0
[ 4717098ms] [ERROR] Failed to load resource: net::ERR_NAME_NOT_RESOLVED @ https://btlr.sharethrough.com/universal/v1?supply_id=WYu2BXv1:0
[ 4717100ms] [ERROR] Failed to load resource: net::ERR_NAME_NOT_RESOLVED @ https://btlr.sharethrough.com/universal/v1?supply_id=WYu2BXv1:0
[ 4718231ms] [WARNING] An iframe which has both allow-scripts and allow-same-origin for its sandbox attribute can escape its sandboxing. @ https://cadmus.script.ac/d1oykxszdrgjgl/script.js:0
[ 4718662ms] [WARNING] An iframe which has both allow-scripts and allow-same-origin for its sandbox attribute can escape its sandboxing. @ https://cadmus.script.ac/d1oykxszdrgjgl/script.js:0
[ 4719822ms] [DIR] SyntaxError @ https://js.ad-score.com/score.min.js?pid=1000942&tt=g:1
[ 4720361ms] [TIMEEND] a: 0.004150390625 ms @ https://static.adsafeprotected.com/sca.17.6.4.js:31
[ 4720459ms] [TIMEEND] a: 0.0048828125 ms @ https://static.adsafeprotected.com/sca.17.6.4.js:31
[ 4720710ms] [TIMEEND] a: 0.004150390625 ms @ https://static.adsafeprotected.com/sca.17.6.4.js:31
[ 4720897ms] [WARNING] The powerPreference option is currently ignored when calling requestAdapter() on Windows. See https://crbug.com/369219127 @ https://js.ad-score.com/score.min.js?pid=1000942&tt=g:1
[ 4749114ms] [ERROR] Failed to load resource: net::ERR_NAME_NOT_RESOLVED @ https://btlr.sharethrough.com/universal/v1?supply_id=WYu2BXv1:0
[ 4749115ms] [ERROR] Failed to load resource: net::ERR_NAME_NOT_RESOLVED @ https://btlr.sharethrough.com/universal/v1?supply_id=WYu2BXv1:0
[ 4750615ms] [WARNING] An iframe which has both allow-scripts and allow-same-origin for its sandbox attribute can escape its sandboxing. @ https://cadmus.script.ac/d1oykxszdrgjgl/script.js:0
[ 4750937ms] [WARNING] An iframe which has both allow-scripts and allow-same-origin for its sandbox attribute can escape its sandboxing. @ https://cadmus.script.ac/d1oykxszdrgjgl/script.js:0
[ 4751887ms] [DIR] SyntaxError @ https://js.ad-score.com/score.min.js?pid=1000942&tt=g:1
[ 4752351ms] [WARNING] Unrecognized feature: 'attribution-reporting'. @ https://www.googletagservices.com/dcm/impl_v107.js:109
[ 4752440ms] [TIMEEND] a: 0.008056640625 ms @ https://static.adsafeprotected.com/sca.17.6.4.js:31
[ 4752873ms] [WARNING] The powerPreference option is currently ignored when calling requestAdapter() on Windows. See https://crbug.com/369219127 @ https://js.ad-score.com/score.min.js?pid=1000942&tt=g:1
[ 4753053ms] [ERROR] Failed to load resource: net::ERR_NAME_NOT_RESOLVED @ https://sync.search.spotxchange.com/partner?adv_id=7715&uid=8677253299447972844:0
[ 4758952ms] [ERROR] Failed to load resource: net::ERR_TOO_MANY_REDIRECTS @ https://user-sync.fwmrm.net/ad/u?mode=user-register&dspid=54&dspuid=18072661907531376719&gdpr=&gdpr_consent=:0
[ 4781169ms] [ERROR] Failed to load resource: net::ERR_NAME_NOT_RESOLVED @ https://btlr.sharethrough.com/universal/v1?supply_id=WYu2BXv1:0
[ 4781170ms] [ERROR] Failed to load resource: net::ERR_NAME_NOT_RESOLVED @ https://btlr.sharethrough.com/universal/v1?supply_id=WYu2BXv1:0
[ 4782511ms] [WARNING] An iframe which has both allow-scripts and allow-same-origin for its sandbox attribute can escape its sandboxing. @ https://cadmus.script.ac/d1oykxszdrgjgl/script.js:0
[ 4782897ms] [WARNING] An iframe which has both allow-scripts and allow-same-origin for its sandbox attribute can escape its sandboxing. @ https://cadmus.script.ac/d1oykxszdrgjgl/script.js:0
[ 4784130ms] [TIMEEND] a: 0.006103515625 ms @ https://static.adsafeprotected.com/sca.17.6.4.js:31
[ 4784472ms] [ERROR] Unsafe attempt to initiate navigation for frame with URL 'about:blank' from frame with URL 'about:srcdoc'. The frame attempting navigation must be same-origin with the target if navigating to a javascript: url
 @ https://choices.trustarc.com/get?name=pmw2.js:0
[ 4784647ms] [TIMEEND] a: 0.0068359375 ms @ https://static.adsafeprotected.com/sca.17.6.4.js:31
[ 4784749ms] [ERROR] Failed to load resource: the server responded with a status of 404 (Not Found) @ https://us.shb-sync.com/bf2ecb77-8b3f-11ed-9a3c-0cc47a787f5e.gif?puid=[UID]&redir=https%3A%2F%2Fs.ad.smaato.net%2Fc%2F%3FdspId%3D1074%26dspCookie%3D%5BUID%5D%26gdpr%3D0%26gdpr_consent%3D&gdpr=0&gdpr_consent=:0
[ 4784749ms] [ERROR] Failed to load resource: the server responded with a status of 404 (Not Found) @ https://us.shb-sync.com/bf2ecb77-8b3f-11ed-9a3c-0cc47a787f5e.gif?puid=[UID]&redir=https%3A%2F%2Fs.ad.smaato.net%2Fc%2F%3FdspId%3D1074%26dspCookie%3D%5BUID%5D%26gdpr%3D0%26gdpr_consent%3D&gdpr=0&gdpr_consent=:0
[ 4813109ms] [ERROR] Failed to load resource: net::ERR_NAME_NOT_RESOLVED @ https://btlr.sharethrough.com/universal/v1?supply_id=WYu2BXv1:0
[ 4813111ms] [ERROR] Failed to load resource: net::ERR_NAME_NOT_RESOLVED @ https://btlr.sharethrough.com/universal/v1?supply_id=WYu2BXv1:0
[ 4814729ms] [WARNING] An iframe which has both allow-scripts and allow-same-origin for its sandbox attribute can escape its sandboxing. @ https://cadmus.script.ac/d1oykxszdrgjgl/script.js:0
[ 4814926ms] [WARNING] An iframe which has both allow-scripts and allow-same-origin for its sandbox attribute can escape its sandboxing. @ https://cadmus.script.ac/d1oykxszdrgjgl/script.js:0
[ 4816460ms] [DIR] SyntaxError @ https://js.ad-score.com/score.min.js?pid=1000942&tt=g:1
[ 4816882ms] [TIMEEND] a: 0.00390625 ms @ https://static.adsafeprotected.com/sca.17.6.4.js:31
[ 4817445ms] [WARNING] The powerPreference option is currently ignored when calling requestAdapter() on Windows. See https://crbug.com/369219127 @ https://js.ad-score.com/score.min.js?pid=1000942&tt=g:1
[ 4845109ms] [ERROR] Failed to load resource: net::ERR_NAME_NOT_RESOLVED @ https://btlr.sharethrough.com/universal/v1?supply_id=WYu2BXv1:0
[ 4845114ms] [ERROR] Failed to load resource: net::ERR_NAME_NOT_RESOLVED @ https://btlr.sharethrough.com/universal/v1?supply_id=WYu2BXv1:0
[ 4846768ms] [WARNING] An iframe which has both allow-scripts and allow-same-origin for its sandbox attribute can escape its sandboxing. @ https://cadmus.script.ac/d1oykxszdrgjgl/script.js:0
[ 4846932ms] [WARNING] An iframe which has both allow-scripts and allow-same-origin for its sandbox attribute can escape its sandboxing. @ https://cadmus.script.ac/d1oykxszdrgjgl/script.js:0
[ 4848523ms] [DIR] SyntaxError @ https://js.ad-score.com/score.min.js?pid=1000942&tt=g:1
[ 4848941ms] [TIMEEND] a: 0.004150390625 ms @ https://static.adsafeprotected.com/sca.17.6.4.js:31
[ 4848953ms] [TIMEEND] a: 0.0029296875 ms @ https://static.adsafeprotected.com/sca.17.6.4.js:31
[ 4849285ms] [TIMEEND] a: 0.0068359375 ms @ https://static.adsafeprotected.com/sca.17.6.4.js:31
[ 4849490ms] [WARNING] The powerPreference option is currently ignored when calling requestAdapter() on Windows. See https://crbug.com/369219127 @ https://js.ad-score.com/score.min.js?pid=1000942&tt=g:1
[ 4877166ms] [ERROR] Failed to load resource: net::ERR_NAME_NOT_RESOLVED @ https://btlr.sharethrough.com/universal/v1?supply_id=WYu2BXv1:0
[ 4877167ms] [ERROR] Failed to load resource: net::ERR_NAME_NOT_RESOLVED @ https://btlr.sharethrough.com/universal/v1?supply_id=WYu2BXv1:0
[ 4878781ms] [WARNING] An iframe which has both allow-scripts and allow-same-origin for its sandbox attribute can escape its sandboxing. @ https://cadmus.script.ac/d1oykxszdrgjgl/script.js:0
[ 4880401ms] [TIMEEND] a: 0.007080078125 ms @ https://static.adsafeprotected.com/sca.17.6.4.js:31
[ 4880659ms] [TIMEEND] a: 0.00390625 ms @ https://static.adsafeprotected.com/sca.17.6.4.js:31
[ 4909087ms] [ERROR] Failed to load resource: net::ERR_NAME_NOT_RESOLVED @ https://btlr.sharethrough.com/universal/v1?supply_id=WYu2BXv1:0
[ 4909089ms] [ERROR] Failed to load resource: net::ERR_NAME_NOT_RESOLVED @ https://btlr.sharethrough.com/universal/v1?supply_id=WYu2BXv1:0
[ 4910878ms] [WARNING] An iframe which has both allow-scripts and allow-same-origin for its sandbox attribute can escape its sandboxing. @ https://cadmus.script.ac/d1oykxszdrgjgl/script.js:0
[ 4941084ms] [ERROR] Failed to load resource: net::ERR_NAME_NOT_RESOLVED @ https://btlr.sharethrough.com/universal/v1?supply_id=WYu2BXv1:0
[ 4941086ms] [ERROR] Failed to load resource: net::ERR_NAME_NOT_RESOLVED @ https://btlr.sharethrough.com/universal/v1?supply_id=WYu2BXv1:0
[ 4942659ms] [WARNING] An iframe which has both allow-scripts and allow-same-origin for its sandbox attribute can escape its sandboxing. @ https://cadmus.script.ac/d1oykxszdrgjgl/script.js:0
[ 4973092ms] [ERROR] Failed to load resource: net::ERR_NAME_NOT_RESOLVED @ https://btlr.sharethrough.com/universal/v1?supply_id=WYu2BXv1:0
[ 4973094ms] [ERROR] Failed to load resource: net::ERR_NAME_NOT_RESOLVED @ https://btlr.sharethrough.com/universal/v1?supply_id=WYu2BXv1:0
[ 4974409ms] [WARNING] An iframe which has both allow-scripts and allow-same-origin for its sandbox attribute can escape its sandboxing. @ https://cadmus.script.ac/d1oykxszdrgjgl/script.js:0
[ 4974462ms] [ERROR] Access to XMLHttpRequest at 'https://sf.vntsm.com/secure.html' from origin 'https://namu.wiki' has been blocked by CORS policy: No 'Access-Control-Allow-Origin' header is present on the requested resource. @ https://namu.wiki/w/%EB%8B%A4%EC%8B%9C%20%EA%B9%A8%EC%96%B4%EB%82%9C%20%ED%99%A9%EA%B8%88%20%EC%9A%B0%EC%83%81/%EC%8A%A4%ED%85%8C%EC%9D%B4%EC%A7%80:0
[ 4974463ms] [ERROR] Failed to load resource: net::ERR_FAILED @ https://sf.vntsm.com/secure.html:0
[ 4974695ms] [WARNING] An iframe which has both allow-scripts and allow-same-origin for its sandbox attribute can escape its sandboxing. @ https://cadmus.script.ac/d1oykxszdrgjgl/script.js:0
[ 4977011ms] [TIMEEND] a: 0.0029296875 ms @ https://static.adsafeprotected.com/sca.17.6.4.js:31
[ 4977615ms] [TIMEEND] a: 0.0048828125 ms @ https://static.adsafeprotected.com/sca.17.6.4.js:31
[ 5005110ms] [ERROR] Failed to load resource: net::ERR_NAME_NOT_RESOLVED @ https://btlr.sharethrough.com/universal/v1?supply_id=WYu2BXv1:0
[ 5005112ms] [ERROR] Failed to load resource: net::ERR_NAME_NOT_RESOLVED @ https://btlr.sharethrough.com/universal/v1?supply_id=WYu2BXv1:0
[ 5006472ms] [WARNING] An iframe which has both allow-scripts and allow-same-origin for its sandbox attribute can escape its sandboxing. @ https://cadmus.script.ac/d1oykxszdrgjgl/script.js:0
[ 5006747ms] [WARNING] An iframe which has both allow-scripts and allow-same-origin for its sandbox attribute can escape its sandboxing. @ https://cadmus.script.ac/d1oykxszdrgjgl/script.js:0
[ 5008158ms] [ERROR] Unsafe attempt to initiate navigation for frame with URL 'about:blank' from frame with URL 'about:srcdoc'. The frame attempting navigation must be same-origin with the target if navigating to a javascript: url
 @ https://choices.trustarc.com/get?name=pmw2.js:0
[ 5008443ms] [TIMEEND] a: 0.00390625 ms @ https://static.adsafeprotected.com/sca.17.6.4.js:31
[ 5008558ms] [ERROR] Failed to load resource: net::ERR_NAME_NOT_RESOLVED @ https://s2s.atmtd.com/s2s/setuid?bidder=inmobi&gdpr=0&gdpr_consent=&gpp=&gpp_sid=&f=i&uid=ID5-5-5d6880f7-58aa-43e4-a6ef-36ecabc24f33:0
[ 5009151ms] [TIMEEND] a: 0.006103515625 ms @ https://static.adsafeprotected.com/sca.17.6.4.js:31
[ 5008558ms] [ERROR] Failed to load resource: net::ERR_NAME_NOT_RESOLVED @ https://s2s.atmtd.com/s2s/setuid?bidder=inmobi&gdpr=0&gdpr_consent=&gpp=&gpp_sid=&f=i&uid=ID5-5-5d6880f7-58aa-43e4-a6ef-36ecabc24f33:0
[ 5010953ms] [ERROR] Failed to load resource: the server responded with a status of 404 (Not Found) @ https://us.shb-sync.com/bf2ecb77-8b3f-11ed-9a3c-0cc47a787f5e.gif?puid=[UID]&redir=https%3A%2F%2Fs.ad.smaato.net%2Fc%2F%3FdspId%3D1074%26dspCookie%3D%5BUID%5D%26gdpr%3D0%26gdpr_consent%3D&gdpr=0&gdpr_consent=:0
[ 5037131ms] [ERROR] Failed to load resource: net::ERR_NAME_NOT_RESOLVED @ https://btlr.sharethrough.com/universal/v1?supply_id=WYu2BXv1:0
[ 5037133ms] [ERROR] Failed to load resource: net::ERR_NAME_NOT_RESOLVED @ https://btlr.sharethrough.com/universal/v1?supply_id=WYu2BXv1:0
[ 5038888ms] [WARNING] An iframe which has both allow-scripts and allow-same-origin for its sandbox attribute can escape its sandboxing. @ https://cadmus.script.ac/d1oykxszdrgjgl/script.js:0
[ 5040308ms] [TIMEEND] a: 0.007080078125 ms @ https://static.adsafeprotected.com/sca.17.6.4.js:31
[ 5040559ms] [TIMEEND] a: 0.005859375 ms @ https://static.adsafeprotected.com/sca.17.6.4.js:31
[ 5069169ms] [ERROR] Failed to load resource: net::ERR_NAME_NOT_RESOLVED @ https://btlr.sharethrough.com/universal/v1?supply_id=WYu2BXv1:0
[ 5069170ms] [ERROR] Failed to load resource: net::ERR_NAME_NOT_RESOLVED @ https://btlr.sharethrough.com/universal/v1?supply_id=WYu2BXv1:0
[ 5070757ms] [WARNING] An iframe which has both allow-scripts and allow-same-origin for its sandbox attribute can escape its sandboxing. @ https://cadmus.script.ac/d1oykxszdrgjgl/script.js:0
[ 5072208ms] [TIMEEND] a: 0.006103515625 ms @ https://static.adsafeprotected.com/sca.17.6.4.js:31
[ 5072473ms] [TIMEEND] a: 0.004150390625 ms @ https://static.adsafeprotected.com/sca.17.6.4.js:31
[ 5101063ms] [ERROR] Failed to load resource: net::ERR_NAME_NOT_RESOLVED @ https://btlr.sharethrough.com/universal/v1?supply_id=WYu2BXv1:0
[ 5101065ms] [ERROR] Failed to load resource: net::ERR_NAME_NOT_RESOLVED @ https://btlr.sharethrough.com/universal/v1?supply_id=WYu2BXv1:0
[ 5102462ms] [WARNING] An iframe which has both allow-scripts and allow-same-origin for its sandbox attribute can escape its sandboxing. @ https://cadmus.script.ac/d1oykxszdrgjgl/script.js:0
[ 5102932ms] [WARNING] An iframe which has both allow-scripts and allow-same-origin for its sandbox attribute can escape its sandboxing. @ https://cadmus.script.ac/d1oykxszdrgjgl/script.js:0
[ 5103198ms] [ERROR] Access to XMLHttpRequest at 'https://pagead2.googlesyndication.com/pagead/s/cookie_push_onload.html#aHR0cHM6Ly9haWQuc2VuZC5taWNyb2FkLmpwL2cvYXNyP2dvb2dsZV9naWQ9Q0FFU0VCVUN6THBNWDZHeU9veUstTlhMLXJzJmdvb2dsZV9jdmVyPTEmZ29vZ2xlX3B1c2g9QWJlb1hZeDR4UDJQVTduYjFsWU9Ec1k2cUJyS012SHUxaG9jUlF5WmdHdVJzc3FMeWQ2aVlJa2NvbmV4c0tJSWg1VUpvbmc5cE56end3aHpUZ0JhOHJ1VU9xQmsyMDlrNzdCeWJGS0tvZTBnSTc4MnNjOWtyZHpQOU5SVE92OVV0TmoxMWVJSy0zcy11WFhqakctdC1feDhSaVU=,aHR0cHM6Ly95Lm9uZS5pbXBhY3QtYWQuanAvdWxfY2IvZWJkYV9jcz9nb29nbGVfZ2lkPUNBRVNFUEh3NXFoenlfdkEtbDZYZEhSNGxacyZnb29nbGVfY3Zlcj0xJmdvb2dsZV9wdXNoPUFiZW9YWXdXQ0NwVU5QbGtMZXJOT0U2YW1saXlGbHpQd2p5YnBTR2U2cFNrUVI0c1hmQVM2V3RZTG9sQl9rMVBaZzFwWEVQN0dCUWNDTjVNRDFIeUdRNFplRU9qVjhPZWJYN3ZoNU00RlhIZUswMnpZZnZVb2lhNU0yVlVrbUh2ejFIcld5ZndaUVQ2NHFyb1pWLVlldHdYWWJ3,aHR0cHM6Ly9ndy1pYWQtYmlkLnltbW9iaS5jb20vYWR4L3VzZXIvY29va2llX3N5bj9wdWJpZD1aMjl2WjJ4bFlXUjQmZ29vZ2xlX2dpZD1DQUVTRUZyWFgxZzlFN2h0SWh4c29vYVFFbzQmZ29vZ2xlX2N2ZXI9MSZnb29nbGVfcHVzaD1BYmVvWFl3cnNSOGg3aE5oLXJ0ajRkYkxLd1g0YnBpb095NUlqa0luSUN4QnRRWXlHdzA3Q3NRcjJwdDBxN2JzMDJNd2d6TnFpSnoxemdQOUVodnR5VVpBdzZoR2JhMDFJOFpmSW9HR1E4ejVxVmVtd3BNVzJFa1A5b0JMQzBtcmRUdVd4Qmc5UVR6S3haOXJ1UFMwRDFsU2FwVXU=,aHR0cHM6Ly9jbS5nLmRvdWJsZWNsaWNrLm5ldC9waXhlbC9hdHRyP2Q9QUhORjEzS3YwTmh1QzJoUjNiZWl3aWlVcDM4djlYa1g4XzhGVklsUkduN09JWW4za3Y4' from origin 'https://namu.wiki' has been blocked by CORS policy: No 'Access-Control-Allow-Origin' header is present on the requested resource. @ https://namu.wiki/w/%EB%8B%A4%EC%8B%9C%20%EA%B9%A8%EC%96%B4%EB%82%9C%20%ED%99%A9%EA%B8%88%20%EC%9A%B0%EC%83%81/%EC%8A%A4%ED%85%8C%EC%9D%B4%EC%A7%80:0
[ 5103200ms] [ERROR] Failed to load resource: net::ERR_FAILED @ https://pagead2.googlesyndication.com/pagead/s/cookie_push_onload.html#aHR0cHM6Ly9haWQuc2VuZC5taWNyb2FkLmpwL2cvYXNyP2dvb2dsZV9naWQ9Q0FFU0VCVUN6THBNWDZHeU9veUstTlhMLXJzJmdvb2dsZV9jdmVyPTEmZ29vZ2xlX3B1c2g9QWJlb1hZeDR4UDJQVTduYjFsWU9Ec1k2cUJyS012SHUxaG9jUlF5WmdHdVJzc3FMeWQ2aVlJa2NvbmV4c0tJSWg1VUpvbmc5cE56end3aHpUZ0JhOHJ1VU9xQmsyMDlrNzdCeWJGS0tvZTBnSTc4MnNjOWtyZHpQOU5SVE92OVV0TmoxMWVJSy0zcy11WFhqakctdC1feDhSaVU=,aHR0cHM6Ly95Lm9uZS5pbXBhY3QtYWQuanAvdWxfY2IvZWJkYV9jcz9nb29nbGVfZ2lkPUNBRVNFUEh3NXFoenlfdkEtbDZYZEhSNGxacyZnb29nbGVfY3Zlcj0xJmdvb2dsZV9wdXNoPUFiZW9YWXdXQ0NwVU5QbGtMZXJOT0U2YW1saXlGbHpQd2p5YnBTR2U2cFNrUVI0c1hmQVM2V3RZTG9sQl9rMVBaZzFwWEVQN0dCUWNDTjVNRDFIeUdRNFplRU9qVjhPZWJYN3ZoNU00RlhIZUswMnpZZnZVb2lhNU0yVlVrbUh2ejFIcld5ZndaUVQ2NHFyb1pWLVlldHdYWWJ3,aHR0cHM6Ly9ndy1pYWQtYmlkLnltbW9iaS5jb20vYWR4L3VzZXIvY29va2llX3N5bj9wdWJpZD1aMjl2WjJ4bFlXUjQmZ29vZ2xlX2dpZD1DQUVTRUZyWFgxZzlFN2h0SWh4c29vYVFFbzQmZ29vZ2xlX2N2ZXI9MSZnb29nbGVfcHVzaD1BYmVvWFl3cnNSOGg3aE5oLXJ0ajRkYkxLd1g0YnBpb095NUlqa0luSUN4QnRRWXlHdzA3Q3NRcjJwdDBxN2JzMDJNd2d6TnFpSnoxemdQOUVodnR5VVpBdzZoR2JhMDFJOFpmSW9HR1E4ejVxVmVtd3BNVzJFa1A5b0JMQzBtcmRUdVd4Qmc5UVR6S3haOXJ1UFMwRDFsU2FwVXU=,aHR0cHM6Ly9jbS5nLmRvdWJsZWNsaWNrLm5ldC9waXhlbC9hdHRyP2Q9QUhORjEzS3YwTmh1QzJoUjNiZWl3aWlVcDM4djlYa1g4XzhGVklsUkduN09JWW4za3Y4:0
[ 5133097ms] [ERROR] Failed to load resource: net::ERR_NAME_NOT_RESOLVED @ https://btlr.sharethrough.com/universal/v1?supply_id=WYu2BXv1:0
[ 5133098ms] [ERROR] Failed to load resource: net::ERR_NAME_NOT_RESOLVED @ https://btlr.sharethrough.com/universal/v1?supply_id=WYu2BXv1:0
[ 5134397ms] [WARNING] An iframe which has both allow-scripts and allow-same-origin for its sandbox attribute can escape its sandboxing. @ https://cadmus.script.ac/d1oykxszdrgjgl/script.js:0
[ 5134762ms] [WARNING] An iframe which has both allow-scripts and allow-same-origin for its sandbox attribute can escape its sandboxing. @ https://cadmus.script.ac/d1oykxszdrgjgl/script.js:0
[ 5136398ms] [TIMEEND] a: 0.01904296875 ms @ https://static.adsafeprotected.com/sca.17.6.4.js:31
[ 5136633ms] [TIMEEND] a: 0.0048828125 ms @ https://static.adsafeprotected.com/sca.17.6.4.js:31
[ 5165031ms] [ERROR] Failed to load resource: net::ERR_NAME_NOT_RESOLVED @ https://btlr.sharethrough.com/universal/v1?supply_id=WYu2BXv1:0
[ 5165032ms] [ERROR] Failed to load resource: net::ERR_NAME_NOT_RESOLVED @ https://btlr.sharethrough.com/universal/v1?supply_id=WYu2BXv1:0
[ 5166483ms] [WARNING] An iframe which has both allow-scripts and allow-same-origin for its sandbox attribute can escape its sandboxing. @ https://cadmus.script.ac/d1oykxszdrgjgl/script.js:0
[ 5166832ms] [WARNING] An iframe which has both allow-scripts and allow-same-origin for its sandbox attribute can escape its sandboxing. @ https://cadmus.script.ac/d1oykxszdrgjgl/script.js:0
[ 5167669ms] [WARNING] Unrecognized feature: 'attribution-reporting'. @ https://www.googletagservices.com/dcm/impl_v107.js:109
[ 5168367ms] [DIR] SyntaxError @ https://js.ad-score.com/score.min.js?pid=1000942&tt=g:1
[ 5168397ms] [LOG] Ignoring gdpr_consent param, it should be a non empty value @ https://acdn.adnxs.com/prebid/universal-creative/load-cookie.html?max_sync_count=30&gdpr=0&gdpr_consent=&account=806&source=amp:9
[ 5168500ms] [LOG] Invoking image pixel user sync for bidder: "harrenmedia" @ https://acdn.adnxs.com/prebid/universal-creative/load-cookie.html?max_sync_count=30&gdpr=0&gdpr_consent=&account=806&source=amp:9
[ 5168961ms] [TIMEEND] a: 0.00390625 ms @ https://static.adsafeprotected.com/sca.17.6.4.js:31
[ 5169205ms] [LOG] Invoking image pixel user sync for bidder: "adot" @ https://acdn.adnxs.com/prebid/universal-creative/load-cookie.html?max_sync_count=30&gdpr=0&gdpr_consent=&account=806&source=amp:9
[ 5169632ms] [WARNING] The powerPreference option is currently ignored when calling requestAdapter() on Windows. See https://crbug.com/369219127 @ https://js.ad-score.com/score.min.js?pid=1000942&tt=g:1
[ 5170110ms] [LOG] Invoking image pixel user sync for bidder: "prismassp" @ https://acdn.adnxs.com/prebid/universal-creative/load-cookie.html?max_sync_count=30&gdpr=0&gdpr_consent=&account=806&source=amp:9
[ 5170701ms] [LOG] Invoking image pixel user sync for bidder: "screencore" @ https://acdn.adnxs.com/prebid/universal-creative/load-cookie.html?max_sync_count=30&gdpr=0&gdpr_consent=&account=806&source=amp:9
[ 5171386ms] [ERROR] Failed to load resource: net::ERR_CERT_COMMON_NAME_INVALID @ https://cs.screencore.io/pbserver?gdpr=&gdpr_consent=&coppa=&gpp=&gpp_sid=&redir=https%3A%2F%2Fib.adnxs.com%2Fprebid%2Fsetuid%3Fbidder%3Dscreencore%26gdpr%3D%26gdpr_consent%3D%26gpp%3D%26gpp_sid%3D%26f%3Di%26uid%3D%5BUID%5D:0
[ 5171387ms] [LOG] Invoking image pixel user sync for bidder: "152media" @ https://acdn.adnxs.com/prebid/universal-creative/load-cookie.html?max_sync_count=30&gdpr=0&gdpr_consent=&account=806&source=amp:9
[ 5172505ms] [LOG] Invoking image pixel user sync for bidder: "grid" @ https://acdn.adnxs.com/prebid/universal-creative/load-cookie.html?max_sync_count=30&gdpr=0&gdpr_consent=&account=806&source=amp:9
[ 5172577ms] [LOG] Invoking image pixel user sync for bidder: "ucfunnel" @ https://acdn.adnxs.com/prebid/universal-creative/load-cookie.html?max_sync_count=30&gdpr=0&gdpr_consent=&account=806&source=amp:9
[ 5174380ms] [LOG] Invoking image pixel user sync for bidder: "kiviads" @ https://acdn.adnxs.com/prebid/universal-creative/load-cookie.html?max_sync_count=30&gdpr=0&gdpr_consent=&account=806&source=amp:9
[ 5174436ms] [ERROR] Failed to load resource: net::ERR_NAME_NOT_RESOLVED @ https://sync.kiviads.com/pserver?gdpr=&gdpr_consent=&ccpa=&redir=https%3A%2F%2Fib.adnxs.com%2Fprebid%2Fsetuid%3Fbidder%3Dkiviads%26gdpr%3D%26gdpr_consent%3D%26gpp%3D%26gpp_sid%3D%26f%3Di%26uid%3D%5BUID%5D:0
[ 5174437ms] [LOG] Invoking image pixel user sync for bidder: "nativo" @ https://acdn.adnxs.com/prebid/universal-creative/load-cookie.html?max_sync_count=30&gdpr=0&gdpr_consent=&account=806&source=amp:9
[ 5174903ms] [LOG] Invoking image pixel user sync for bidder: "smartadserver" @ https://acdn.adnxs.com/prebid/universal-creative/load-cookie.html?max_sync_count=30&gdpr=0&gdpr_consent=&account=806&source=amp:9
[ 5175274ms] [LOG] Invoking image pixel user sync for bidder: "marsmedia" @ https://acdn.adnxs.com/prebid/universal-creative/load-cookie.html?max_sync_count=30&gdpr=0&gdpr_consent=&account=806&source=amp:9
[ 5175798ms] [LOG] Invoking image pixel user sync for bidder: "playdigo" @ https://acdn.adnxs.com/prebid/universal-creative/load-cookie.html?max_sync_count=30&gdpr=0&gdpr_consent=&account=806&source=amp:9
[ 5176578ms] [LOG] Invoking image pixel user sync for bidder: "adverxo" @ https://acdn.adnxs.com/prebid/universal-creative/load-cookie.html?max_sync_count=30&gdpr=0&gdpr_consent=&account=806&source=amp:9
[ 5176983ms] [LOG] Invoking image pixel user sync for bidder: "metax" @ https://acdn.adnxs.com/prebid/universal-creative/load-cookie.html?max_sync_count=30&gdpr=0&gdpr_consent=&account=806&source=amp:9
[ 5178302ms] [LOG] Invoking image pixel user sync for bidder: "orbidder" @ https://acdn.adnxs.com/prebid/universal-creative/load-cookie.html?max_sync_count=30&gdpr=0&gdpr_consent=&account=806&source=amp:9
[ 5179214ms] [LOG] Invoking image pixel user sync for bidder: "openx" @ https://acdn.adnxs.com/prebid/universal-creative/load-cookie.html?max_sync_count=30&gdpr=0&gdpr_consent=&account=806&source=amp:9
[ 5179372ms] [LOG] Invoking image pixel user sync for bidder: "adsinteractive" @ https://acdn.adnxs.com/prebid/universal-creative/load-cookie.html?max_sync_count=30&gdpr=0&gdpr_consent=&account=806&source=amp:9
[ 5180355ms] [LOG] Invoking image pixel user sync for bidder: "cwire" @ https://acdn.adnxs.com/prebid/universal-creative/load-cookie.html?max_sync_count=30&gdpr=0&gdpr_consent=&account=806&source=amp:9
[ 5181309ms] [LOG] Invoking image pixel user sync for bidder: "outbrain" @ https://acdn.adnxs.com/prebid/universal-creative/load-cookie.html?max_sync_count=30&gdpr=0&gdpr_consent=&account=806&source=amp:9
[ 5181908ms] [LOG] Invoking image pixel user sync for bidder: "smartyads" @ https://acdn.adnxs.com/prebid/universal-creative/load-cookie.html?max_sync_count=30&gdpr=0&gdpr_consent=&account=806&source=amp:9
[ 5182611ms] [LOG] Invoking image pixel user sync for bidder: "driftpixel" @ https://acdn.adnxs.com/prebid/universal-creative/load-cookie.html?max_sync_count=30&gdpr=0&gdpr_consent=&account=806&source=amp:9
[ 5183897ms] [LOG] Invoking image pixel user sync for bidder: "vox" @ https://acdn.adnxs.com/prebid/universal-creative/load-cookie.html?max_sync_count=30&gdpr=0&gdpr_consent=&account=806&source=amp:9
[ 5184574ms] [LOG] Invoking image pixel user sync for bidder: "mobilefuse" @ https://acdn.adnxs.com/prebid/universal-creative/load-cookie.html?max_sync_count=30&gdpr=0&gdpr_consent=&account=806&source=amp:9
[ 5185037ms] [LOG] Invoking image pixel user sync for bidder: "progx" @ https://acdn.adnxs.com/prebid/universal-creative/load-cookie.html?max_sync_count=30&gdpr=0&gdpr_consent=&account=806&source=amp:9
[ 5186026ms] [LOG] Invoking image pixel user sync for bidder: "yieldlab" @ https://acdn.adnxs.com/prebid/universal-creative/load-cookie.html?max_sync_count=30&gdpr=0&gdpr_consent=&account=806&source=amp:9
[ 5186238ms] [LOG] Invoking image pixel user sync for bidder: "jixie" @ https://acdn.adnxs.com/prebid/universal-creative/load-cookie.html?max_sync_count=30&gdpr=0&gdpr_consent=&account=806&source=amp:9
[ 5186288ms] [ERROR] Failed to load resource: net::ERR_NAME_NOT_RESOLVED @ https://id.jixie.io/api/sync?pid=&gdpr=&gdpr_consent=&us_privacy=&redirect=https%3A%2F%2Fib.adnxs.com%2Fprebid%2Fsetuid%3Fbidder%3Djixie%26gdpr%3D%26gdpr_consent%3D%26gpp%3D%26gpp_sid%3D%26f%3Di%26uid%3D%25%25JXUID%25%25:0
[ 5186288ms] [LOG] Invoking image pixel user sync for bidder: "rtbhouse" @ https://acdn.adnxs.com/prebid/universal-creative/load-cookie.html?max_sync_count=30&gdpr=0&gdpr_consent=&account=806&source=amp:9
[ 5186583ms] [LOG] Invoking image pixel user sync for bidder: "pgamssp" @ https://acdn.adnxs.com/prebid/universal-creative/load-cookie.html?max_sync_count=30&gdpr=0&gdpr_consent=&account=806&source=amp:9
[ 5187220ms] [ERROR] Failed to load resource: the server responded with a status of 404 (Not Found) @ https://cs.pgammedia.com/pserver?gdpr=&gdpr_consent=&us_privacy=&gpp=&gpp_sid=&redir=https%3A%2F%2Fib.adnxs.com%2Fprebid%2Fsetuid%3Fbidder%3Dpgamssp%26gdpr%3D%26gdpr_consent%3D%26gpp%3D%26gpp_sid%3D%26f%3Di%26uid%3D%5BUID%5D:0
[ 5187221ms] [LOG] Invoking image pixel user sync for bidder: "rocketlab" @ https://acdn.adnxs.com/prebid/universal-creative/load-cookie.html?max_sync_count=30&gdpr=0&gdpr_consent=&account=806&source=amp:9
[ 5197321ms] [ERROR] Failed to load resource: net::ERR_NAME_NOT_RESOLVED @ https://btlr.sharethrough.com/universal/v1?supply_id=WYu2BXv1:0
[ 5197323ms] [ERROR] Failed to load resource: net::ERR_NAME_NOT_RESOLVED @ https://btlr.sharethrough.com/universal/v1?supply_id=WYu2BXv1:0
[ 5198867ms] [WARNING] An iframe which has both allow-scripts and allow-same-origin for its sandbox attribute can escape its sandboxing. @ https://cadmus.script.ac/d1oykxszdrgjgl/script.js:0
[ 5200412ms] [TIMEEND] a: 0.00390625 ms @ https://static.adsafeprotected.com/sca.17.6.4.js:31
[ 5200652ms] [TIMEEND] a: 0.007080078125 ms @ https://static.adsafeprotected.com/sca.17.6.4.js:31
[ 5229232ms] [ERROR] Failed to load resource: net::ERR_NAME_NOT_RESOLVED @ https://btlr.sharethrough.com/universal/v1?supply_id=WYu2BXv1:0
[ 5229234ms] [ERROR] Failed to load resource: net::ERR_NAME_NOT_RESOLVED @ https://btlr.sharethrough.com/universal/v1?supply_id=WYu2BXv1:0
[ 5230765ms] [WARNING] An iframe which has both allow-scripts and allow-same-origin for its sandbox attribute can escape its sandboxing. @ https://cadmus.script.ac/d1oykxszdrgjgl/script.js:0
[ 5232157ms] [ERROR] Refused to execute script from 'https://ipds.adrta.com/i?__x=GLJFHNMFGGICJKHBHAGJKPKMGMIHFLOHMGNIAFLQGGOHKJJGIM@NOIGNINHEHJILMJINGHCGMNEJOELLKHFKCIMKHOFNGJGMOQLJFJJG@HOOFGMHLILJGL@ECG@G&clid=opx&paid=sc&avid=537073277&caid=537096182&publisherId=537144009&plid=556717913&siteId=564240250&kv1=300x600&kv2=https%3A%2F%2Fnamu.wiki%2Fw%2F%25EB%258B%25A4%25EC%258B%259C%2520%25EA%25B9%25A8%25EC%2596%25B4%25EB%2582%259C%2520%25ED%2599%25A9%25EA%25B8%2588%2520%25EC%259A%25B0%25EC%2583%2581%2F%25EC%258A%25A4%25ED%2585%258C%25EC%259D%25B4%25EC%25A7%2...!venatus.com,6982f479ce0299b4acd37cc1,1,,,!openx.com,537144009,1,9df76ef3-2d35-483a-b7d2-3dc36b334e91,,&kv10=&kv25=&kv26=Windows&kv28=Microsoft&kv62=&kv63=&kv9=&kv13=&kv3=61ba4b5a-3d62-4b51-a19b-7381b795afba&kv27=Mozilla%2F5.0+%28Windows+NT+10.0%3B+Win64%3B+x64%29+AppleWebKit%2F537.36+%28KHTML%2C+like+Gecko%29+Chrome%2F153.0.0.0+Safari%2F537.36&kv7=e28d7acf-93a0-46c9-a8ec-e3ef1912fa28&kv14=&kv16=37.389&kv17=127.119&kv12=564240254&kv18=&kv19=&kv23=450-02%2C450-04%2C450-08&kv24=Desktop_Display&cb=467682#opx' because its MIME type ('image/gif') is not executable. @ https://sf.vntsm.com/secure.html:0
[ 5232250ms] [TIMEEND] a: 0.005126953125 ms @ https://static.adsafeprotected.com/sca.17.6.4.js:31
[ 5232484ms] [TIMEEND] a: 0.006103515625 ms @ https://static.adsafeprotected.com/sca.17.6.4.js:31
[ 5261042ms] [ERROR] Failed to load resource: net::ERR_NAME_NOT_RESOLVED @ https://btlr.sharethrough.com/universal/v1?supply_id=WYu2BXv1:0
[ 5261046ms] [ERROR] Failed to load resource: net::ERR_NAME_NOT_RESOLVED @ https://btlr.sharethrough.com/universal/v1?supply_id=WYu2BXv1:0
[ 5262711ms] [WARNING] An iframe which has both allow-scripts and allow-same-origin for its sandbox attribute can escape its sandboxing. @ https://cadmus.script.ac/d1oykxszdrgjgl/script.js:0
[ 5262935ms] [WARNING] An iframe which has both allow-scripts and allow-same-origin for its sandbox attribute can escape its sandboxing. @ https://cadmus.script.ac/d1oykxszdrgjgl/script.js:0
[ 5264659ms] [ERROR] Failed to load resource: the server responded with a status of 400 () @ https://s2s.t13.io/setuid?bidder=inmobi&gdpr=0&gdpr_consent=&us_privacy=&gpp=&gpp_sid=&f=i&uid=ID5-5-5d6880f7-58aa-43e4-a6ef-36ecabc24f33:0
[ 5264797ms] [ERROR] Unsafe attempt to initiate navigation for frame with URL 'about:blank' from frame with URL 'about:srcdoc'. The frame attempting navigation must be same-origin with the target if navigating to a javascript: url
 @ https://choices.trustarc.com/get?name=pmw2.js:0
[ 5264659ms] [ERROR] Failed to load resource: the server responded with a status of 400 () @ https://s2s.t13.io/setuid?bidder=inmobi&gdpr=0&gdpr_consent=&us_privacy=&gpp=&gpp_sid=&f=i&uid=ID5-5-5d6880f7-58aa-43e4-a6ef-36ecabc24f33:0
[ 5293150ms] [ERROR] Failed to load resource: net::ERR_NAME_NOT_RESOLVED @ https://btlr.sharethrough.com/universal/v1?supply_id=WYu2BXv1:0
[ 5293153ms] [ERROR] Failed to load resource: net::ERR_NAME_NOT_RESOLVED @ https://btlr.sharethrough.com/universal/v1?supply_id=WYu2BXv1:0
[ 5294760ms] [WARNING] An iframe which has both allow-scripts and allow-same-origin for its sandbox attribute can escape its sandboxing. @ https://cadmus.script.ac/d1oykxszdrgjgl/script.js:0
[ 5294973ms] [LOG] prvk mpu banner JSHandle@node @ :0
[ 5295112ms] [LOG] inject.js injected @ :0
[ 5295114ms] [LOG] isGdrpGeo false KR @ :0
[ 5295115ms] [LOG] typeof __tcfApi undefined @ :0
[ 5295115ms] [LOG] hasConsent: true @ :0
[ 5300296ms] [ERROR] Failed to load resource: the server responded with a status of 503 () @ https://e01.atmtd.com/bidanalytics-event/json?mode=beacon:0
[ 5325258ms] [ERROR] Failed to load resource: net::ERR_NAME_NOT_RESOLVED @ https://btlr.sharethrough.com/universal/v1?supply_id=WYu2BXv1:0
[ 5325260ms] [ERROR] Failed to load resource: net::ERR_NAME_NOT_RESOLVED @ https://btlr.sharethrough.com/universal/v1?supply_id=WYu2BXv1:0
[ 5326769ms] [WARNING] An iframe which has both allow-scripts and allow-same-origin for its sandbox attribute can escape its sandboxing. @ https://cadmus.script.ac/d1oykxszdrgjgl/script.js:0
[ 5326976ms] [LOG] prvk mpu banner JSHandle@node @ :0
[ 5327073ms] [LOG] inject.js injected @ :0
[ 5327075ms] [LOG] isGdrpGeo false KR @ :0
[ 5327075ms] [LOG] typeof __tcfApi undefined @ :0
[ 5327075ms] [LOG] hasConsent: true @ :0
[ 5357215ms] [ERROR] Failed to load resource: net::ERR_NAME_NOT_RESOLVED @ https://btlr.sharethrough.com/universal/v1?supply_id=WYu2BXv1:0
[ 5357217ms] [ERROR] Failed to load resource: net::ERR_NAME_NOT_RESOLVED @ https://btlr.sharethrough.com/universal/v1?supply_id=WYu2BXv1:0
[ 5358715ms] [WARNING] An iframe which has both allow-scripts and allow-same-origin for its sandbox attribute can escape its sandboxing. @ https://cadmus.script.ac/d1oykxszdrgjgl/script.js:0
[ 5358991ms] [LOG] prvk mpu banner JSHandle@node @ :0
[ 5359095ms] [LOG] inject.js injected @ :0
[ 5359097ms] [LOG] isGdrpGeo false KR @ :0
[ 5359097ms] [LOG] typeof __tcfApi undefined @ :0
[ 5359097ms] [LOG] hasConsent: true @ :0
[ 5389231ms] [ERROR] Failed to load resource: net::ERR_NAME_NOT_RESOLVED @ https://btlr.sharethrough.com/universal/v1?supply_id=WYu2BXv1:0
[ 5389233ms] [ERROR] Failed to load resource: net::ERR_NAME_NOT_RESOLVED @ https://btlr.sharethrough.com/universal/v1?supply_id=WYu2BXv1:0
[ 5390673ms] [WARNING] An iframe which has both allow-scripts and allow-same-origin for its sandbox attribute can escape its sandboxing. @ https://cadmus.script.ac/d1oykxszdrgjgl/script.js:0
[ 5391060ms] [WARNING] An iframe which has both allow-scripts and allow-same-origin for its sandbox attribute can escape its sandboxing. @ https://cadmus.script.ac/d1oykxszdrgjgl/script.js:0
[ 5392599ms] [TIMEEND] a: 0.0068359375 ms @ https://static.adsafeprotected.com/sca.17.6.4.js:31
[ 5393056ms] [TIMEEND] a: 0.006103515625 ms @ https://static.adsafeprotected.com/sca.17.6.4.js:31
[ 5420994ms] [ERROR] Failed to load resource: net::ERR_NAME_NOT_RESOLVED @ https://btlr.sharethrough.com/universal/v1?supply_id=WYu2BXv1:0
[ 5420996ms] [ERROR] Failed to load resource: net::ERR_NAME_NOT_RESOLVED @ https://btlr.sharethrough.com/universal/v1?supply_id=WYu2BXv1:0
[ 5422323ms] [WARNING] An iframe which has both allow-scripts and allow-same-origin for its sandbox attribute can escape its sandboxing. @ https://cadmus.script.ac/d1oykxszdrgjgl/script.js:0
[ 5422738ms] [WARNING] An iframe which has both allow-scripts and allow-same-origin for its sandbox attribute can escape its sandboxing. @ https://cadmus.script.ac/d1oykxszdrgjgl/script.js:0
[ 5424074ms] [TIMEEND] a: 0.005126953125 ms @ https://static.adsafeprotected.com/sca.17.6.4.js:31
[ 5424467ms] [ERROR] Unsafe attempt to initiate navigation for frame with URL 'about:blank' from frame with URL 'about:srcdoc'. The frame attempting navigation must be same-origin with the target if navigating to a javascript: url
 @ https://choices.trustarc.com/get?name=pmw2.js:0
[ 5424523ms] [TIMEEND] a: 0.006103515625 ms @ https://static.adsafeprotected.com/sca.17.6.4.js:31
[ 5424622ms] [ERROR] Failed to load resource: net::ERR_NAME_NOT_RESOLVED @ https://sync.tidaltv.com/GenericUserSync.ashx?dpid=335:0
[ 5424622ms] [ERROR] Failed to load resource: net::ERR_NAME_NOT_RESOLVED @ https://sync.tidaltv.com/GenericUserSync.ashx?dpid=335:0
[ 5453156ms] [ERROR] Failed to load resource: net::ERR_NAME_NOT_RESOLVED @ https://btlr.sharethrough.com/universal/v1?supply_id=WYu2BXv1:0
[ 5453158ms] [ERROR] Failed to load resource: net::ERR_NAME_NOT_RESOLVED @ https://btlr.sharethrough.com/universal/v1?supply_id=WYu2BXv1:0
[ 5454756ms] [WARNING] An iframe which has both allow-scripts and allow-same-origin for its sandbox attribute can escape its sandboxing. @ https://cadmus.script.ac/d1oykxszdrgjgl/script.js:0
[ 5454922ms] [LOG] prvk mpu banner JSHandle@node @ :0
[ 5454998ms] [LOG] inject.js injected @ :0
[ 5455001ms] [LOG] isGdrpGeo false KR @ :0
[ 5455001ms] [LOG] typeof __tcfApi undefined @ :0
[ 5455001ms] [LOG] hasConsent: true @ :0
[ 5485349ms] [ERROR] Failed to load resource: net::ERR_NAME_NOT_RESOLVED @ https://btlr.sharethrough.com/universal/v1?supply_id=WYu2BXv1:0
[ 5485350ms] [ERROR] Failed to load resource: net::ERR_NAME_NOT_RESOLVED @ https://btlr.sharethrough.com/universal/v1?supply_id=WYu2BXv1:0
[ 5486779ms] [WARNING] An iframe which has both allow-scripts and allow-same-origin for its sandbox attribute can escape its sandboxing. @ https://cadmus.script.ac/d1oykxszdrgjgl/script.js:0
[ 5486875ms] [WARNING] An iframe which has both allow-scripts and allow-same-origin for its sandbox attribute can escape its sandboxing. @ https://cadmus.script.ac/d1oykxszdrgjgl/script.js:0
[ 5489393ms] [DIR] SyntaxError @ https://js.ad-score.com/score.min.js?pid=1000942&tt=g:1
[ 5490418ms] [TIMEEND] a: 0.009033203125 ms @ https://static.adsafeprotected.com/sca.17.6.4.js:31
[ 5491888ms] [WARNING] The powerPreference option is currently ignored when calling requestAdapter() on Windows. See https://crbug.com/369219127 @ https://js.ad-score.com/score.min.js?pid=1000942&tt=g:1
[ 5517422ms] [ERROR] Failed to load resource: net::ERR_NAME_NOT_RESOLVED @ https://btlr.sharethrough.com/universal/v1?supply_id=WYu2BXv1:0
[ 5517425ms] [ERROR] Failed to load resource: net::ERR_NAME_NOT_RESOLVED @ https://btlr.sharethrough.com/universal/v1?supply_id=WYu2BXv1:0
[ 5518801ms] [WARNING] An iframe which has both allow-scripts and allow-same-origin for its sandbox attribute can escape its sandboxing. @ https://cadmus.script.ac/d1oykxszdrgjgl/script.js:0
[ 5520721ms] [DIR] SyntaxError @ https://js.ad-score.com/score.min.js?pid=1000942&tt=g:1
[ 5521531ms] [TIMEEND] a: 0.006103515625 ms @ https://static.adsafeprotected.com/sca.17.6.4.js:31
[ 5522408ms] [WARNING] The powerPreference option is currently ignored when calling requestAdapter() on Windows. See https://crbug.com/369219127 @ https://js.ad-score.com/score.min.js?pid=1000942&tt=g:1
[ 5549316ms] [ERROR] Failed to load resource: net::ERR_NAME_NOT_RESOLVED @ https://btlr.sharethrough.com/universal/v1?supply_id=WYu2BXv1:0
[ 5549320ms] [ERROR] Failed to load resource: net::ERR_NAME_NOT_RESOLVED @ https://btlr.sharethrough.com/universal/v1?supply_id=WYu2BXv1:0
[ 5550777ms] [WARNING] An iframe which has both allow-scripts and allow-same-origin for its sandbox attribute can escape its sandboxing. @ https://cadmus.script.ac/d1oykxszdrgjgl/script.js:0
[ 5552807ms] [ERROR] Unsafe attempt to initiate navigation for frame with URL 'about:blank' from frame with URL 'about:srcdoc'. The frame attempting navigation must be same-origin with the target if navigating to a javascript: url
 @ https://choices.trustarc.com/get?name=pmw2.js:0
[ 5553712ms] [ERROR] Failed to load resource: net::ERR_NAME_NOT_RESOLVED @ https://s2s.atmtd.com/s2s/setuid?bidder=inmobi&gdpr=0&gdpr_consent=&gpp=&gpp_sid=&f=i&uid=ID5-5-5d6880f7-58aa-43e4-a6ef-36ecabc24f33:0
[ 5555174ms] [ERROR] Failed to load resource: net::ERR_CONNECTION_CLOSED @ https://csync.loopme.me/?pubid=9724&gdpr=0&gdpr_consent=&redirect=https%3A%2F%2Fsync.inmobi.com%2Fsetuid%3FbidderID%3D109%26dspUserId%3D%7Bviewer_token%7D:0
[ 5553712ms] [ERROR] Failed to load resource: net::ERR_NAME_NOT_RESOLVED @ https://s2s.atmtd.com/s2s/setuid?bidder=inmobi&gdpr=0&gdpr_consent=&gpp=&gpp_sid=&f=i&uid=ID5-5-5d6880f7-58aa-43e4-a6ef-36ecabc24f33:0
[ 5555174ms] [ERROR] Failed to load resource: net::ERR_CONNECTION_CLOSED @ https://csync.loopme.me/?pubid=9724&gdpr=0&gdpr_consent=&redirect=https%3A%2F%2Fsync.inmobi.com%2Fsetuid%3FbidderID%3D109%26dspUserId%3D%7Bviewer_token%7D:0
[ 5581356ms] [ERROR] Failed to load resource: net::ERR_NAME_NOT_RESOLVED @ https://btlr.sharethrough.com/universal/v1?supply_id=WYu2BXv1:0
[ 5581358ms] [ERROR] Failed to load resource: net::ERR_NAME_NOT_RESOLVED @ https://btlr.sharethrough.com/universal/v1?supply_id=WYu2BXv1:0
[ 5583010ms] [WARNING] An iframe which has both allow-scripts and allow-same-origin for its sandbox attribute can escape its sandboxing. @ https://cadmus.script.ac/d1oykxszdrgjgl/script.js:0
[ 5584749ms] [DIR] SyntaxError @ https://js.ad-score.com/score.min.js?pid=1000942&tt=g:1
[ 5585560ms] [TIMEEND] a: 0.008056640625 ms @ https://static.adsafeprotected.com/sca.17.6.4.js:31
[ 5587063ms] [WARNING] The powerPreference option is currently ignored when calling requestAdapter() on Windows. See https://crbug.com/369219127 @ https://js.ad-score.com/score.min.js?pid=1000942&tt=g:1
[ 5613232ms] [ERROR] Failed to load resource: net::ERR_NAME_NOT_RESOLVED @ https://btlr.sharethrough.com/universal/v1?supply_id=WYu2BXv1:0
[ 5613233ms] [ERROR] Failed to load resource: net::ERR_NAME_NOT_RESOLVED @ https://btlr.sharethrough.com/universal/v1?supply_id=WYu2BXv1:0
[ 5614660ms] [WARNING] An iframe which has both allow-scripts and allow-same-origin for its sandbox attribute can escape its sandboxing. @ https://cadmus.script.ac/d1oykxszdrgjgl/script.js:0
[ 5615043ms] [WARNING] An iframe which has both allow-scripts and allow-same-origin for its sandbox attribute can escape its sandboxing. @ https://cadmus.script.ac/d1oykxszdrgjgl/script.js:0
[ 5616244ms] [DIR] SyntaxError @ https://js.ad-score.com/score.min.js?pid=1000942&tt=g:1
[ 5617242ms] [TIMEEND] a: 0.0068359375 ms @ https://static.adsafeprotected.com/sca.17.6.4.js:31
[ 5617758ms] [DIR] SyntaxError @ https://js.ad-score.com/score.min.js?pid=1000942&tt=g:1
[ 5618314ms] [TIMEEND] a: 0.007080078125 ms @ https://static.adsafeprotected.com/sca.17.6.4.js:31
[ 5619159ms] [WARNING] The powerPreference option is currently ignored when calling requestAdapter() on Windows. See https://crbug.com/369219127 @ https://js.ad-score.com/score.min.js?pid=1000942&tt=g:1
[ 5619861ms] [WARNING] The powerPreference option is currently ignored when calling requestAdapter() on Windows. See https://crbug.com/369219127 @ https://js.ad-score.com/score.min.js?pid=1000942&tt=g:1
[ 5645468ms] [ERROR] Failed to load resource: net::ERR_NAME_NOT_RESOLVED @ https://btlr.sharethrough.com/universal/v1?supply_id=WYu2BXv1:0
[ 5645476ms] [ERROR] Failed to load resource: net::ERR_NAME_NOT_RESOLVED @ https://btlr.sharethrough.com/universal/v1?supply_id=WYu2BXv1:0
[ 5646770ms] [WARNING] An iframe which has both allow-scripts and allow-same-origin for its sandbox attribute can escape its sandboxing. @ https://cadmus.script.ac/d1oykxszdrgjgl/script.js:0
[ 5677199ms] [ERROR] Failed to load resource: net::ERR_NAME_NOT_RESOLVED @ https://btlr.sharethrough.com/universal/v1?supply_id=WYu2BXv1:0
[ 5677200ms] [ERROR] Failed to load resource: net::ERR_NAME_NOT_RESOLVED @ https://btlr.sharethrough.com/universal/v1?supply_id=WYu2BXv1:0
[ 5678668ms] [WARNING] An iframe which has both allow-scripts and allow-same-origin for its sandbox attribute can escape its sandboxing. @ https://cadmus.script.ac/d1oykxszdrgjgl/script.js:0
[ 5680455ms] [DIR] SyntaxError @ https://js.ad-score.com/score.min.js?pid=1000942&tt=g:1
[ 5681483ms] [TIMEEND] a: 0.007080078125 ms @ https://static.adsafeprotected.com/sca.17.6.4.js:31
[ 5682656ms] [TIMEEND] a: 0.006103515625 ms @ https://static.adsafeprotected.com/sca.17.6.4.js:31
[ 5683648ms] [WARNING] The powerPreference option is currently ignored when calling requestAdapter() on Windows. See https://crbug.com/369219127 @ https://js.ad-score.com/score.min.js?pid=1000942&tt=g:1
[ 5709639ms] [ERROR] Failed to load resource: net::ERR_NAME_NOT_RESOLVED @ https://btlr.sharethrough.com/universal/v1?supply_id=WYu2BXv1:0
[ 5709641ms] [ERROR] Failed to load resource: net::ERR_NAME_NOT_RESOLVED @ https://btlr.sharethrough.com/universal/v1?supply_id=WYu2BXv1:0
[ 5710807ms] [WARNING] An iframe which has both allow-scripts and allow-same-origin for its sandbox attribute can escape its sandboxing. @ https://cadmus.script.ac/d1oykxszdrgjgl/script.js:0
[ 5712432ms] [DIR] SyntaxError @ https://js.ad-score.com/score.min.js?pid=1000942&tt=g:1
[ 5713201ms] [TIMEEND] a: 0.0068359375 ms @ https://static.adsafeprotected.com/sca.17.6.4.js:31
[ 5714103ms] [WARNING] The powerPreference option is currently ignored when calling requestAdapter() on Windows. See https://crbug.com/369219127 @ https://js.ad-score.com/score.min.js?pid=1000942&tt=g:1
[ 5741329ms] [ERROR] Failed to load resource: net::ERR_NAME_NOT_RESOLVED @ https://btlr.sharethrough.com/universal/v1?supply_id=WYu2BXv1:0
[ 5741332ms] [ERROR] Failed to load resource: net::ERR_NAME_NOT_RESOLVED @ https://btlr.sharethrough.com/universal/v1?supply_id=WYu2BXv1:0
[ 5773355ms] [ERROR] Failed to load resource: net::ERR_NAME_NOT_RESOLVED @ https://btlr.sharethrough.com/universal/v1?supply_id=WYu2BXv1:0
[ 5773357ms] [ERROR] Failed to load resource: net::ERR_NAME_NOT_RESOLVED @ https://btlr.sharethrough.com/universal/v1?supply_id=WYu2BXv1:0
[ 5805308ms] [ERROR] Failed to load resource: net::ERR_NAME_NOT_RESOLVED @ https://btlr.sharethrough.com/universal/v1?supply_id=WYu2BXv1:0
[ 5805310ms] [ERROR] Failed to load resource: net::ERR_NAME_NOT_RESOLVED @ https://btlr.sharethrough.com/universal/v1?supply_id=WYu2BXv1:0
[ 5806675ms] [WARNING] An iframe which has both allow-scripts and allow-same-origin for its sandbox attribute can escape its sandboxing. @ https://cadmus.script.ac/d1oykxszdrgjgl/script.js:0
[ 5807375ms] [WARNING] An iframe which has both allow-scripts and allow-same-origin for its sandbox attribute can escape its sandboxing. @ https://cadmus.script.ac/d1oykxszdrgjgl/script.js:0
[ 5837281ms] [ERROR] Failed to load resource: net::ERR_NAME_NOT_RESOLVED @ https://btlr.sharethrough.com/universal/v1?supply_id=WYu2BXv1:0
[ 5837284ms] [ERROR] Failed to load resource: net::ERR_NAME_NOT_RESOLVED @ https://btlr.sharethrough.com/universal/v1?supply_id=WYu2BXv1:0
[ 5838817ms] [WARNING] An iframe which has both allow-scripts and allow-same-origin for its sandbox attribute can escape its sandboxing. @ https://cadmus.script.ac/d1oykxszdrgjgl/script.js:0
[ 5839042ms] [WARNING] An iframe which has both allow-scripts and allow-same-origin for its sandbox attribute can escape its sandboxing. @ https://cadmus.script.ac/d1oykxszdrgjgl/script.js:0
[ 5869300ms] [ERROR] Failed to load resource: net::ERR_NAME_NOT_RESOLVED @ https://btlr.sharethrough.com/universal/v1?supply_id=WYu2BXv1:0
[ 5869303ms] [ERROR] Failed to load resource: net::ERR_NAME_NOT_RESOLVED @ https://btlr.sharethrough.com/universal/v1?supply_id=WYu2BXv1:0
[ 5870592ms] [WARNING] An iframe which has both allow-scripts and allow-same-origin for its sandbox attribute can escape its sandboxing. @ https://cadmus.script.ac/d1oykxszdrgjgl/script.js:0
[ 5871082ms] [WARNING] An iframe which has both allow-scripts and allow-same-origin for its sandbox attribute can escape its sandboxing. @ https://cadmus.script.ac/d1oykxszdrgjgl/script.js:0
[ 5871356ms] [ERROR] Access to XMLHttpRequest at 'https://pagead2.googlesyndication.com/pagead/s/cookie_push_onload.html#aHR0cHM6Ly9haWQuc2VuZC5taWNyb2FkLmpwL2cvYXNyP2dvb2dsZV9naWQ9Q0FFU0VCVUN6THBNWDZHeU9veUstTlhMLXJzJmdvb2dsZV9jdmVyPTEmZ29vZ2xlX3B1c2g9QWJlb1hZejQ3UmVXelM1RjBnZTFoelNoUVpic19KekpVRi02OGJHckFYbjh4cElkRWFta0tMWXBFSkZUNFlGX3dKdFZWU0NEbTRHcXdCb0M4OU5oNnd0N2VneHNLWTFhcVNEcUZER1BlTmF6NE9kTXJNb1JHeGhVVXk4cEgtREFpR0NON0lMTGt5TGxlZ0pjMHY3NXVKeEhKWDA=,aHR0cHM6Ly9jbS5nLmRvdWJsZWNsaWNrLm5ldC9waXhlbC9hdHRyP2Q9QUhORjEzSlBablRNeF84cTBRQ1JyVm95X0gtT2dzdW9yaGRj' from origin 'https://namu.wiki' has been blocked by CORS policy: No 'Access-Control-Allow-Origin' header is present on the requested resource. @ https://namu.wiki/w/%EB%8B%A4%EC%8B%9C%20%EA%B9%A8%EC%96%B4%EB%82%9C%20%ED%99%A9%EA%B8%88%20%EC%9A%B0%EC%83%81/%EC%8A%A4%ED%85%8C%EC%9D%B4%EC%A7%80:0
[ 5871357ms] [ERROR] Failed to load resource: net::ERR_FAILED @ https://pagead2.googlesyndication.com/pagead/s/cookie_push_onload.html#aHR0cHM6Ly9haWQuc2VuZC5taWNyb2FkLmpwL2cvYXNyP2dvb2dsZV9naWQ9Q0FFU0VCVUN6THBNWDZHeU9veUstTlhMLXJzJmdvb2dsZV9jdmVyPTEmZ29vZ2xlX3B1c2g9QWJlb1hZejQ3UmVXelM1RjBnZTFoelNoUVpic19KekpVRi02OGJHckFYbjh4cElkRWFta0tMWXBFSkZUNFlGX3dKdFZWU0NEbTRHcXdCb0M4OU5oNnd0N2VneHNLWTFhcVNEcUZER1BlTmF6NE9kTXJNb1JHeGhVVXk4cEgtREFpR0NON0lMTGt5TGxlZ0pjMHY3NXVKeEhKWDA=,aHR0cHM6Ly9jbS5nLmRvdWJsZWNsaWNrLm5ldC9waXhlbC9hdHRyP2Q9QUhORjEzSlBablRNeF84cTBRQ1JyVm95X0gtT2dzdW9yaGRj:0
[ 5901371ms] [ERROR] Failed to load resource: net::ERR_NAME_NOT_RESOLVED @ https://btlr.sharethrough.com/universal/v1?supply_id=WYu2BXv1:0
[ 5901373ms] [ERROR] Failed to load resource: net::ERR_NAME_NOT_RESOLVED @ https://btlr.sharethrough.com/universal/v1?supply_id=WYu2BXv1:0
[ 5902681ms] [WARNING] An iframe which has both allow-scripts and allow-same-origin for its sandbox attribute can escape its sandboxing. @ https://cadmus.script.ac/d1oykxszdrgjgl/script.js:0
[ 5903092ms] [WARNING] An iframe which has both allow-scripts and allow-same-origin for its sandbox attribute can escape its sandboxing. @ https://cadmus.script.ac/d1oykxszdrgjgl/script.js:0
[ 5904593ms] [ERROR] Unsafe attempt to initiate navigation for frame with URL 'about:blank' from frame with URL 'about:srcdoc'. The frame attempting navigation must be same-origin with the target if navigating to a javascript: url
 @ https://choices.trustarc.com/get?name=pmw2.js:0
[ 5933402ms] [ERROR] Failed to load resource: net::ERR_NAME_NOT_RESOLVED @ https://btlr.sharethrough.com/universal/v1?supply_id=WYu2BXv1:0
[ 5933404ms] [ERROR] Failed to load resource: net::ERR_NAME_NOT_RESOLVED @ https://btlr.sharethrough.com/universal/v1?supply_id=WYu2BXv1:0
[ 5965639ms] [ERROR] Failed to load resource: net::ERR_NAME_NOT_RESOLVED @ https://btlr.sharethrough.com/universal/v1?supply_id=WYu2BXv1:0
[ 5965641ms] [ERROR] Failed to load resource: net::ERR_NAME_NOT_RESOLVED @ https://btlr.sharethrough.com/universal/v1?supply_id=WYu2BXv1:0
[ 5966772ms] [WARNING] An iframe which has both allow-scripts and allow-same-origin for its sandbox attribute can escape its sandboxing. @ https://cadmus.script.ac/d1oykxszdrgjgl/script.js:0
[ 5997245ms] [ERROR] Failed to load resource: net::ERR_NAME_NOT_RESOLVED @ https://btlr.sharethrough.com/universal/v1?supply_id=WYu2BXv1:0
[ 5997247ms] [ERROR] Failed to load resource: net::ERR_NAME_NOT_RESOLVED @ https://btlr.sharethrough.com/universal/v1?supply_id=WYu2BXv1:0
[ 6029211ms] [ERROR] Failed to load resource: net::ERR_NAME_NOT_RESOLVED @ https://btlr.sharethrough.com/universal/v1?supply_id=WYu2BXv1:0
[ 6029213ms] [ERROR] Failed to load resource: net::ERR_NAME_NOT_RESOLVED @ https://btlr.sharethrough.com/universal/v1?supply_id=WYu2BXv1:0
[ 6030734ms] [WARNING] An iframe which has both allow-scripts and allow-same-origin for its sandbox attribute can escape its sandboxing. @ https://cadmus.script.ac/d1oykxszdrgjgl/script.js:0
[ 6030964ms] [WARNING] An iframe which has both allow-scripts and allow-same-origin for its sandbox attribute can escape its sandboxing. @ https://cadmus.script.ac/d1oykxszdrgjgl/script.js:0
[ 6033832ms] [TIMEEND] a: 0.02197265625 ms @ https://static.adsafeprotected.com/sca.17.6.4.js:31
[ 6034158ms] [TIMEEND] a: 0.007080078125 ms @ https://static.adsafeprotected.com/sca.17.6.4.js:31
[ 6061434ms] [ERROR] Failed to load resource: net::ERR_NAME_NOT_RESOLVED @ https://btlr.sharethrough.com/universal/v1?supply_id=WYu2BXv1:0
[ 6061436ms] [ERROR] Failed to load resource: net::ERR_NAME_NOT_RESOLVED @ https://btlr.sharethrough.com/universal/v1?supply_id=WYu2BXv1:0
[ 6062981ms] [WARNING] An iframe which has both allow-scripts and allow-same-origin for its sandbox attribute can escape its sandboxing. @ https://cadmus.script.ac/d1oykxszdrgjgl/script.js:0
[ 6064874ms] [TIMEEND] a: 0.0087890625 ms @ https://static.adsafeprotected.com/sca.17.6.4.js:31
[ 6065137ms] [TIMEEND] a: 0.005859375 ms @ https://static.adsafeprotected.com/sca.17.6.4.js:31
[ 6093394ms] [ERROR] Failed to load resource: net::ERR_NAME_NOT_RESOLVED @ https://btlr.sharethrough.com/universal/v1?supply_id=WYu2BXv1:0
[ 6093396ms] [ERROR] Failed to load resource: net::ERR_NAME_NOT_RESOLVED @ https://btlr.sharethrough.com/universal/v1?supply_id=WYu2BXv1:0
[ 6125474ms] [ERROR] Failed to load resource: net::ERR_NAME_NOT_RESOLVED @ https://btlr.sharethrough.com/universal/v1?supply_id=WYu2BXv1:0
[ 6125477ms] [ERROR] Failed to load resource: net::ERR_NAME_NOT_RESOLVED @ https://btlr.sharethrough.com/universal/v1?supply_id=WYu2BXv1:0
[ 6157297ms] [ERROR] Failed to load resource: net::ERR_NAME_NOT_RESOLVED @ https://btlr.sharethrough.com/universal/v1?supply_id=WYu2BXv1:0
[ 6157299ms] [ERROR] Failed to load resource: net::ERR_NAME_NOT_RESOLVED @ https://btlr.sharethrough.com/universal/v1?supply_id=WYu2BXv1:0
[ 6189547ms] [ERROR] Failed to load resource: net::ERR_NAME_NOT_RESOLVED @ https://btlr.sharethrough.com/universal/v1?supply_id=WYu2BXv1:0
[ 6189549ms] [ERROR] Failed to load resource: net::ERR_NAME_NOT_RESOLVED @ https://btlr.sharethrough.com/universal/v1?supply_id=WYu2BXv1:0
[ 6190731ms] [WARNING] An iframe which has both allow-scripts and allow-same-origin for its sandbox attribute can escape its sandboxing. @ https://cadmus.script.ac/d1oykxszdrgjgl/script.js:0
[ 6221273ms] [ERROR] Failed to load resource: net::ERR_NAME_NOT_RESOLVED @ https://btlr.sharethrough.com/universal/v1?supply_id=WYu2BXv1:0
[ 6221275ms] [ERROR] Failed to load resource: net::ERR_NAME_NOT_RESOLVED @ https://btlr.sharethrough.com/universal/v1?supply_id=WYu2BXv1:0
[ 6223155ms] [WARNING] An iframe which has both allow-scripts and allow-same-origin for its sandbox attribute can escape its sandboxing. @ https://cadmus.script.ac/d1oykxszdrgjgl/script.js:0
[ 6223474ms] [WARNING] An iframe which has both allow-scripts and allow-same-origin for its sandbox attribute can escape its sandboxing. @ https://cadmus.script.ac/d1oykxszdrgjgl/script.js:0
[ 6224235ms] [WARNING] Unrecognized feature: 'attribution-reporting'. @ https://www.googletagservices.com/dcm/impl_v107.js:109
[ 6226459ms] [ERROR] Failed to load resource: the server responded with a status of 400 () @ https://s.ad.smaato.net/c/?dspInit=1002196&dspCookie=8677253299447972844&gdpr=0&gdpr_consent=:0
[ 6253737ms] [ERROR] Failed to load resource: net::ERR_NAME_NOT_RESOLVED @ https://btlr.sharethrough.com/universal/v1?supply_id=WYu2BXv1:0
[ 6253740ms] [ERROR] Failed to load resource: net::ERR_NAME_NOT_RESOLVED @ https://btlr.sharethrough.com/universal/v1?supply_id=WYu2BXv1:0
[ 6255034ms] [WARNING] An iframe which has both allow-scripts and allow-same-origin for its sandbox attribute can escape its sandboxing. @ https://cadmus.script.ac/d1oykxszdrgjgl/script.js:0
[ 6285433ms] [ERROR] Failed to load resource: net::ERR_NAME_NOT_RESOLVED @ https://btlr.sharethrough.com/universal/v1?supply_id=WYu2BXv1:0
[ 6285436ms] [ERROR] Failed to load resource: net::ERR_NAME_NOT_RESOLVED @ https://btlr.sharethrough.com/universal/v1?supply_id=WYu2BXv1:0
[ 6287228ms] [WARNING] An iframe which has both allow-scripts and allow-same-origin for its sandbox attribute can escape its sandboxing. @ https://cadmus.script.ac/d1oykxszdrgjgl/script.js:0
[ 6317299ms] [ERROR] Failed to load resource: net::ERR_NAME_NOT_RESOLVED @ https://btlr.sharethrough.com/universal/v1?supply_id=WYu2BXv1:0
[ 6317301ms] [ERROR] Failed to load resource: net::ERR_NAME_NOT_RESOLVED @ https://btlr.sharethrough.com/universal/v1?supply_id=WYu2BXv1:0
[ 6319005ms] [WARNING] An iframe which has both allow-scripts and allow-same-origin for its sandbox attribute can escape its sandboxing. @ https://cadmus.script.ac/d1oykxszdrgjgl/script.js:0
[ 6349238ms] [ERROR] Failed to load resource: net::ERR_NAME_NOT_RESOLVED @ https://btlr.sharethrough.com/universal/v1?supply_id=WYu2BXv1:0
[ 6349240ms] [ERROR] Failed to load resource: net::ERR_NAME_NOT_RESOLVED @ https://btlr.sharethrough.com/universal/v1?supply_id=WYu2BXv1:0
[ 6381389ms] [ERROR] Failed to load resource: net::ERR_NAME_NOT_RESOLVED @ https://btlr.sharethrough.com/universal/v1?supply_id=WYu2BXv1:0
[ 6381391ms] [ERROR] Failed to load resource: net::ERR_NAME_NOT_RESOLVED @ https://btlr.sharethrough.com/universal/v1?supply_id=WYu2BXv1:0
[ 6383255ms] [WARNING] An iframe which has both allow-scripts and allow-same-origin for its sandbox attribute can escape its sandboxing. @ https://cadmus.script.ac/d1oykxszdrgjgl/script.js:0
[ 6385167ms] [ERROR] Unsafe attempt to initiate navigation for frame with URL 'about:blank' from frame with URL 'about:srcdoc'. The frame attempting navigation must be same-origin with the target if navigating to a javascript: url
 @ https://choices.trustarc.com/get?name=pmw2.js:0
[ 6386210ms] [ERROR] Failed to load resource: net::ERR_CONNECTION_ABORTED @ https://fran.frvr.com/api/v1/usync?bidder=inmobi&gdpr=0&gdpr_consent=&us_privacy=&f=i&uid=ID5-5-5d6880f7-58aa-43e4-a6ef-36ecabc24f33:0
[ 6389281ms] [ERROR] Failed to load resource: net::ERR_SOCKET_NOT_CONNECTED @ https://csync.loopme.me/?pubid=9724&gdpr=0&gdpr_consent=&redirect=https%3A%2F%2Fsync.inmobi.com%2Fsetuid%3FbidderID%3D109%26dspUserId%3D%7Bviewer_token%7D:0
[ 6386210ms] [ERROR] Failed to load resource: net::ERR_CONNECTION_ABORTED @ https://fran.frvr.com/api/v1/usync?bidder=inmobi&gdpr=0&gdpr_consent=&us_privacy=&f=i&uid=ID5-5-5d6880f7-58aa-43e4-a6ef-36ecabc24f33:0
[ 6389281ms] [ERROR] Failed to load resource: net::ERR_SOCKET_NOT_CONNECTED @ https://csync.loopme.me/?pubid=9724&gdpr=0&gdpr_consent=&redirect=https%3A%2F%2Fsync.inmobi.com%2Fsetuid%3FbidderID%3D109%26dspUserId%3D%7Bviewer_token%7D:0
[ 6413315ms] [ERROR] Failed to load resource: net::ERR_NAME_NOT_RESOLVED @ https://btlr.sharethrough.com/universal/v1?supply_id=WYu2BXv1:0
[ 6414042ms] [ERROR] Failed to load resource: net::ERR_NAME_NOT_RESOLVED @ https://btlr.sharethrough.com/universal/v1?supply_id=WYu2BXv1:0
[ 6415366ms] [WARNING] An iframe which has both allow-scripts and allow-same-origin for its sandbox attribute can escape its sandboxing. @ https://cadmus.script.ac/d1oykxszdrgjgl/script.js:0
[ 6445160ms] [ERROR] Failed to load resource: net::ERR_NAME_NOT_RESOLVED @ https://btlr.sharethrough.com/universal/v1?supply_id=WYu2BXv1:0
[ 6446235ms] [ERROR] Failed to load resource: net::ERR_NAME_NOT_RESOLVED @ https://btlr.sharethrough.com/universal/v1?supply_id=WYu2BXv1:0
[ 6477075ms] [ERROR] Failed to load resource: net::ERR_NAME_NOT_RESOLVED @ https://btlr.sharethrough.com/universal/v1?supply_id=WYu2BXv1:0
[ 6479220ms] [ERROR] Failed to load resource: net::ERR_NAME_NOT_RESOLVED @ https://btlr.sharethrough.com/universal/v1?supply_id=WYu2BXv1:0
[ 6510213ms] [ERROR] Failed to load resource: net::ERR_NAME_NOT_RESOLVED @ https://btlr.sharethrough.com/universal/v1?supply_id=WYu2BXv1:0
[ 6510215ms] [ERROR] Failed to load resource: net::ERR_NAME_NOT_RESOLVED @ https://btlr.sharethrough.com/universal/v1?supply_id=WYu2BXv1:0
[ 6511328ms] [WARNING] An iframe which has both allow-scripts and allow-same-origin for its sandbox attribute can escape its sandboxing. @ https://cadmus.script.ac/d1oykxszdrgjgl/script.js:0
[ 6512855ms] [ERROR] Failed to load resource: net::ERR_CONNECTION_ABORTED @ https://fran.frvr.com/api/v1/usync?bidder=inmobi&gdpr=0&gdpr_consent=&us_privacy=&f=i&uid=ID5-5-5d6880f7-58aa-43e4-a6ef-36ecabc24f33:0
[ 6514078ms] [ERROR] Unsafe attempt to initiate navigation for frame with URL 'about:blank' from frame with URL 'about:srcdoc'. The frame attempting navigation must be same-origin with the target if navigating to a javascript: url
 @ https://choices.trustarc.com/get?name=pmw2.js:0
[ 6512855ms] [ERROR] Failed to load resource: net::ERR_CONNECTION_ABORTED @ https://fran.frvr.com/api/v1/usync?bidder=inmobi&gdpr=0&gdpr_consent=&us_privacy=&f=i&uid=ID5-5-5d6880f7-58aa-43e4-a6ef-36ecabc24f33:0
[ 6517534ms] [ERROR] Failed to load resource: net::ERR_NAME_NOT_RESOLVED @ https://visitor-gen01.omnitagjs.com/visitor/bsync?uid=e60f57431e7a9861d59a42cd478b2ea2&name=gen01&url=https%3A%2F%2Fusersync-us.digital-services.solutions%2Fapi%2Fusersync%3Fpass_back%3D1%26partner%3Dopenweb%26external_uid%3DPARTNER_USER_ID%26gdpr%3DGDPR%26gdpr_consent%3DGDPR_CONSENT%26msg%3Dc39b00b6e9d5c1d80cdf73cb7d12516a619a9e3a2ffd7bddf29926ec01da14d1:0
[ 6542412ms] [ERROR] Failed to load resource: net::ERR_NAME_NOT_RESOLVED @ https://btlr.sharethrough.com/universal/v1?supply_id=WYu2BXv1:0
[ 6542414ms] [ERROR] Failed to load resource: net::ERR_NAME_NOT_RESOLVED @ https://btlr.sharethrough.com/universal/v1?supply_id=WYu2BXv1:0
[ 6574630ms] [ERROR] Failed to load resource: net::ERR_NAME_NOT_RESOLVED @ https://btlr.sharethrough.com/universal/v1?supply_id=WYu2BXv1:0
[ 6574633ms] [ERROR] Failed to load resource: net::ERR_NAME_NOT_RESOLVED @ https://btlr.sharethrough.com/universal/v1?supply_id=WYu2BXv1:0
[ 6576345ms] [WARNING] An iframe which has both allow-scripts and allow-same-origin for its sandbox attribute can escape its sandboxing. @ https://cadmus.script.ac/d1oykxszdrgjgl/script.js:0
[ 6578114ms] [ERROR] Unsafe attempt to initiate navigation for frame with URL 'about:blank' from frame with URL 'about:srcdoc'. The frame attempting navigation must be same-origin with the target if navigating to a javascript: url
 @ https://choices.trustarc.com/get?name=pmw2.js:0
[ 6580445ms] [ERROR] Failed to load resource: net::ERR_CONNECTION_CLOSED @ https://static.aroa.io/sync/sync.php?eyeid=27mK_F4qQl5ga62AdjbOUu75rq0InmFDgGf5kOKv8BGM:0
[ 6580989ms] [ERROR] Failed to load resource: net::ERR_NAME_NOT_RESOLVED @ https://px.owneriq.net/eucm/p/lrc?redir=https%3A%2F%2Fidsync.rlcdn.com%2F140601.gif%3fpartner_uid%3d(OIQ_UUID):0
[ 6580445ms] [ERROR] Failed to load resource: net::ERR_CONNECTION_CLOSED @ https://static.aroa.io/sync/sync.php?eyeid=27mK_F4qQl5ga62AdjbOUu75rq0InmFDgGf5kOKv8BGM:0
[ 6580989ms] [ERROR] Failed to load resource: net::ERR_NAME_NOT_RESOLVED @ https://px.owneriq.net/eucm/p/lrc?redir=https%3A%2F%2Fidsync.rlcdn.com%2F140601.gif%3fpartner_uid%3d(OIQ_UUID):0
[ 6606298ms] [ERROR] Failed to load resource: net::ERR_NAME_NOT_RESOLVED @ https://btlr.sharethrough.com/universal/v1?supply_id=WYu2BXv1:0
[ 6606300ms] [ERROR] Failed to load resource: net::ERR_NAME_NOT_RESOLVED @ https://btlr.sharethrough.com/universal/v1?supply_id=WYu2BXv1:0
[ 6638399ms] [ERROR] Failed to load resource: net::ERR_NAME_NOT_RESOLVED @ https://btlr.sharethrough.com/universal/v1?supply_id=WYu2BXv1:0
[ 6638401ms] [ERROR] Failed to load resource: net::ERR_NAME_NOT_RESOLVED @ https://btlr.sharethrough.com/universal/v1?supply_id=WYu2BXv1:0
[ 6670352ms] [ERROR] Failed to load resource: net::ERR_NAME_NOT_RESOLVED @ https://btlr.sharethrough.com/universal/v1?supply_id=WYu2BXv1:0
[ 6670355ms] [ERROR] Failed to load resource: net::ERR_NAME_NOT_RESOLVED @ https://btlr.sharethrough.com/universal/v1?supply_id=WYu2BXv1:0
[ 6702442ms] [ERROR] Failed to load resource: net::ERR_NAME_NOT_RESOLVED @ https://btlr.sharethrough.com/universal/v1?supply_id=WYu2BXv1:0
[ 6702444ms] [ERROR] Failed to load resource: net::ERR_NAME_NOT_RESOLVED @ https://btlr.sharethrough.com/universal/v1?supply_id=WYu2BXv1:0
[ 6703769ms] [WARNING] An iframe which has both allow-scripts and allow-same-origin for its sandbox attribute can escape its sandboxing. @ https://cadmus.script.ac/d1oykxszdrgjgl/script.js:0
[ 6705454ms] [ERROR] Failed to load resource: the server responded with a status of 400 () @ https://s2s.t13.io/setuid?bidder=inmobi&gdpr=0&gdpr_consent=&us_privacy=&gpp=&gpp_sid=&f=i&uid=ID5-5-5d6880f7-58aa-43e4-a6ef-36ecabc24f33:0
[ 6705501ms] [ERROR] Unsafe attempt to initiate navigation for frame with URL 'about:blank' from frame with URL 'about:srcdoc'. The frame attempting navigation must be same-origin with the target if navigating to a javascript: url
 @ https://choices.trustarc.com/get?name=pmw2.js:0
[ 6705454ms] [ERROR] Failed to load resource: the server responded with a status of 400 () @ https://s2s.t13.io/setuid?bidder=inmobi&gdpr=0&gdpr_consent=&us_privacy=&gpp=&gpp_sid=&f=i&uid=ID5-5-5d6880f7-58aa-43e4-a6ef-36ecabc24f33:0
[ 6734231ms] [ERROR] Failed to load resource: net::ERR_NAME_NOT_RESOLVED @ https://btlr.sharethrough.com/universal/v1?supply_id=WYu2BXv1:0
[ 6734233ms] [ERROR] Failed to load resource: net::ERR_NAME_NOT_RESOLVED @ https://btlr.sharethrough.com/universal/v1?supply_id=WYu2BXv1:0
[ 6766236ms] [ERROR] Failed to load resource: net::ERR_NAME_NOT_RESOLVED @ https://btlr.sharethrough.com/universal/v1?supply_id=WYu2BXv1:0
[ 6766242ms] [ERROR] Failed to load resource: net::ERR_NAME_NOT_RESOLVED @ https://btlr.sharethrough.com/universal/v1?supply_id=WYu2BXv1:0
[ 6768148ms] [WARNING] An iframe which has both allow-scripts and allow-same-origin for its sandbox attribute can escape its sandboxing. @ https://cadmus.script.ac/d1oykxszdrgjgl/script.js:0
[ 6770117ms] [TIMEEND] a: 0.0068359375 ms @ https://static.adsafeprotected.com/sca.17.6.4.js:31
[ 6770358ms] [TIMEEND] a: 0.007080078125 ms @ https://static.adsafeprotected.com/sca.17.6.4.js:31
[ 6798600ms] [ERROR] Failed to load resource: net::ERR_NAME_NOT_RESOLVED @ https://btlr.sharethrough.com/universal/v1?supply_id=WYu2BXv1:0
[ 6798603ms] [ERROR] Failed to load resource: net::ERR_NAME_NOT_RESOLVED @ https://btlr.sharethrough.com/universal/v1?supply_id=WYu2BXv1:0
[ 6830334ms] [ERROR] Failed to load resource: net::ERR_NAME_NOT_RESOLVED @ https://btlr.sharethrough.com/universal/v1?supply_id=WYu2BXv1:0
[ 6830338ms] [ERROR] Failed to load resource: net::ERR_NAME_NOT_RESOLVED @ https://btlr.sharethrough.com/universal/v1?supply_id=WYu2BXv1:0
[ 6862434ms] [ERROR] Failed to load resource: net::ERR_NAME_NOT_RESOLVED @ https://btlr.sharethrough.com/universal/v1?supply_id=WYu2BXv1:0
[ 6862436ms] [ERROR] Failed to load resource: net::ERR_NAME_NOT_RESOLVED @ https://btlr.sharethrough.com/universal/v1?supply_id=WYu2BXv1:0
[ 6894479ms] [ERROR] Failed to load resource: net::ERR_NAME_NOT_RESOLVED @ https://btlr.sharethrough.com/universal/v1?supply_id=WYu2BXv1:0
[ 6894481ms] [ERROR] Failed to load resource: net::ERR_NAME_NOT_RESOLVED @ https://btlr.sharethrough.com/universal/v1?supply_id=WYu2BXv1:0
[ 6926403ms] [ERROR] Failed to load resource: net::ERR_NAME_NOT_RESOLVED @ https://btlr.sharethrough.com/universal/v1?supply_id=WYu2BXv1:0
[ 6926406ms] [ERROR] Failed to load resource: net::ERR_NAME_NOT_RESOLVED @ https://btlr.sharethrough.com/universal/v1?supply_id=WYu2BXv1:0
[ 6927780ms] [WARNING] An iframe which has both allow-scripts and allow-same-origin for its sandbox attribute can escape its sandboxing. @ https://cadmus.script.ac/d1oykxszdrgjgl/script.js:0
[ 6929552ms] [ERROR] Unsafe attempt to initiate navigation for frame with URL 'about:blank' from frame with URL 'about:srcdoc'. The frame attempting navigation must be same-origin with the target if navigating to a javascript: url
 @ https://choices.trustarc.com/get?name=pmw2.js:0
[ 6930426ms] [ERROR] Failed to load resource: net::ERR_CONNECTION_CLOSED @ https://fran.frvr.com/api/v1/usync?bidder=inmobi&gdpr=0&gdpr_consent=&us_privacy=&f=i&uid=ID5-5-5d6880f7-58aa-43e4-a6ef-36ecabc24f33:0
[ 6932226ms] [ERROR] Failed to load resource: net::ERR_SOCKET_NOT_CONNECTED @ https://csync.loopme.me/?pubid=9724&gdpr=0&gdpr_consent=&redirect=https%3A%2F%2Fsync.inmobi.com%2Fsetuid%3FbidderID%3D109%26dspUserId%3D%7Bviewer_token%7D:0
[ 6930426ms] [ERROR] Failed to load resource: net::ERR_CONNECTION_CLOSED @ https://fran.frvr.com/api/v1/usync?bidder=inmobi&gdpr=0&gdpr_consent=&us_privacy=&f=i&uid=ID5-5-5d6880f7-58aa-43e4-a6ef-36ecabc24f33:0
[ 6932226ms] [ERROR] Failed to load resource: net::ERR_SOCKET_NOT_CONNECTED @ https://csync.loopme.me/?pubid=9724&gdpr=0&gdpr_consent=&redirect=https%3A%2F%2Fsync.inmobi.com%2Fsetuid%3FbidderID%3D109%26dspUserId%3D%7Bviewer_token%7D:0
[ 6932975ms] [ERROR] Failed to load resource: net::ERR_NAME_NOT_RESOLVED @ https://usersync-b3.videoamp.com/usersync/lr0:0
[ 6958424ms] [ERROR] Failed to load resource: net::ERR_NAME_NOT_RESOLVED @ https://btlr.sharethrough.com/universal/v1?supply_id=WYu2BXv1:0
[ 6958426ms] [ERROR] Failed to load resource: net::ERR_NAME_NOT_RESOLVED @ https://btlr.sharethrough.com/universal/v1?supply_id=WYu2BXv1:0
[ 6960248ms] [WARNING] An iframe which has both allow-scripts and allow-same-origin for its sandbox attribute can escape its sandboxing. @ https://cadmus.script.ac/d1oykxszdrgjgl/script.js:0
[ 6990209ms] [ERROR] Failed to load resource: net::ERR_NAME_NOT_RESOLVED @ https://btlr.sharethrough.com/universal/v1?supply_id=WYu2BXv1:0
[ 6990212ms] [ERROR] Failed to load resource: net::ERR_NAME_NOT_RESOLVED @ https://btlr.sharethrough.com/universal/v1?supply_id=WYu2BXv1:0
[ 6991746ms] [WARNING] An iframe which has both allow-scripts and allow-same-origin for its sandbox attribute can escape its sandboxing. @ https://cadmus.script.ac/d1oykxszdrgjgl/script.js:0
[ 7022451ms] [ERROR] Failed to load resource: net::ERR_NAME_NOT_RESOLVED @ https://btlr.sharethrough.com/universal/v1?supply_id=WYu2BXv1:0
[ 7022454ms] [ERROR] Failed to load resource: net::ERR_NAME_NOT_RESOLVED @ https://btlr.sharethrough.com/universal/v1?supply_id=WYu2BXv1:0
[ 7023774ms] [WARNING] An iframe which has both allow-scripts and allow-same-origin for its sandbox attribute can escape its sandboxing. @ https://cadmus.script.ac/d1oykxszdrgjgl/script.js:0
[ 7054759ms] [ERROR] Failed to load resource: net::ERR_NAME_NOT_RESOLVED @ https://btlr.sharethrough.com/universal/v1?supply_id=WYu2BXv1:0
[ 7054762ms] [ERROR] Failed to load resource: net::ERR_NAME_NOT_RESOLVED @ https://btlr.sharethrough.com/universal/v1?supply_id=WYu2BXv1:0
[ 7055798ms] [WARNING] An iframe which has both allow-scripts and allow-same-origin for its sandbox attribute can escape its sandboxing. @ https://cadmus.script.ac/d1oykxszdrgjgl/script.js:0
[ 7056056ms] [WARNING] An iframe which has both allow-scripts and allow-same-origin for its sandbox attribute can escape its sandboxing. @ https://cadmus.script.ac/d1oykxszdrgjgl/script.js:0
[ 7057831ms] [ERROR] Unsafe attempt to initiate navigation for frame with URL 'about:blank' from frame with URL 'about:srcdoc'. The frame attempting navigation must be same-origin with the target if navigating to a javascript: url
 @ https://choices.trustarc.com/get?name=pmw2.js:0
[ 7058052ms] [DIR] SyntaxError @ https://js.ad-score.com/score.min.js?pid=1000942&tt=g:1
[ 7059456ms] [TIMEEND] a: 0.0068359375 ms @ https://static.adsafeprotected.com/sca.17.6.4.js:31
[ 7060673ms] [WARNING] The powerPreference option is currently ignored when calling requestAdapter() on Windows. See https://crbug.com/369219127 @ https://js.ad-score.com/score.min.js?pid=1000942&tt=g:1
[ 7062140ms] [ERROR] Failed to load resource: the server responded with a status of 400 () @ https://match.prod.bidr.io/cookie-sync/verve?gdpr=0&gdpr_consent=:0
[ 7062650ms] [ERROR] Failed to load resource: the server responded with a status of 400 (Bad Request) @ https://syncingbridge.com/user?gdpr=0&gdpr_consent=&usp_consent=&p=11&redirect=https%3A%2F%2Fsync.inmobi.com%2Fsetuid%3FbidderID%3D869%26dspUserId%3D%7BUID%7D:0
[ 7062140ms] [ERROR] Failed to load resource: the server responded with a status of 400 () @ https://match.prod.bidr.io/cookie-sync/verve?gdpr=0&gdpr_consent=:0
[ 7062650ms] [ERROR] Failed to load resource: the server responded with a status of 400 (Bad Request) @ https://syncingbridge.com/user?gdpr=0&gdpr_consent=&usp_consent=&p=11&redirect=https%3A%2F%2Fsync.inmobi.com%2Fsetuid%3FbidderID%3D869%26dspUserId%3D%7BUID%7D:0
[ 7086409ms] [ERROR] Failed to load resource: net::ERR_NAME_NOT_RESOLVED @ https://btlr.sharethrough.com/universal/v1?supply_id=WYu2BXv1:0
[ 7086411ms] [ERROR] Failed to load resource: net::ERR_CONNECTION_TIMED_OUT @ https://csync.copper6.com/fbd260923f6815f04a34938c00400dd6.gif?gdpr=0&gdpr_consent=&redir=https%3A%2F%2Fs.ad.smaato.net%2Fc%2F%3FdspId%3D1248%26dspCookie%3D%5BUID%5D%26gdpr%3D0%26gdpr_consent%3D:0
[ 7086411ms] [ERROR] Failed to load resource: net::ERR_NAME_NOT_RESOLVED @ https://btlr.sharethrough.com/universal/v1?supply_id=WYu2BXv1:0
[ 7118400ms] [ERROR] Failed to load resource: net::ERR_NAME_NOT_RESOLVED @ https://btlr.sharethrough.com/universal/v1?supply_id=WYu2BXv1:0
[ 7118402ms] [ERROR] Failed to load resource: net::ERR_NAME_NOT_RESOLVED @ https://btlr.sharethrough.com/universal/v1?supply_id=WYu2BXv1:0
[ 7120255ms] [WARNING] An iframe which has both allow-scripts and allow-same-origin for its sandbox attribute can escape its sandboxing. @ https://cadmus.script.ac/d1oykxszdrgjgl/script.js:0
[ 7122248ms] [ERROR] Unsafe attempt to initiate navigation for frame with URL 'about:blank' from frame with URL 'about:srcdoc'. The frame attempting navigation must be same-origin with the target if navigating to a javascript: url
 @ https://choices.trustarc.com/get?name=pmw2.js:0
[ 7123842ms] [ERROR] Failed to load resource: the server responded with a status of 400 () @ https://match.prod.bidr.io/cookie-sync/verve?gdpr=0&gdpr_consent=:0
[ 7123842ms] [ERROR] Failed to load resource: the server responded with a status of 400 () @ https://match.prod.bidr.io/cookie-sync/verve?gdpr=0&gdpr_consent=:0
[ 7125996ms] [ERROR] Failed to load resource: net::ERR_NAME_NOT_RESOLVED @ https://cm-x.mgid.com/5f771db5775920b3ea597ee1392355e9.gif?puid=[UID]&redir=https%3A%2F%2Fs.ad.smaato.net%2Fc%2F%3FdspId%3D1466%26dspCookie%3D%5BUID%5D%26gdpr%3D0%26gdpr_consent%3D&gdpr=0&gdpr_consent=&coppa=[COPPA]&gpp=[GPP]&gpp_sid=[GPP_SID]:0
[ 7150305ms] [ERROR] Failed to load resource: net::ERR_NAME_NOT_RESOLVED @ https://btlr.sharethrough.com/universal/v1?supply_id=WYu2BXv1:0
[ 7150307ms] [ERROR] Failed to load resource: net::ERR_NAME_NOT_RESOLVED @ https://btlr.sharethrough.com/universal/v1?supply_id=WYu2BXv1:0
[ 7182226ms] [ERROR] Failed to load resource: net::ERR_NAME_NOT_RESOLVED @ https://btlr.sharethrough.com/universal/v1?supply_id=WYu2BXv1:0
[ 7182228ms] [ERROR] Failed to load resource: net::ERR_NAME_NOT_RESOLVED @ https://btlr.sharethrough.com/universal/v1?supply_id=WYu2BXv1:0
[ 7214442ms] [ERROR] Failed to load resource: net::ERR_NAME_NOT_RESOLVED @ https://btlr.sharethrough.com/universal/v1?supply_id=WYu2BXv1:0
[ 7214445ms] [ERROR] Failed to load resource: net::ERR_NAME_NOT_RESOLVED @ https://btlr.sharethrough.com/universal/v1?supply_id=WYu2BXv1:0
[ 7246283ms] [ERROR] Failed to load resource: net::ERR_NAME_NOT_RESOLVED @ https://btlr.sharethrough.com/universal/v1?supply_id=WYu2BXv1:0
[ 7247131ms] [ERROR] Failed to load resource: net::ERR_NAME_NOT_RESOLVED @ https://btlr.sharethrough.com/universal/v1?supply_id=WYu2BXv1:0
[ 7278470ms] [ERROR] Failed to load resource: net::ERR_NAME_NOT_RESOLVED @ https://btlr.sharethrough.com/universal/v1?supply_id=WYu2BXv1:0
[ 7279534ms] [ERROR] Failed to load resource: net::ERR_NAME_NOT_RESOLVED @ https://btlr.sharethrough.com/universal/v1?supply_id=WYu2BXv1:0
[ 7280088ms] [WARNING] An iframe which has both allow-scripts and allow-same-origin for its sandbox attribute can escape its sandboxing. @ https://cadmus.script.ac/d1oykxszdrgjgl/script.js:0
[ 7311522ms] [ERROR] Failed to load resource: net::ERR_NAME_NOT_RESOLVED @ https://btlr.sharethrough.com/universal/v1?supply_id=WYu2BXv1:0
[ 7312568ms] [ERROR] Failed to load resource: net::ERR_NAME_NOT_RESOLVED @ https://btlr.sharethrough.com/universal/v1?supply_id=WYu2BXv1:0
[ 7343380ms] [ERROR] Failed to load resource: net::ERR_NAME_NOT_RESOLVED @ https://btlr.sharethrough.com/universal/v1?supply_id=WYu2BXv1:0
[ 7344291ms] [ERROR] Failed to load resource: net::ERR_NAME_NOT_RESOLVED @ https://btlr.sharethrough.com/universal/v1?supply_id=WYu2BXv1:0
[ 7345623ms] [WARNING] An iframe which has both allow-scripts and allow-same-origin for its sandbox attribute can escape its sandboxing. @ https://cadmus.script.ac/d1oykxszdrgjgl/script.js:0
[ 7347497ms] [TIMEEND] a: 0.005859375 ms @ https://static.adsafeprotected.com/sca.17.6.4.js:31
[ 7347678ms] [TIMEEND] a: 0.007080078125 ms @ https://static.adsafeprotected.com/sca.17.6.4.js:31
[ 7375302ms] [ERROR] Failed to load resource: net::ERR_NAME_NOT_RESOLVED @ https://btlr.sharethrough.com/universal/v1?supply_id=WYu2BXv1:0
[ 7376071ms] [ERROR] Failed to load resource: net::ERR_NAME_NOT_RESOLVED @ https://btlr.sharethrough.com/universal/v1?supply_id=WYu2BXv1:0
[ 7376763ms] [WARNING] An iframe which has both allow-scripts and allow-same-origin for its sandbox attribute can escape its sandboxing. @ https://cadmus.script.ac/d1oykxszdrgjgl/script.js:0
[ 7379614ms] [DIR] SyntaxError @ https://js.ad-score.com/score.min.js?pid=1000942&tt=g:1
[ 7380368ms] [TIMEEND] a: 0.008056640625 ms @ https://static.adsafeprotected.com/sca.17.6.4.js:31
[ 7382209ms] [WARNING] The powerPreference option is currently ignored when calling requestAdapter() on Windows. See https://crbug.com/369219127 @ https://js.ad-score.com/score.min.js?pid=1000942&tt=g:1
[ 7407321ms] [ERROR] Failed to load resource: net::ERR_NAME_NOT_RESOLVED @ https://btlr.sharethrough.com/universal/v1?supply_id=WYu2BXv1:0
[ 7408441ms] [ERROR] Failed to load resource: net::ERR_NAME_NOT_RESOLVED @ https://btlr.sharethrough.com/universal/v1?supply_id=WYu2BXv1:0
[ 7382209ms] [WARNING] The powerPreference option is currently ignored when calling requestAdapter() on Windows. See https://crbug.com/369219127 @ https://js.ad-score.com/score.min.js?pid=1000942&tt=g:1
[ 7382209ms] [WARNING] The powerPreference option is currently ignored when calling requestAdapter() on Windows. See https://crbug.com/369219127 @ https://js.ad-score.com/score.min.js?pid=1000942&tt=g:1
[ 7439186ms] [ERROR] Failed to load resource: net::ERR_NAME_NOT_RESOLVED @ https://btlr.sharethrough.com/universal/v1?supply_id=WYu2BXv1:0
[ 7440268ms] [ERROR] Failed to load resource: net::ERR_NAME_NOT_RESOLVED @ https://btlr.sharethrough.com/universal/v1?supply_id=WYu2BXv1:0
[ 7382209ms] [WARNING] The powerPreference option is currently ignored when calling requestAdapter() on Windows. See https://crbug.com/369219127 @ https://js.ad-score.com/score.min.js?pid=1000942&tt=g:1
[ 7382209ms] [WARNING] The powerPreference option is currently ignored when calling requestAdapter() on Windows. See https://crbug.com/369219127 @ https://js.ad-score.com/score.min.js?pid=1000942&tt=g:1
[ 7471340ms] [ERROR] Failed to load resource: net::ERR_NAME_NOT_RESOLVED @ https://btlr.sharethrough.com/universal/v1?supply_id=WYu2BXv1:0
[ 7472060ms] [ERROR] Failed to load resource: net::ERR_NAME_NOT_RESOLVED @ https://btlr.sharethrough.com/universal/v1?supply_id=WYu2BXv1:0
[ 7472628ms] [WARNING] An iframe which has both allow-scripts and allow-same-origin for its sandbox attribute can escape its sandboxing. @ https://cadmus.script.ac/d1oykxszdrgjgl/script.js:0
[ 7473590ms] [WARNING] An iframe which has both allow-scripts and allow-same-origin for its sandbox attribute can escape its sandboxing. @ https://cadmus.script.ac/d1oykxszdrgjgl/script.js:0
[ 7503210ms] [ERROR] Failed to load resource: net::ERR_NAME_NOT_RESOLVED @ https://btlr.sharethrough.com/universal/v1?supply_id=WYu2BXv1:0
[ 7504372ms] [ERROR] Failed to load resource: net::ERR_NAME_NOT_RESOLVED @ https://btlr.sharethrough.com/universal/v1?supply_id=WYu2BXv1:0
[ 7535371ms] [ERROR] Failed to load resource: net::ERR_NAME_NOT_RESOLVED @ https://btlr.sharethrough.com/universal/v1?supply_id=WYu2BXv1:0
[ 7536337ms] [ERROR] Failed to load resource: net::ERR_NAME_NOT_RESOLVED @ https://btlr.sharethrough.com/universal/v1?supply_id=WYu2BXv1:0
[ 7567532ms] [ERROR] Failed to load resource: net::ERR_NAME_NOT_RESOLVED @ https://btlr.sharethrough.com/universal/v1?supply_id=WYu2BXv1:0
[ 7568315ms] [ERROR] Failed to load resource: net::ERR_NAME_NOT_RESOLVED @ https://btlr.sharethrough.com/universal/v1?supply_id=WYu2BXv1:0
[ 7599345ms] [ERROR] Failed to load resource: net::ERR_NAME_NOT_RESOLVED @ https://btlr.sharethrough.com/universal/v1?supply_id=WYu2BXv1:0
[ 7600294ms] [ERROR] Failed to load resource: net::ERR_NAME_NOT_RESOLVED @ https://btlr.sharethrough.com/universal/v1?supply_id=WYu2BXv1:0
[ 7631255ms] [ERROR] Failed to load resource: net::ERR_NAME_NOT_RESOLVED @ https://btlr.sharethrough.com/universal/v1?supply_id=WYu2BXv1:0
[ 7632310ms] [ERROR] Failed to load resource: net::ERR_NAME_NOT_RESOLVED @ https://btlr.sharethrough.com/universal/v1?supply_id=WYu2BXv1:0
[ 7633649ms] [WARNING] An iframe which has both allow-scripts and allow-same-origin for its sandbox attribute can escape its sandboxing. @ https://cadmus.script.ac/d1oykxszdrgjgl/script.js:0
[ 7635747ms] [TIMEEND] a: 0.037841796875 ms @ https://static.adsafeprotected.com/sca.17.6.4.js:31
[ 7636420ms] [TIMEEND] a: 0.011962890625 ms @ https://static.adsafeprotected.com/sca.17.6.4.js:31
[ 7663228ms] [ERROR] Failed to load resource: net::ERR_NAME_NOT_RESOLVED @ https://btlr.sharethrough.com/universal/v1?supply_id=WYu2BXv1:0
[ 7665401ms] [ERROR] Failed to load resource: net::ERR_NAME_NOT_RESOLVED @ https://btlr.sharethrough.com/universal/v1?supply_id=WYu2BXv1:0
[ 7696379ms] [ERROR] Failed to load resource: net::ERR_NAME_NOT_RESOLVED @ https://btlr.sharethrough.com/universal/v1?supply_id=WYu2BXv1:0
[ 7696381ms] [ERROR] Failed to load resource: net::ERR_NAME_NOT_RESOLVED @ https://btlr.sharethrough.com/universal/v1?supply_id=WYu2BXv1:0
[ 7697706ms] [WARNING] An iframe which has both allow-scripts and allow-same-origin for its sandbox attribute can escape its sandboxing. @ https://cadmus.script.ac/d1oykxszdrgjgl/script.js:0
[ 7699263ms] [TIMEEND] a: 0.008056640625 ms @ https://static.adsafeprotected.com/sca.17.6.4.js:31
[ 7699829ms] [TIMEEND] a: 0.010009765625 ms @ https://static.adsafeprotected.com/sca.17.6.4.js:31
[ 7728244ms] [ERROR] Failed to load resource: net::ERR_NAME_NOT_RESOLVED @ https://btlr.sharethrough.com/universal/v1?supply_id=WYu2BXv1:0
[ 7728246ms] [ERROR] Failed to load resource: net::ERR_NAME_NOT_RESOLVED @ https://btlr.sharethrough.com/universal/v1?supply_id=WYu2BXv1:0
[ 7729826ms] [WARNING] An iframe which has both allow-scripts and allow-same-origin for its sandbox attribute can escape its sandboxing. @ https://cadmus.script.ac/d1oykxszdrgjgl/script.js:0
[ 7731603ms] [TIMEEND] a: 0.007080078125 ms @ https://static.adsafeprotected.com/sca.17.6.4.js:31
[ 7731862ms] [TIMEEND] a: 0.006103515625 ms @ https://static.adsafeprotected.com/sca.17.6.4.js:31
[ 7760547ms] [ERROR] Failed to load resource: net::ERR_NAME_NOT_RESOLVED @ https://btlr.sharethrough.com/universal/v1?supply_id=WYu2BXv1:0
[ 7760549ms] [ERROR] Failed to load resource: net::ERR_NAME_NOT_RESOLVED @ https://btlr.sharethrough.com/universal/v1?supply_id=WYu2BXv1:0
[ 7792325ms] [ERROR] Failed to load resource: net::ERR_NAME_NOT_RESOLVED @ https://btlr.sharethrough.com/universal/v1?supply_id=WYu2BXv1:0
[ 7792329ms] [ERROR] Failed to load resource: net::ERR_NAME_NOT_RESOLVED @ https://btlr.sharethrough.com/universal/v1?supply_id=WYu2BXv1:0
[ 7824429ms] [ERROR] Failed to load resource: net::ERR_NAME_NOT_RESOLVED @ https://btlr.sharethrough.com/universal/v1?supply_id=WYu2BXv1:0
[ 7824432ms] [ERROR] Failed to load resource: net::ERR_NAME_NOT_RESOLVED @ https://btlr.sharethrough.com/universal/v1?supply_id=WYu2BXv1:0
[ 7856452ms] [ERROR] Failed to load resource: net::ERR_NAME_NOT_RESOLVED @ https://btlr.sharethrough.com/universal/v1?supply_id=WYu2BXv1:0
[ 7856454ms] [ERROR] Failed to load resource: net::ERR_NAME_NOT_RESOLVED @ https://btlr.sharethrough.com/universal/v1?supply_id=WYu2BXv1:0
[ 7857811ms] [WARNING] An iframe which has both allow-scripts and allow-same-origin for its sandbox attribute can escape its sandboxing. @ https://cadmus.script.ac/d1oykxszdrgjgl/script.js:0
[ 7888169ms] [ERROR] Failed to load resource: net::ERR_NAME_NOT_RESOLVED @ https://btlr.sharethrough.com/universal/v1?supply_id=WYu2BXv1:0
[ 7888170ms] [ERROR] Failed to load resource: net::ERR_NAME_NOT_RESOLVED @ https://btlr.sharethrough.com/universal/v1?supply_id=WYu2BXv1:0
[ 7889924ms] [WARNING] An iframe which has both allow-scripts and allow-same-origin for its sandbox attribute can escape its sandboxing. @ https://cadmus.script.ac/d1oykxszdrgjgl/script.js:0
[ 7891378ms] [TIMEEND] a: 0.00390625 ms @ https://static.adsafeprotected.com/sca.17.6.4.js:31
[ 7891631ms] [TIMEEND] a: 0.00390625 ms @ https://static.adsafeprotected.com/sca.17.6.4.js:31
[ 7920180ms] [ERROR] Failed to load resource: net::ERR_NAME_NOT_RESOLVED @ https://btlr.sharethrough.com/universal/v1?supply_id=WYu2BXv1:0
[ 7920182ms] [ERROR] Failed to load resource: net::ERR_NAME_NOT_RESOLVED @ https://btlr.sharethrough.com/universal/v1?supply_id=WYu2BXv1:0
[ 7952068ms] [ERROR] Failed to load resource: net::ERR_NAME_NOT_RESOLVED @ https://btlr.sharethrough.com/universal/v1?supply_id=WYu2BXv1:0
[ 7952069ms] [ERROR] Failed to load resource: net::ERR_NAME_NOT_RESOLVED @ https://btlr.sharethrough.com/universal/v1?supply_id=WYu2BXv1:0
[ 7953542ms] [WARNING] An iframe which has both allow-scripts and allow-same-origin for its sandbox attribute can escape its sandboxing. @ https://cadmus.script.ac/d1oykxszdrgjgl/script.js:0
[ 7984179ms] [ERROR] Failed to load resource: net::ERR_NAME_NOT_RESOLVED @ https://btlr.sharethrough.com/universal/v1?supply_id=WYu2BXv1:0
[ 7984180ms] [ERROR] Failed to load resource: net::ERR_NAME_NOT_RESOLVED @ https://btlr.sharethrough.com/universal/v1?supply_id=WYu2BXv1:0
[ 7985827ms] [WARNING] An iframe which has both allow-scripts and allow-same-origin for its sandbox attribute can escape its sandboxing. @ https://cadmus.script.ac/d1oykxszdrgjgl/script.js:0
[ 7987187ms] [TIMEEND] a: 0.0048828125 ms @ https://static.adsafeprotected.com/sca.17.6.4.js:31
[ 7987448ms] [TIMEEND] a: 0.00390625 ms @ https://static.adsafeprotected.com/sca.17.6.4.js:31
[ 8016276ms] [ERROR] Failed to load resource: net::ERR_NAME_NOT_RESOLVED @ https://btlr.sharethrough.com/universal/v1?supply_id=WYu2BXv1:0
[ 8016277ms] [ERROR] Failed to load resource: net::ERR_NAME_NOT_RESOLVED @ https://btlr.sharethrough.com/universal/v1?supply_id=WYu2BXv1:0
[ 8017831ms] [WARNING] An iframe which has both allow-scripts and allow-same-origin for its sandbox attribute can escape its sandboxing. @ https://cadmus.script.ac/d1oykxszdrgjgl/script.js:0
[ 8019295ms] [TIMEEND] a: 0.0048828125 ms @ https://static.adsafeprotected.com/sca.17.6.4.js:31
[ 8019554ms] [TIMEEND] a: 0.007080078125 ms @ https://static.adsafeprotected.com/sca.17.6.4.js:31
[ 8048248ms] [ERROR] Failed to load resource: net::ERR_NAME_NOT_RESOLVED @ https://btlr.sharethrough.com/universal/v1?supply_id=WYu2BXv1:0
[ 8048250ms] [ERROR] Failed to load resource: net::ERR_NAME_NOT_RESOLVED @ https://btlr.sharethrough.com/universal/v1?supply_id=WYu2BXv1:0
[ 8049458ms] [WARNING] An iframe which has both allow-scripts and allow-same-origin for its sandbox attribute can escape its sandboxing. @ https://cadmus.script.ac/d1oykxszdrgjgl/script.js:0
[ 8051417ms] [TIMEEND] a: 0.0068359375 ms @ https://static.adsafeprotected.com/sca.17.6.4.js:31
[ 8080311ms] [ERROR] Failed to load resource: net::ERR_NAME_NOT_RESOLVED @ https://btlr.sharethrough.com/universal/v1?supply_id=WYu2BXv1:0
[ 8080312ms] [ERROR] Failed to load resource: net::ERR_NAME_NOT_RESOLVED @ https://btlr.sharethrough.com/universal/v1?supply_id=WYu2BXv1:0
[ 8112313ms] [ERROR] Failed to load resource: net::ERR_NAME_NOT_RESOLVED @ https://btlr.sharethrough.com/universal/v1?supply_id=WYu2BXv1:0
[ 8112314ms] [ERROR] Failed to load resource: net::ERR_NAME_NOT_RESOLVED @ https://btlr.sharethrough.com/universal/v1?supply_id=WYu2BXv1:0
[ 8144222ms] [ERROR] Failed to load resource: net::ERR_NAME_NOT_RESOLVED @ https://btlr.sharethrough.com/universal/v1?supply_id=WYu2BXv1:0
[ 8144224ms] [ERROR] Failed to load resource: net::ERR_NAME_NOT_RESOLVED @ https://btlr.sharethrough.com/universal/v1?supply_id=WYu2BXv1:0
[ 8145817ms] [WARNING] An iframe which has both allow-scripts and allow-same-origin for its sandbox attribute can escape its sandboxing. @ https://cadmus.script.ac/d1oykxszdrgjgl/script.js:0
[ 8176083ms] [ERROR] Failed to load resource: net::ERR_NAME_NOT_RESOLVED @ https://btlr.sharethrough.com/universal/v1?supply_id=WYu2BXv1:0
[ 8176085ms] [ERROR] Failed to load resource: net::ERR_NAME_NOT_RESOLVED @ https://btlr.sharethrough.com/universal/v1?supply_id=WYu2BXv1:0
[ 8208076ms] [ERROR] Failed to load resource: net::ERR_NAME_NOT_RESOLVED @ https://btlr.sharethrough.com/universal/v1?supply_id=WYu2BXv1:0
[ 8208077ms] [ERROR] Failed to load resource: net::ERR_NAME_NOT_RESOLVED @ https://btlr.sharethrough.com/universal/v1?supply_id=WYu2BXv1:0
[ 8209360ms] [WARNING] An iframe which has both allow-scripts and allow-same-origin for its sandbox attribute can escape its sandboxing. @ https://cadmus.script.ac/d1oykxszdrgjgl/script.js:0
[ 8211412ms] [ERROR] Unsafe attempt to initiate navigation for frame with URL 'about:blank' from frame with URL 'about:srcdoc'. The frame attempting navigation must be same-origin with the target if navigating to a javascript: url
 @ https://choices.trustarc.com/get?name=pmw2.js:0
[ 8211503ms] [ERROR] Failed to load resource: net::ERR_NAME_NOT_RESOLVED @ https://s2s.atmtd.com/s2s/setuid?bidder=inmobi&gdpr=0&gdpr_consent=&gpp=&gpp_sid=&f=i&uid=ID5-5-5d6880f7-58aa-43e4-a6ef-36ecabc24f33:0
[ 8212318ms] [ERROR] Failed to load resource: the server responded with a status of 400 () @ https://match.prod.bidr.io/cookie-sync/verve?gdpr=0&gdpr_consent=:0
[ 8211503ms] [ERROR] Failed to load resource: net::ERR_NAME_NOT_RESOLVED @ https://s2s.atmtd.com/s2s/setuid?bidder=inmobi&gdpr=0&gdpr_consent=&gpp=&gpp_sid=&f=i&uid=ID5-5-5d6880f7-58aa-43e4-a6ef-36ecabc24f33:0
[ 8212318ms] [ERROR] Failed to load resource: the server responded with a status of 400 () @ https://match.prod.bidr.io/cookie-sync/verve?gdpr=0&gdpr_consent=:0
[ 8240168ms] [ERROR] Failed to load resource: net::ERR_NAME_NOT_RESOLVED @ https://btlr.sharethrough.com/universal/v1?supply_id=WYu2BXv1:0
[ 8240170ms] [ERROR] Failed to load resource: net::ERR_NAME_NOT_RESOLVED @ https://btlr.sharethrough.com/universal/v1?supply_id=WYu2BXv1:0
[ 8241777ms] [WARNING] An iframe which has both allow-scripts and allow-same-origin for its sandbox attribute can escape its sandboxing. @ https://cadmus.script.ac/d1oykxszdrgjgl/script.js:0
[ 8243212ms] [TIMEEND] a: 0.00390625 ms @ https://static.adsafeprotected.com/sca.17.6.4.js:31
[ 8243461ms] [TIMEEND] a: 0.0029296875 ms @ https://static.adsafeprotected.com/sca.17.6.4.js:31
[ 8272102ms] [ERROR] Failed to load resource: net::ERR_NAME_NOT_RESOLVED @ https://btlr.sharethrough.com/universal/v1?supply_id=WYu2BXv1:0
[ 8272104ms] [ERROR] Failed to load resource: net::ERR_NAME_NOT_RESOLVED @ https://btlr.sharethrough.com/universal/v1?supply_id=WYu2BXv1:0
[ 8304174ms] [ERROR] Failed to load resource: net::ERR_NAME_NOT_RESOLVED @ https://btlr.sharethrough.com/universal/v1?supply_id=WYu2BXv1:0
[ 8304176ms] [ERROR] Failed to load resource: net::ERR_NAME_NOT_RESOLVED @ https://btlr.sharethrough.com/universal/v1?supply_id=WYu2BXv1:0
[ 8306014ms] [WARNING] An iframe which has both allow-scripts and allow-same-origin for its sandbox attribute can escape its sandboxing. @ https://cadmus.script.ac/d1oykxszdrgjgl/script.js:0
[ 8336396ms] [ERROR] Failed to load resource: net::ERR_NAME_NOT_RESOLVED @ https://btlr.sharethrough.com/universal/v1?supply_id=WYu2BXv1:0
[ 8336399ms] [ERROR] Failed to load resource: net::ERR_NAME_NOT_RESOLVED @ https://btlr.sharethrough.com/universal/v1?supply_id=WYu2BXv1:0
[ 8368373ms] [ERROR] Failed to load resource: net::ERR_NAME_NOT_RESOLVED @ https://btlr.sharethrough.com/universal/v1?supply_id=WYu2BXv1:0
[ 8368376ms] [ERROR] Failed to load resource: net::ERR_NAME_NOT_RESOLVED @ https://btlr.sharethrough.com/universal/v1?supply_id=WYu2BXv1:0
[ 8369800ms] [WARNING] An iframe which has both allow-scripts and allow-same-origin for its sandbox attribute can escape its sandboxing. @ https://cadmus.script.ac/d1oykxszdrgjgl/script.js:0
[ 8400339ms] [ERROR] Failed to load resource: net::ERR_NAME_NOT_RESOLVED @ https://btlr.sharethrough.com/universal/v1?supply_id=WYu2BXv1:0
[ 8400340ms] [ERROR] Failed to load resource: net::ERR_NAME_NOT_RESOLVED @ https://btlr.sharethrough.com/universal/v1?supply_id=WYu2BXv1:0
[ 8401890ms] [WARNING] An iframe which has both allow-scripts and allow-same-origin for its sandbox attribute can escape its sandboxing. @ https://cadmus.script.ac/d1oykxszdrgjgl/script.js:0
[ 8403232ms] [DIR] SyntaxError @ https://js.ad-score.com/score.min.js?pid=1000942&tt=g:1
[ 8403766ms] [TIMEEND] a: 0.006103515625 ms @ https://static.adsafeprotected.com/sca.17.6.4.js:31
[ 8404082ms] [WARNING] The powerPreference option is currently ignored when calling requestAdapter() on Windows. See https://crbug.com/369219127 @ https://js.ad-score.com/score.min.js?pid=1000942&tt=g:1
[ 8432194ms] [ERROR] Failed to load resource: net::ERR_NAME_NOT_RESOLVED @ https://btlr.sharethrough.com/universal/v1?supply_id=WYu2BXv1:0
[ 8432195ms] [ERROR] Failed to load resource: net::ERR_NAME_NOT_RESOLVED @ https://btlr.sharethrough.com/universal/v1?supply_id=WYu2BXv1:0
[ 8433732ms] [WARNING] An iframe which has both allow-scripts and allow-same-origin for its sandbox attribute can escape its sandboxing. @ https://cadmus.script.ac/d1oykxszdrgjgl/script.js:0
[ 8435130ms] [TIMEEND] a: 0.005126953125 ms @ https://static.adsafeprotected.com/sca.17.6.4.js:31
[ 8435386ms] [TIMEEND] a: 0.005126953125 ms @ https://static.adsafeprotected.com/sca.17.6.4.js:31
[ 8464253ms] [ERROR] Failed to load resource: net::ERR_NAME_NOT_RESOLVED @ https://btlr.sharethrough.com/universal/v1?supply_id=WYu2BXv1:0
[ 8464254ms] [ERROR] Failed to load resource: net::ERR_NAME_NOT_RESOLVED @ https://btlr.sharethrough.com/universal/v1?supply_id=WYu2BXv1:0
[ 8496283ms] [ERROR] Failed to load resource: net::ERR_NAME_NOT_RESOLVED @ https://btlr.sharethrough.com/universal/v1?supply_id=WYu2BXv1:0
[ 8496284ms] [ERROR] Failed to load resource: net::ERR_NAME_NOT_RESOLVED @ https://btlr.sharethrough.com/universal/v1?supply_id=WYu2BXv1:0
[ 8497882ms] [WARNING] An iframe which has both allow-scripts and allow-same-origin for its sandbox attribute can escape its sandboxing. @ https://cadmus.script.ac/d1oykxszdrgjgl/script.js:0
[ 8499296ms] [TIMEEND] a: 0.0068359375 ms @ https://static.adsafeprotected.com/sca.17.6.4.js:31
[ 8499715ms] [TIMEEND] a: 0.0048828125 ms @ https://static.adsafeprotected.com/sca.17.6.4.js:31
[ 8500193ms] [TIMEEND] a: 0.005126953125 ms @ https://static.adsafeprotected.com/sca.17.6.4.js:31
[ 8528281ms] [ERROR] Failed to load resource: net::ERR_NAME_NOT_RESOLVED @ https://btlr.sharethrough.com/universal/v1?supply_id=WYu2BXv1:0
[ 8528283ms] [ERROR] Failed to load resource: net::ERR_NAME_NOT_RESOLVED @ https://btlr.sharethrough.com/universal/v1?supply_id=WYu2BXv1:0
[ 8560170ms] [ERROR] Failed to load resource: net::ERR_NAME_NOT_RESOLVED @ https://btlr.sharethrough.com/universal/v1?supply_id=WYu2BXv1:0
[ 8560172ms] [ERROR] Failed to load resource: net::ERR_NAME_NOT_RESOLVED @ https://btlr.sharethrough.com/universal/v1?supply_id=WYu2BXv1:0
[ 8592136ms] [ERROR] Failed to load resource: net::ERR_NAME_NOT_RESOLVED @ https://btlr.sharethrough.com/universal/v1?supply_id=WYu2BXv1:0
[ 8592138ms] [ERROR] Failed to load resource: net::ERR_NAME_NOT_RESOLVED @ https://btlr.sharethrough.com/universal/v1?supply_id=WYu2BXv1:0
[ 8593786ms] [WARNING] An iframe which has both allow-scripts and allow-same-origin for its sandbox attribute can escape its sandboxing. @ https://cadmus.script.ac/d1oykxszdrgjgl/script.js:0
[ 8594014ms] [WARNING] An iframe which has both allow-scripts and allow-same-origin for its sandbox attribute can escape its sandboxing. @ https://cadmus.script.ac/d1oykxszdrgjgl/script.js:0
[ 8594251ms] [ERROR] Access to XMLHttpRequest at 'https://sf.vntsm.com/secure.html' from origin 'https://namu.wiki' has been blocked by CORS policy: No 'Access-Control-Allow-Origin' header is present on the requested resource. @ https://namu.wiki/w/%EB%8B%A4%EC%8B%9C%20%EA%B9%A8%EC%96%B4%EB%82%9C%20%ED%99%A9%EA%B8%88%20%EC%9A%B0%EC%83%81/%EC%8A%A4%ED%85%8C%EC%9D%B4%EC%A7%80:0
[ 8594253ms] [ERROR] Failed to load resource: net::ERR_FAILED @ https://sf.vntsm.com/secure.html:0
[ 8595636ms] [TIMEEND] a: 0.00390625 ms @ https://static.adsafeprotected.com/sca.17.6.4.js:31
[ 8595968ms] [ERROR] Failed to load resource: net::ERR_NAME_NOT_RESOLVED @ https://s2s.atmtd.com/s2s/setuid?bidder=inmobi&gdpr=0&gdpr_consent=&gpp=&gpp_sid=&f=i&uid=ID5-5-5d6880f7-58aa-43e4-a6ef-36ecabc24f33:0
[ 8596667ms] [ERROR] Unsafe attempt to initiate navigation for frame with URL 'about:blank' from frame with URL 'about:srcdoc'. The frame attempting navigation must be same-origin with the target if navigating to a javascript: url
 @ https://choices.trustarc.com/get?name=pmw2.js:0
[ 8596809ms] [TIMEEND] a: 0.004150390625 ms @ https://static.adsafeprotected.com/sca.17.6.4.js:31
[ 8595968ms] [ERROR] Failed to load resource: net::ERR_NAME_NOT_RESOLVED @ https://s2s.atmtd.com/s2s/setuid?bidder=inmobi&gdpr=0&gdpr_consent=&gpp=&gpp_sid=&f=i&uid=ID5-5-5d6880f7-58aa-43e4-a6ef-36ecabc24f33:0
[ 8624142ms] [ERROR] Failed to load resource: net::ERR_NAME_NOT_RESOLVED @ https://btlr.sharethrough.com/universal/v1?supply_id=WYu2BXv1:0
[ 8624144ms] [ERROR] Failed to load resource: net::ERR_NAME_NOT_RESOLVED @ https://btlr.sharethrough.com/universal/v1?supply_id=WYu2BXv1:0
[ 8625750ms] [WARNING] An iframe which has both allow-scripts and allow-same-origin for its sandbox attribute can escape its sandboxing. @ https://cadmus.script.ac/d1oykxszdrgjgl/script.js:0
[ 8627108ms] [TIMEEND] a: 0.0068359375 ms @ https://static.adsafeprotected.com/sca.17.6.4.js:31
[ 8627236ms] [ERROR] Refused to execute script from 'https://ipds.adrta.com/i?__x=GLJFHNMFGGICJKHBHALEKHGFNKLHMLJKMGJOL@FOPEIPIOIEKKGBKOIEHNIMLMGHEJJKGIQAGLNHIMJQJFHIJBGGMJJLMNNJGKLGKNPIIBIMOEGPJNKHIJG@HBEBH&clid=opx&paid=sc&avid=537073277&caid=537096182&publisherId=537144009&plid=556717913&siteId=564240250&kv1=300x600&kv2=https%3A%2F%2Fnamu.wiki%2Fw%2F%25EB%258B%25A4%25EC%258B%259C%2520%25EA%25B9%25A8%25EC%2596%25B4%25EB%2582%259C%2520%25ED%2599%25A9%25EA%25B8%2588%2520%25EC%259A%25B0%25EC%2583%2581%2F%25EC%258A%25A4%25ED%2585%258C%25EC%259D%25B4%25EC%25A7%...!venatus.com,6982f479ce0299b4acd37cc1,1,,,!openx.com,537144009,1,21678c0c-a891-4cf2-a9c2-bef2a840af3a,,&kv10=&kv25=&kv26=Windows&kv28=Microsoft&kv62=&kv63=&kv9=&kv13=&kv3=61ba4b5a-3d62-4b51-a19b-7381b795afba&kv27=Mozilla%2F5.0+%28Windows+NT+10.0%3B+Win64%3B+x64%29+AppleWebKit%2F537.36+%28KHTML%2C+like+Gecko%29+Chrome%2F153.0.0.0+Safari%2F537.36&kv7=e28d7acf-93a0-46c9-a8ec-e3ef1912fa28&kv14=&kv16=37.389&kv17=127.119&kv12=564240254&kv18=&kv19=&kv23=450-02%2C450-04%2C450-08&kv24=Desktop_Display&cb=188161#opx' because its MIME type ('image/gif') is not executable. @ https://sf.vntsm.com/secure.html:0
[ 8627557ms] [TIMEEND] a: 0.005859375 ms @ https://static.adsafeprotected.com/sca.17.6.4.js:31
[ 8656083ms] [ERROR] Failed to load resource: net::ERR_NAME_NOT_RESOLVED @ https://btlr.sharethrough.com/universal/v1?supply_id=WYu2BXv1:0
[ 8656084ms] [ERROR] Failed to load resource: net::ERR_NAME_NOT_RESOLVED @ https://btlr.sharethrough.com/universal/v1?supply_id=WYu2BXv1:0
[ 8657785ms] [WARNING] An iframe which has both allow-scripts and allow-same-origin for its sandbox attribute can escape its sandboxing. @ https://cadmus.script.ac/d1oykxszdrgjgl/script.js:0
[ 8657952ms] [WARNING] An iframe which has both allow-scripts and allow-same-origin for its sandbox attribute can escape its sandboxing. @ https://cadmus.script.ac/d1oykxszdrgjgl/script.js:0
[ 8659524ms] [TIMEEND] a: 0.006103515625 ms @ https://static.adsafeprotected.com/sca.17.6.4.js:31
[ 8659794ms] [ERROR] Unsafe attempt to initiate navigation for frame with URL 'about:blank' from frame with URL 'about:srcdoc'. The frame attempting navigation must be same-origin with the target if navigating to a javascript: url
 @ https://choices.trustarc.com/get?name=pmw2.js:0
[ 8660091ms] [TIMEEND] a: 0.003173828125 ms @ https://static.adsafeprotected.com/sca.17.6.4.js:31
[ 8688228ms] [ERROR] Failed to load resource: net::ERR_NAME_NOT_RESOLVED @ https://btlr.sharethrough.com/universal/v1?supply_id=WYu2BXv1:0
[ 8688229ms] [ERROR] Failed to load resource: net::ERR_NAME_NOT_RESOLVED @ https://btlr.sharethrough.com/universal/v1?supply_id=WYu2BXv1:0
[ 8689748ms] [WARNING] An iframe which has both allow-scripts and allow-same-origin for its sandbox attribute can escape its sandboxing. @ https://cadmus.script.ac/d1oykxszdrgjgl/script.js:0
[ 8691386ms] [TIMEEND] a: 0.007080078125 ms @ https://static.adsafeprotected.com/sca.17.6.4.js:31
[ 8691639ms] [TIMEEND] a: 0.0048828125 ms @ https://static.adsafeprotected.com/sca.17.6.4.js:31
[ 8720203ms] [ERROR] Failed to load resource: net::ERR_NAME_NOT_RESOLVED @ https://btlr.sharethrough.com/universal/v1?supply_id=WYu2BXv1:0
[ 8720205ms] [ERROR] Failed to load resource: net::ERR_NAME_NOT_RESOLVED @ https://btlr.sharethrough.com/universal/v1?supply_id=WYu2BXv1:0
[ 8721543ms] [WARNING] An iframe which has both allow-scripts and allow-same-origin for its sandbox attribute can escape its sandboxing. @ https://cadmus.script.ac/d1oykxszdrgjgl/script.js:0
[ 8723319ms] [ERROR] Unsafe attempt to initiate navigation for frame with URL 'about:blank' from frame with URL 'about:srcdoc'. The frame attempting navigation must be same-origin with the target if navigating to a javascript: url
 @ https://choices.trustarc.com/get?name=pmw2.js:0
[ 8752197ms] [ERROR] Failed to load resource: net::ERR_NAME_NOT_RESOLVED @ https://btlr.sharethrough.com/universal/v1?supply_id=WYu2BXv1:0
[ 8752199ms] [ERROR] Failed to load resource: net::ERR_NAME_NOT_RESOLVED @ https://btlr.sharethrough.com/universal/v1?supply_id=WYu2BXv1:0
[ 8753444ms] [WARNING] An iframe which has both allow-scripts and allow-same-origin for its sandbox attribute can escape its sandboxing. @ https://cadmus.script.ac/d1oykxszdrgjgl/script.js:0
[ 8753711ms] [WARNING] An iframe which has both allow-scripts and allow-same-origin for its sandbox attribute can escape its sandboxing. @ https://cadmus.script.ac/d1oykxszdrgjgl/script.js:0
[ 8754858ms] [DIR] SyntaxError @ https://js.ad-score.com/score.min.js?pid=1000942&tt=g:1
[ 8755577ms] [ERROR] Refused to execute script from 'https://ipds.adrta.com/i?__x=GLJFHNMFGGICJKHBHAGHEOJFPPKKNJLPGMONM@FOPEIPJFKMKHIBKJHHKQIKJOFINENNHHMAGLNHIMKHLNHFLBKGHMHLLHKIGLOMGLPGLBIMOEGPKEMPIGI@HBEBH&clid=opx&paid=sc&avid=537073277&caid=537096182&publisherId=537144009&plid=556717913&siteId=564240250&kv1=300x600&kv2=https%3A%2F%2Fnamu.wiki%2Fw%2F%25EB%258B%25A4%25EC%258B%259C%2520%25EA%25B9%25A8%25EC%2596%25B4%25EB%2582%259C%2520%25ED%2599%25A9%25EA%25B8%2588%2520%25EC%259A%25B0%25EC%2583%2581%2F%25EC%258A%25A4%25ED%2585%258C%25EC%259D%25B4%25EC%25A7%...!venatus.com,6982f479ce0299b4acd37cc1,1,,,!openx.com,537144009,1,96b87833-6108-4fbc-934a-be2af9f18540,,&kv10=&kv25=&kv26=Windows&kv28=Microsoft&kv62=&kv63=&kv9=&kv13=&kv3=61ba4b5a-3d62-4b51-a19b-7381b795afba&kv27=Mozilla%2F5.0+%28Windows+NT+10.0%3B+Win64%3B+x64%29+AppleWebKit%2F537.36+%28KHTML%2C+like+Gecko%29+Chrome%2F153.0.0.0+Safari%2F537.36&kv7=e28d7acf-93a0-46c9-a8ec-e3ef1912fa28&kv14=&kv16=37.389&kv17=127.119&kv12=564240254&kv18=&kv19=&kv23=450-02%2C450-04%2C450-08&kv24=Desktop_Display&cb=101466#opx' because its MIME type ('image/gif') is not executable. @ https://sf.vntsm.com/secure.html:0
[ 8755651ms] [TIMEEND] a: 0.008056640625 ms @ https://static.adsafeprotected.com/sca.17.6.4.js:31
[ 8755743ms] [TIMEEND] a: 0.00390625 ms @ https://static.adsafeprotected.com/sca.17.6.4.js:31
[ 8755975ms] [TIMEEND] a: 0.005859375 ms @ https://static.adsafeprotected.com/sca.17.6.4.js:31
[ 8756046ms] [WARNING] The powerPreference option is currently ignored when calling requestAdapter() on Windows. See https://crbug.com/369219127 @ https://js.ad-score.com/score.min.js?pid=1000942&tt=g:1
[ 8784223ms] [ERROR] Failed to load resource: net::ERR_NAME_NOT_RESOLVED @ https://btlr.sharethrough.com/universal/v1?supply_id=WYu2BXv1:0
[ 8784225ms] [ERROR] Failed to load resource: net::ERR_NAME_NOT_RESOLVED @ https://btlr.sharethrough.com/universal/v1?supply_id=WYu2BXv1:0
[ 8785635ms] [WARNING] An iframe which has both allow-scripts and allow-same-origin for its sandbox attribute can escape its sandboxing. @ https://cadmus.script.ac/d1oykxszdrgjgl/script.js:0
[ 8786089ms] [WARNING] An iframe which has both allow-scripts and allow-same-origin for its sandbox attribute can escape its sandboxing. @ https://cadmus.script.ac/d1oykxszdrgjgl/script.js:0
[ 8787264ms] [ERROR] Unsafe attempt to initiate navigation for frame with URL 'about:blank' from frame with URL 'about:srcdoc'. The frame attempting navigation must be same-origin with the target if navigating to a javascript: url
 @ https://choices.trustarc.com/get?name=pmw2.js:0
[ 8787802ms] [TIMEEND] a: 0.006103515625 ms @ https://static.adsafeprotected.com/sca.17.6.4.js:31
[ 8787909ms] [ERROR] Refused to execute script from 'https://ipds.adrta.com/i?__x=GLJFHNMFGGICJKHBHAMHMIMGJLNHLGIJNJJNI@FOPEIPJGEEPOJBJNIENMMFMPOGMFJIMOKAGLNHIMKIFFMMMBJNOKIJGJJIMMNIENJNLBIMOEGPKFGHNNJ@HBEBH&clid=opx&paid=sc&avid=537073277&caid=537096182&publisherId=537144009&plid=556717913&siteId=564240250&kv1=300x600&kv2=https%3A%2F%2Fnamu.wiki%2Fw%2F%25EB%258B%25A4%25EC%258B%259C%2520%25EA%25B9%25A8%25EC%2596%25B4%25EB%2582%259C%2520%25ED%2599%25A9%25EA%25B8%2588%2520%25EC%259A%25B0%25EC%2583%2581%2F%25EC%258A%25A4%25ED%2585%258C%25EC%259D%25B4%25EC%25A7%...1!venatus.com,6982f479ce0299b4acd37cc1,1,,,!openx.com,537144009,1,81aef93d-e744-4a8d-9237-6770765addc8,,&kv10=&kv25=&kv26=Windows&kv28=Microsoft&kv62=&kv63=&kv9=&kv13=&kv3=61ba4b5a-3d62-4b51-a19b-7381b795afba&kv27=Mozilla%2F5.0+%28Windows+NT+10.0%3B+Win64%3B+x64%29+AppleWebKit%2F537.36+%28KHTML%2C+like+Gecko%29+Chrome%2F153.0.0.0+Safari%2F537.36&kv7=e28d7acf-93a0-46c9-a8ec-e3ef1912fa28&kv14=&kv16=37.389&kv17=127.119&kv12=564240254&kv18=&kv19=&kv23=450-02%2C450-04%2C450-08&kv24=Desktop_Display&cb=48747#opx' because its MIME type ('image/gif') is not executable. @ https://sf.vntsm.com/secure.html:0
[ 8788237ms] [TIMEEND] a: 0.0068359375 ms @ https://static.adsafeprotected.com/sca.17.6.4.js:31
[ 8816312ms] [ERROR] Failed to load resource: net::ERR_NAME_NOT_RESOLVED @ https://btlr.sharethrough.com/universal/v1?supply_id=WYu2BXv1:0
[ 8816314ms] [ERROR] Failed to load resource: net::ERR_NAME_NOT_RESOLVED @ https://btlr.sharethrough.com/universal/v1?supply_id=WYu2BXv1:0
[ 8817588ms] [WARNING] An iframe which has both allow-scripts and allow-same-origin for its sandbox attribute can escape its sandboxing. @ https://cadmus.script.ac/d1oykxszdrgjgl/script.js:0
[ 8818857ms] [ERROR] Failed to load resource: net::ERR_NAME_NOT_RESOLVED @ https://s2s.atmtd.com/s2s/setuid?bidder=inmobi&gdpr=0&gdpr_consent=&gpp=&gpp_sid=&f=i&uid=ID5-5-5d6880f7-58aa-43e4-a6ef-36ecabc24f33:0
[ 8819196ms] [ERROR] Unsafe attempt to initiate navigation for frame with URL 'about:blank' from frame with URL 'about:srcdoc'. The frame attempting navigation must be same-origin with the target if navigating to a javascript: url
 @ https://choices.trustarc.com/get?name=pmw2.js:0
[ 8818857ms] [ERROR] Failed to load resource: net::ERR_NAME_NOT_RESOLVED @ https://s2s.atmtd.com/s2s/setuid?bidder=inmobi&gdpr=0&gdpr_consent=&gpp=&gpp_sid=&f=i&uid=ID5-5-5d6880f7-58aa-43e4-a6ef-36ecabc24f33:0
[ 8848166ms] [ERROR] Failed to load resource: net::ERR_NAME_NOT_RESOLVED @ https://btlr.sharethrough.com/universal/v1?supply_id=WYu2BXv1:0
[ 8848168ms] [ERROR] Failed to load resource: net::ERR_NAME_NOT_RESOLVED @ https://btlr.sharethrough.com/universal/v1?supply_id=WYu2BXv1:0
[ 8880248ms] [ERROR] Failed to load resource: net::ERR_NAME_NOT_RESOLVED @ https://btlr.sharethrough.com/universal/v1?supply_id=WYu2BXv1:0
[ 8880250ms] [ERROR] Failed to load resource: net::ERR_NAME_NOT_RESOLVED @ https://btlr.sharethrough.com/universal/v1?supply_id=WYu2BXv1:0
[ 8912257ms] [ERROR] Failed to load resource: net::ERR_NAME_NOT_RESOLVED @ https://btlr.sharethrough.com/universal/v1?supply_id=WYu2BXv1:0
[ 8912259ms] [ERROR] Failed to load resource: net::ERR_NAME_NOT_RESOLVED @ https://btlr.sharethrough.com/universal/v1?supply_id=WYu2BXv1:0
[ 8944156ms] [ERROR] Failed to load resource: net::ERR_NAME_NOT_RESOLVED @ https://btlr.sharethrough.com/universal/v1?supply_id=WYu2BXv1:0
[ 8944158ms] [ERROR] Failed to load resource: net::ERR_NAME_NOT_RESOLVED @ https://btlr.sharethrough.com/universal/v1?supply_id=WYu2BXv1:0
[ 8945548ms] [WARNING] An iframe which has both allow-scripts and allow-same-origin for its sandbox attribute can escape its sandboxing. @ https://cadmus.script.ac/d1oykxszdrgjgl/script.js:0
[ 8945891ms] [WARNING] An iframe which has both allow-scripts and allow-same-origin for its sandbox attribute can escape its sandboxing. @ https://cadmus.script.ac/d1oykxszdrgjgl/script.js:0
[ 8947123ms] [ERROR] Failed to load resource: net::ERR_NAME_NOT_RESOLVED @ https://s2s.atmtd.com/s2s/setuid?bidder=inmobi&gdpr=0&gdpr_consent=&gpp=&gpp_sid=&f=i&uid=ID5-5-5d6880f7-58aa-43e4-a6ef-36ecabc24f33:0
[ 8947285ms] [TIMEEND] a: 0.007080078125 ms @ https://static.adsafeprotected.com/sca.17.6.4.js:31
[ 8947385ms] [ERROR] Unsafe attempt to initiate navigation for frame with URL 'about:blank' from frame with URL 'about:srcdoc'. The frame attempting navigation must be same-origin with the target if navigating to a javascript: url
 @ https://choices.trustarc.com/get?name=pmw2.js:0
[ 8947748ms] [TIMEEND] a: 0.005859375 ms @ https://static.adsafeprotected.com/sca.17.6.4.js:31
[ 8948120ms] [ERROR] Failed to load resource: the server responded with a status of 404 (Not Found) @ https://us.shb-sync.com/bf2ecb77-8b3f-11ed-9a3c-0cc47a787f5e.gif?puid=[UID]&redir=https%3A%2F%2Fs.ad.smaato.net%2Fc%2F%3FdspId%3D1074%26dspCookie%3D%5BUID%5D%26gdpr%3D0%26gdpr_consent%3D&gdpr=0&gdpr_consent=:0
[ 8947123ms] [ERROR] Failed to load resource: net::ERR_NAME_NOT_RESOLVED @ https://s2s.atmtd.com/s2s/setuid?bidder=inmobi&gdpr=0&gdpr_consent=&gpp=&gpp_sid=&f=i&uid=ID5-5-5d6880f7-58aa-43e4-a6ef-36ecabc24f33:0
[ 8948120ms] [ERROR] Failed to load resource: the server responded with a status of 404 (Not Found) @ https://us.shb-sync.com/bf2ecb77-8b3f-11ed-9a3c-0cc47a787f5e.gif?puid=[UID]&redir=https%3A%2F%2Fs.ad.smaato.net%2Fc%2F%3FdspId%3D1074%26dspCookie%3D%5BUID%5D%26gdpr%3D0%26gdpr_consent%3D&gdpr=0&gdpr_consent=:0
[ 8976130ms] [ERROR] Failed to load resource: net::ERR_NAME_NOT_RESOLVED @ https://btlr.sharethrough.com/universal/v1?supply_id=WYu2BXv1:0
[ 8976132ms] [ERROR] Failed to load resource: net::ERR_NAME_NOT_RESOLVED @ https://btlr.sharethrough.com/universal/v1?supply_id=WYu2BXv1:0
[ 8977642ms] [WARNING] An iframe which has both allow-scripts and allow-same-origin for its sandbox attribute can escape its sandboxing. @ https://cadmus.script.ac/d1oykxszdrgjgl/script.js:0
[ 8979257ms] [ERROR] Unsafe attempt to initiate navigation for frame with URL 'about:blank' from frame with URL 'about:srcdoc'. The frame attempting navigation must be same-origin with the target if navigating to a javascript: url
 @ https://choices.trustarc.com/get?name=pmw2.js:0
[ 8979598ms] [ERROR] Failed to load resource: the server responded with a status of 400 (Bad Request) @ https://syncingbridge.com/user?gdpr=0&gdpr_consent=&usp_consent=&p=11&redirect=https%3A%2F%2Fsync.inmobi.com%2Fsetuid%3FbidderID%3D869%26dspUserId%3D%7BUID%7D:0
[ 8979728ms] [ERROR] Failed to load resource: the server responded with a status of 404 (Not Found) @ https://us.shb-sync.com/bf2ecb77-8b3f-11ed-9a3c-0cc47a787f5e.gif?puid=[UID]&redir=https%3A%2F%2Fs.ad.smaato.net%2Fc%2F%3FdspId%3D1074%26dspCookie%3D%5BUID%5D%26gdpr%3D0%26gdpr_consent%3D&gdpr=0&gdpr_consent=:0
[ 8979598ms] [ERROR] Failed to load resource: the server responded with a status of 400 (Bad Request) @ https://syncingbridge.com/user?gdpr=0&gdpr_consent=&usp_consent=&p=11&redirect=https%3A%2F%2Fsync.inmobi.com%2Fsetuid%3FbidderID%3D869%26dspUserId%3D%7BUID%7D:0
[ 8979728ms] [ERROR] Failed to load resource: the server responded with a status of 404 (Not Found) @ https://us.shb-sync.com/bf2ecb77-8b3f-11ed-9a3c-0cc47a787f5e.gif?puid=[UID]&redir=https%3A%2F%2Fs.ad.smaato.net%2Fc%2F%3FdspId%3D1074%26dspCookie%3D%5BUID%5D%26gdpr%3D0%26gdpr_consent%3D&gdpr=0&gdpr_consent=:0
[ 9008272ms] [ERROR] Failed to load resource: net::ERR_NAME_NOT_RESOLVED @ https://btlr.sharethrough.com/universal/v1?supply_id=WYu2BXv1:0
[ 9008273ms] [ERROR] Failed to load resource: net::ERR_NAME_NOT_RESOLVED @ https://btlr.sharethrough.com/universal/v1?supply_id=WYu2BXv1:0
[ 9040342ms] [ERROR] Failed to load resource: net::ERR_NAME_NOT_RESOLVED @ https://btlr.sharethrough.com/universal/v1?supply_id=WYu2BXv1:0
[ 9040344ms] [ERROR] Failed to load resource: net::ERR_NAME_NOT_RESOLVED @ https://btlr.sharethrough.com/universal/v1?supply_id=WYu2BXv1:0
[ 9041743ms] [WARNING] An iframe which has both allow-scripts and allow-same-origin for its sandbox attribute can escape its sandboxing. @ https://cadmus.script.ac/d1oykxszdrgjgl/script.js:0
[ 9072427ms] [ERROR] Failed to load resource: net::ERR_NAME_NOT_RESOLVED @ https://btlr.sharethrough.com/universal/v1?supply_id=WYu2BXv1:0
[ 9072429ms] [ERROR] Failed to load resource: net::ERR_NAME_NOT_RESOLVED @ https://btlr.sharethrough.com/universal/v1?supply_id=WYu2BXv1:0
[ 9104360ms] [ERROR] Failed to load resource: net::ERR_NAME_NOT_RESOLVED @ https://btlr.sharethrough.com/universal/v1?supply_id=WYu2BXv1:0
[ 9104361ms] [ERROR] Failed to load resource: net::ERR_NAME_NOT_RESOLVED @ https://btlr.sharethrough.com/universal/v1?supply_id=WYu2BXv1:0
[ 9105686ms] [WARNING] An iframe which has both allow-scripts and allow-same-origin for its sandbox attribute can escape its sandboxing. @ https://cadmus.script.ac/d1oykxszdrgjgl/script.js:0
[ 9107138ms] [TIMEEND] a: 0.005859375 ms @ https://static.adsafeprotected.com/sca.17.6.4.js:31
[ 9107396ms] [TIMEEND] a: 0.006103515625 ms @ https://static.adsafeprotected.com/sca.17.6.4.js:31
[ 9136308ms] [ERROR] Failed to load resource: net::ERR_NAME_NOT_RESOLVED @ https://btlr.sharethrough.com/universal/v1?supply_id=WYu2BXv1:0
[ 9136309ms] [ERROR] Failed to load resource: net::ERR_NAME_NOT_RESOLVED @ https://btlr.sharethrough.com/universal/v1?supply_id=WYu2BXv1:0
[ 9168291ms] [ERROR] Failed to load resource: net::ERR_NAME_NOT_RESOLVED @ https://btlr.sharethrough.com/universal/v1?supply_id=WYu2BXv1:0
[ 9168293ms] [ERROR] Failed to load resource: net::ERR_NAME_NOT_RESOLVED @ https://btlr.sharethrough.com/universal/v1?supply_id=WYu2BXv1:0
[ 9169868ms] [WARNING] An iframe which has both allow-scripts and allow-same-origin for its sandbox attribute can escape its sandboxing. @ https://cadmus.script.ac/d1oykxszdrgjgl/script.js:0
[ 9171353ms] [TIMEEND] a: 0.004150390625 ms @ https://static.adsafeprotected.com/sca.17.6.4.js:31
[ 9171607ms] [TIMEEND] a: 0.0029296875 ms @ https://static.adsafeprotected.com/sca.17.6.4.js:31
[ 9200245ms] [ERROR] Failed to load resource: net::ERR_NAME_NOT_RESOLVED @ https://btlr.sharethrough.com/universal/v1?supply_id=WYu2BXv1:0
[ 9200246ms] [ERROR] Failed to load resource: net::ERR_NAME_NOT_RESOLVED @ https://btlr.sharethrough.com/universal/v1?supply_id=WYu2BXv1:0
[ 9201822ms] [WARNING] An iframe which has both allow-scripts and allow-same-origin for its sandbox attribute can escape its sandboxing. @ https://cadmus.script.ac/d1oykxszdrgjgl/script.js:0
[ 9203143ms] [TIMEEND] a: 0.00390625 ms @ https://static.adsafeprotected.com/sca.17.6.4.js:31
[ 9203403ms] [TIMEEND] a: 0.00390625 ms @ https://static.adsafeprotected.com/sca.17.6.4.js:31
[ 9232161ms] [ERROR] Failed to load resource: net::ERR_NAME_NOT_RESOLVED @ https://btlr.sharethrough.com/universal/v1?supply_id=WYu2BXv1:0
[ 9232163ms] [ERROR] Failed to load resource: net::ERR_NAME_NOT_RESOLVED @ https://btlr.sharethrough.com/universal/v1?supply_id=WYu2BXv1:0
[ 9233751ms] [WARNING] An iframe which has both allow-scripts and allow-same-origin for its sandbox attribute can escape its sandboxing. @ https://cadmus.script.ac/d1oykxszdrgjgl/script.js:0
[ 9264265ms] [ERROR] Failed to load resource: net::ERR_NAME_NOT_RESOLVED @ https://btlr.sharethrough.com/universal/v1?supply_id=WYu2BXv1:0
[ 9264268ms] [ERROR] Failed to load resource: net::ERR_NAME_NOT_RESOLVED @ https://btlr.sharethrough.com/universal/v1?supply_id=WYu2BXv1:0
[ 9265746ms] [WARNING] An iframe which has both allow-scripts and allow-same-origin for its sandbox attribute can escape its sandboxing. @ https://cadmus.script.ac/d1oykxszdrgjgl/script.js:0
[ 9267154ms] [TIMEEND] a: 0.0068359375 ms @ https://static.adsafeprotected.com/sca.17.6.4.js:31
[ 9267398ms] [TIMEEND] a: 0.0029296875 ms @ https://static.adsafeprotected.com/sca.17.6.4.js:31
[ 9296173ms] [ERROR] Failed to load resource: net::ERR_NAME_NOT_RESOLVED @ https://btlr.sharethrough.com/universal/v1?supply_id=WYu2BXv1:0
[ 9296175ms] [ERROR] Failed to load resource: net::ERR_NAME_NOT_RESOLVED @ https://btlr.sharethrough.com/universal/v1?supply_id=WYu2BXv1:0
[ 9297458ms] [WARNING] An iframe which has both allow-scripts and allow-same-origin for its sandbox attribute can escape its sandboxing. @ https://cadmus.script.ac/d1oykxszdrgjgl/script.js:0
[ 9298043ms] [WARNING] An iframe which has both allow-scripts and allow-same-origin for its sandbox attribute can escape its sandboxing. @ https://cadmus.script.ac/d1oykxszdrgjgl/script.js:0
[ 9299408ms] [TIMEEND] a: 0.00390625 ms @ https://static.adsafeprotected.com/sca.17.6.4.js:31
[ 9299575ms] [ERROR] Unsafe attempt to initiate navigation for frame with URL 'about:blank' from frame with URL 'about:srcdoc'. The frame attempting navigation must be same-origin with the target if navigating to a javascript: url
 @ https://choices.trustarc.com/get?name=pmw2.js:0
[ 9299860ms] [TIMEEND] a: 0.006103515625 ms @ https://static.adsafeprotected.com/sca.17.6.4.js:31
[ 9328242ms] [ERROR] Failed to load resource: net::ERR_NAME_NOT_RESOLVED @ https://btlr.sharethrough.com/universal/v1?supply_id=WYu2BXv1:0
[ 9328243ms] [ERROR] Failed to load resource: net::ERR_NAME_NOT_RESOLVED @ https://btlr.sharethrough.com/universal/v1?supply_id=WYu2BXv1:0
[ 9360225ms] [ERROR] Failed to load resource: net::ERR_NAME_NOT_RESOLVED @ https://btlr.sharethrough.com/universal/v1?supply_id=WYu2BXv1:0
[ 9360227ms] [ERROR] Failed to load resource: net::ERR_NAME_NOT_RESOLVED @ https://btlr.sharethrough.com/universal/v1?supply_id=WYu2BXv1:0
[ 9361838ms] [WARNING] An iframe which has both allow-scripts and allow-same-origin for its sandbox attribute can escape its sandboxing. @ https://cadmus.script.ac/d1oykxszdrgjgl/script.js:0
[ 9392153ms] [ERROR] Failed to load resource: net::ERR_NAME_NOT_RESOLVED @ https://btlr.sharethrough.com/universal/v1?supply_id=WYu2BXv1:0
[ 9392154ms] [ERROR] Failed to load resource: net::ERR_NAME_NOT_RESOLVED @ https://btlr.sharethrough.com/universal/v1?supply_id=WYu2BXv1:0
[ 9424108ms] [ERROR] Failed to load resource: net::ERR_NAME_NOT_RESOLVED @ https://btlr.sharethrough.com/universal/v1?supply_id=WYu2BXv1:0
[ 9424110ms] [ERROR] Failed to load resource: net::ERR_NAME_NOT_RESOLVED @ https://btlr.sharethrough.com/universal/v1?supply_id=WYu2BXv1:0
[ 9456079ms] [ERROR] Failed to load resource: net::ERR_NAME_NOT_RESOLVED @ https://btlr.sharethrough.com/universal/v1?supply_id=WYu2BXv1:0
[ 9456080ms] [ERROR] Failed to load resource: net::ERR_NAME_NOT_RESOLVED @ https://btlr.sharethrough.com/universal/v1?supply_id=WYu2BXv1:0
[ 9457793ms] [WARNING] An iframe which has both allow-scripts and allow-same-origin for its sandbox attribute can escape its sandboxing. @ https://cadmus.script.ac/d1oykxszdrgjgl/script.js:0
[ 9459244ms] [TIMEEND] a: 0.0048828125 ms @ https://static.adsafeprotected.com/sca.17.6.4.js:31
[ 9459533ms] [TIMEEND] a: 0.005859375 ms @ https://static.adsafeprotected.com/sca.17.6.4.js:31
[ 9460019ms] [TIMEEND] a: 0.006103515625 ms @ https://static.adsafeprotected.com/sca.17.6.4.js:31
[ 9488160ms] [ERROR] Failed to load resource: net::ERR_NAME_NOT_RESOLVED @ https://btlr.sharethrough.com/universal/v1?supply_id=WYu2BXv1:0
[ 9488162ms] [ERROR] Failed to load resource: net::ERR_NAME_NOT_RESOLVED @ https://btlr.sharethrough.com/universal/v1?supply_id=WYu2BXv1:0
[ 9520335ms] [ERROR] Failed to load resource: net::ERR_NAME_NOT_RESOLVED @ https://btlr.sharethrough.com/universal/v1?supply_id=WYu2BXv1:0
[ 9520337ms] [ERROR] Failed to load resource: net::ERR_NAME_NOT_RESOLVED @ https://btlr.sharethrough.com/universal/v1?supply_id=WYu2BXv1:0
[ 9552259ms] [ERROR] Failed to load resource: net::ERR_NAME_NOT_RESOLVED @ https://btlr.sharethrough.com/universal/v1?supply_id=WYu2BXv1:0
[ 9552261ms] [ERROR] Failed to load resource: net::ERR_NAME_NOT_RESOLVED @ https://btlr.sharethrough.com/universal/v1?supply_id=WYu2BXv1:0
[ 9584219ms] [ERROR] Failed to load resource: net::ERR_NAME_NOT_RESOLVED @ https://btlr.sharethrough.com/universal/v1?supply_id=WYu2BXv1:0
[ 9584221ms] [ERROR] Failed to load resource: net::ERR_NAME_NOT_RESOLVED @ https://btlr.sharethrough.com/universal/v1?supply_id=WYu2BXv1:0
[ 9586135ms] [WARNING] An iframe which has both allow-scripts and allow-same-origin for its sandbox attribute can escape its sandboxing. @ https://cadmus.script.ac/d1oykxszdrgjgl/script.js:0
[ 9587500ms] [DIR] SyntaxError @ https://js.ad-score.com/score.min.js?pid=1000942&tt=g:1
[ 9587956ms] [TIMEEND] a: 0.005126953125 ms @ https://static.adsafeprotected.com/sca.17.6.4.js:31
[ 9588390ms] [WARNING] The powerPreference option is currently ignored when calling requestAdapter() on Windows. See https://crbug.com/369219127 @ https://js.ad-score.com/score.min.js?pid=1000942&tt=g:1
[ 9616194ms] [ERROR] Failed to load resource: net::ERR_NAME_NOT_RESOLVED @ https://btlr.sharethrough.com/universal/v1?supply_id=WYu2BXv1:0
[ 9616196ms] [ERROR] Failed to load resource: net::ERR_NAME_NOT_RESOLVED @ https://btlr.sharethrough.com/universal/v1?supply_id=WYu2BXv1:0
[ 9648370ms] [ERROR] Failed to load resource: net::ERR_NAME_NOT_RESOLVED @ https://btlr.sharethrough.com/universal/v1?supply_id=WYu2BXv1:0
[ 9648372ms] [ERROR] Failed to load resource: net::ERR_NAME_NOT_RESOLVED @ https://btlr.sharethrough.com/universal/v1?supply_id=WYu2BXv1:0
[ 9680330ms] [ERROR] Failed to load resource: net::ERR_NAME_NOT_RESOLVED @ https://btlr.sharethrough.com/universal/v1?supply_id=WYu2BXv1:0
[ 9680332ms] [ERROR] Failed to load resource: net::ERR_NAME_NOT_RESOLVED @ https://btlr.sharethrough.com/universal/v1?supply_id=WYu2BXv1:0
[ 9712179ms] [ERROR] Failed to load resource: net::ERR_NAME_NOT_RESOLVED @ https://btlr.sharethrough.com/universal/v1?supply_id=WYu2BXv1:0
[ 9713210ms] [ERROR] Failed to load resource: net::ERR_NAME_NOT_RESOLVED @ https://btlr.sharethrough.com/universal/v1?supply_id=WYu2BXv1:0
[ 9713759ms] [WARNING] An iframe which has both allow-scripts and allow-same-origin for its sandbox attribute can escape its sandboxing. @ https://cadmus.script.ac/d1oykxszdrgjgl/script.js:0
[ 9716047ms] [ERROR] Unsafe attempt to initiate navigation for frame with URL 'about:blank' from frame with URL 'about:srcdoc'. The frame attempting navigation must be same-origin with the target if navigating to a javascript: url
 @ https://choices.trustarc.com/get?name=pmw2.js:0
[ 9717489ms] [ERROR] Failed to load resource: the server responded with a status of 404 (Not Found) @ https://sync-tb.yrxtam.com/ffb9b365d87c2b3126298b7483e4ddd1.gif?puid=[UID]&redir=https%3A%2F%2Fs.ad.smaato.net%2Fc%2F%3FdspId%3D1519%26dspCookie%3D%24UID%26gdpr%3D0%26gdpr_consent%3D&gdpr=0&gdpr_consent=&coppa=[COPPA]&gpp=[GPP]&gpp_sid=[GPP_SID]:0
[ 9744069ms] [ERROR] Failed to load resource: net::ERR_NAME_NOT_RESOLVED @ https://btlr.sharethrough.com/universal/v1?supply_id=WYu2BXv1:0
[ 9746161ms] [ERROR] Failed to load resource: net::ERR_NAME_NOT_RESOLVED @ https://btlr.sharethrough.com/universal/v1?supply_id=WYu2BXv1:0
[ 9777258ms] [ERROR] Failed to load resource: net::ERR_NAME_NOT_RESOLVED @ https://btlr.sharethrough.com/universal/v1?supply_id=WYu2BXv1:0
[ 9777260ms] [ERROR] Failed to load resource: net::ERR_NAME_NOT_RESOLVED @ https://btlr.sharethrough.com/universal/v1?supply_id=WYu2BXv1:0
[ 9778682ms] [WARNING] An iframe which has both allow-scripts and allow-same-origin for its sandbox attribute can escape its sandboxing. @ https://cadmus.script.ac/d1oykxszdrgjgl/script.js:0
[ 9780391ms] [TIMEEND] a: 0.004150390625 ms @ https://static.adsafeprotected.com/sca.17.6.4.js:31
[ 9780662ms] [TIMEEND] a: 0.0048828125 ms @ https://static.adsafeprotected.com/sca.17.6.4.js:31
[ 9810569ms] [ERROR] Failed to load resource: net::ERR_NAME_NOT_RESOLVED @ https://btlr.sharethrough.com/universal/v1?supply_id=WYu2BXv1:0
[ 9810571ms] [ERROR] Failed to load resource: net::ERR_NAME_NOT_RESOLVED @ https://btlr.sharethrough.com/universal/v1?supply_id=WYu2BXv1:0
[ 9811202ms] [WARNING] An iframe which has both allow-scripts and allow-same-origin for its sandbox attribute can escape its sandboxing. @ https://cadmus.script.ac/d1oykxszdrgjgl/script.js:0
[ 9842257ms] [ERROR] Failed to load resource: net::ERR_NAME_NOT_RESOLVED @ https://btlr.sharethrough.com/universal/v1?supply_id=WYu2BXv1:0
[ 9842259ms] [ERROR] Failed to load resource: net::ERR_NAME_NOT_RESOLVED @ https://btlr.sharethrough.com/universal/v1?supply_id=WYu2BXv1:0
[ 9843782ms] [WARNING] An iframe which has both allow-scripts and allow-same-origin for its sandbox attribute can escape its sandboxing. @ https://cadmus.script.ac/d1oykxszdrgjgl/script.js:0
[ 9845324ms] [TIMEEND] a: 0.0048828125 ms @ https://static.adsafeprotected.com/sca.17.6.4.js:31
[ 9845584ms] [TIMEEND] a: 0.00390625 ms @ https://static.adsafeprotected.com/sca.17.6.4.js:31
[ 9874227ms] [ERROR] Failed to load resource: net::ERR_NAME_NOT_RESOLVED @ https://btlr.sharethrough.com/universal/v1?supply_id=WYu2BXv1:0
[ 9874229ms] [ERROR] Failed to load resource: net::ERR_NAME_NOT_RESOLVED @ https://btlr.sharethrough.com/universal/v1?supply_id=WYu2BXv1:0
[ 9875871ms] [WARNING] An iframe which has both allow-scripts and allow-same-origin for its sandbox attribute can escape its sandboxing. @ https://cadmus.script.ac/d1oykxszdrgjgl/script.js:0
[ 9877410ms] [DIR] SyntaxError @ https://js.ad-score.com/score.min.js?pid=1000942&tt=g:1
[ 9877955ms] [TIMEEND] a: 0.004150390625 ms @ https://static.adsafeprotected.com/sca.17.6.4.js:31
[ 9878327ms] [WARNING] The powerPreference option is currently ignored when calling requestAdapter() on Windows. See https://crbug.com/369219127 @ https://js.ad-score.com/score.min.js?pid=1000942&tt=g:1
[ 9906299ms] [ERROR] Failed to load resource: net::ERR_NAME_NOT_RESOLVED @ https://btlr.sharethrough.com/universal/v1?supply_id=WYu2BXv1:0
[ 9906300ms] [ERROR] Failed to load resource: net::ERR_NAME_NOT_RESOLVED @ https://btlr.sharethrough.com/universal/v1?supply_id=WYu2BXv1:0
[ 9938467ms] [ERROR] Failed to load resource: net::ERR_NAME_NOT_RESOLVED @ https://btlr.sharethrough.com/universal/v1?supply_id=WYu2BXv1:0
[ 9938468ms] [ERROR] Failed to load resource: net::ERR_NAME_NOT_RESOLVED @ https://btlr.sharethrough.com/universal/v1?supply_id=WYu2BXv1:0
[ 9939923ms] [WARNING] An iframe which has both allow-scripts and allow-same-origin for its sandbox attribute can escape its sandboxing. @ https://cadmus.script.ac/d1oykxszdrgjgl/script.js:0
[ 9941394ms] [TIMEEND] a: 0.00390625 ms @ https://static.adsafeprotected.com/sca.17.6.4.js:31
[ 9941644ms] [TIMEEND] a: 0.004150390625 ms @ https://static.adsafeprotected.com/sca.17.6.4.js:31
[ 9970299ms] [ERROR] Failed to load resource: net::ERR_NAME_NOT_RESOLVED @ https://btlr.sharethrough.com/universal/v1?supply_id=WYu2BXv1:0
[ 9970301ms] [ERROR] Failed to load resource: net::ERR_NAME_NOT_RESOLVED @ https://btlr.sharethrough.com/universal/v1?supply_id=WYu2BXv1:0
[ 9971857ms] [WARNING] An iframe which has both allow-scripts and allow-same-origin for its sandbox attribute can escape its sandboxing. @ https://cadmus.script.ac/d1oykxszdrgjgl/script.js:0
[ 9973302ms] [TIMEEND] a: 0.003173828125 ms @ https://static.adsafeprotected.com/sca.17.6.4.js:31
[ 9973558ms] [TIMEEND] a: 0.00390625 ms @ https://static.adsafeprotected.com/sca.17.6.4.js:31
[10002254ms] [ERROR] Failed to load resource: net::ERR_NAME_NOT_RESOLVED @ https://btlr.sharethrough.com/universal/v1?supply_id=WYu2BXv1:0
[10002256ms] [ERROR] Failed to load resource: net::ERR_NAME_NOT_RESOLVED @ https://btlr.sharethrough.com/universal/v1?supply_id=WYu2BXv1:0
[10003463ms] [WARNING] An iframe which has both allow-scripts and allow-same-origin for its sandbox attribute can escape its sandboxing. @ https://cadmus.script.ac/d1oykxszdrgjgl/script.js:0
[10004908ms] [DIR] SyntaxError @ https://js.ad-score.com/score.min.js?pid=1000942&tt=g:1
[10005338ms] [TIMEEND] a: 0.006103515625 ms @ https://static.adsafeprotected.com/sca.17.6.4.js:31
[10005657ms] [WARNING] The powerPreference option is currently ignored when calling requestAdapter() on Windows. See https://crbug.com/369219127 @ https://js.ad-score.com/score.min.js?pid=1000942&tt=g:1
[10034197ms] [ERROR] Failed to load resource: net::ERR_NAME_NOT_RESOLVED @ https://btlr.sharethrough.com/universal/v1?supply_id=WYu2BXv1:0
[10034199ms] [ERROR] Failed to load resource: net::ERR_NAME_NOT_RESOLVED @ https://btlr.sharethrough.com/universal/v1?supply_id=WYu2BXv1:0
[10066313ms] [ERROR] Failed to load resource: net::ERR_NAME_NOT_RESOLVED @ https://btlr.sharethrough.com/universal/v1?supply_id=WYu2BXv1:0
[10066315ms] [ERROR] Failed to load resource: net::ERR_NAME_NOT_RESOLVED @ https://btlr.sharethrough.com/universal/v1?supply_id=WYu2BXv1:0
[10098346ms] [ERROR] Failed to load resource: net::ERR_NAME_NOT_RESOLVED @ https://btlr.sharethrough.com/universal/v1?supply_id=WYu2BXv1:0
[10098348ms] [ERROR] Failed to load resource: net::ERR_NAME_NOT_RESOLVED @ https://btlr.sharethrough.com/universal/v1?supply_id=WYu2BXv1:0
[10099814ms] [WARNING] An iframe which has both allow-scripts and allow-same-origin for its sandbox attribute can escape its sandboxing. @ https://cadmus.script.ac/d1oykxszdrgjgl/script.js:0
[10099971ms] [WARNING] An iframe which has both allow-scripts and allow-same-origin for its sandbox attribute can escape its sandboxing. @ https://cadmus.script.ac/d1oykxszdrgjgl/script.js:0
[10102024ms] [ERROR] Unsafe attempt to initiate navigation for frame with URL 'about:blank' from frame with URL 'about:srcdoc'. The frame attempting navigation must be same-origin with the target if navigating to a javascript: url
 @ https://choices.trustarc.com/get?name=pmw2.js:0
[10102098ms] [ERROR] Failed to load resource: net::ERR_NAME_NOT_RESOLVED @ https://cm-x.mgid.com/5f771db5775920b3ea597ee1392355e9.gif?puid=[UID]&redir=https%3A%2F%2Fs.ad.smaato.net%2Fc%2F%3FdspId%3D1466%26dspCookie%3D%5BUID%5D%26gdpr%3D0%26gdpr_consent%3D&gdpr=0&gdpr_consent=&coppa=[COPPA]&gpp=[GPP]&gpp_sid=[GPP_SID]:0
[10102098ms] [ERROR] Failed to load resource: net::ERR_NAME_NOT_RESOLVED @ https://cm-x.mgid.com/5f771db5775920b3ea597ee1392355e9.gif?puid=[UID]&redir=https%3A%2F%2Fs.ad.smaato.net%2Fc%2F%3FdspId%3D1466%26dspCookie%3D%5BUID%5D%26gdpr%3D0%26gdpr_consent%3D&gdpr=0&gdpr_consent=&coppa=[COPPA]&gpp=[GPP]&gpp_sid=[GPP_SID]:0
[10130361ms] [ERROR] Failed to load resource: net::ERR_NAME_NOT_RESOLVED @ https://btlr.sharethrough.com/universal/v1?supply_id=WYu2BXv1:0
[10130363ms] [ERROR] Failed to load resource: net::ERR_NAME_NOT_RESOLVED @ https://btlr.sharethrough.com/universal/v1?supply_id=WYu2BXv1:0
[10131802ms] [WARNING] An iframe which has both allow-scripts and allow-same-origin for its sandbox attribute can escape its sandboxing. @ https://cadmus.script.ac/d1oykxszdrgjgl/script.js:0
[10133191ms] [TIMEEND] a: 0.005859375 ms @ https://static.adsafeprotected.com/sca.17.6.4.js:31
[10133443ms] [TIMEEND] a: 0.005126953125 ms @ https://static.adsafeprotected.com/sca.17.6.4.js:31
[10162199ms] [ERROR] Failed to load resource: net::ERR_NAME_NOT_RESOLVED @ https://btlr.sharethrough.com/universal/v1?supply_id=WYu2BXv1:0
[10162200ms] [ERROR] Failed to load resource: net::ERR_NAME_NOT_RESOLVED @ https://btlr.sharethrough.com/universal/v1?supply_id=WYu2BXv1:0
[10194266ms] [ERROR] Failed to load resource: net::ERR_NAME_NOT_RESOLVED @ https://btlr.sharethrough.com/universal/v1?supply_id=WYu2BXv1:0
[10194268ms] [ERROR] Failed to load resource: net::ERR_NAME_NOT_RESOLVED @ https://btlr.sharethrough.com/universal/v1?supply_id=WYu2BXv1:0
[10226420ms] [ERROR] Failed to load resource: net::ERR_NAME_NOT_RESOLVED @ https://btlr.sharethrough.com/universal/v1?supply_id=WYu2BXv1:0
[10226423ms] [ERROR] Failed to load resource: net::ERR_NAME_NOT_RESOLVED @ https://btlr.sharethrough.com/universal/v1?supply_id=WYu2BXv1:0
[10228270ms] [WARNING] An iframe which has both allow-scripts and allow-same-origin for its sandbox attribute can escape its sandboxing. @ https://cadmus.script.ac/d1oykxszdrgjgl/script.js:0
[10229633ms] [DIR] SyntaxError @ https://js.ad-score.com/score.min.js?pid=1000942&tt=g:1
[10230143ms] [TIMEEND] a: 0.0068359375 ms @ https://static.adsafeprotected.com/sca.17.6.4.js:31
[10230549ms] [WARNING] The powerPreference option is currently ignored when calling requestAdapter() on Windows. See https://crbug.com/369219127 @ https://js.ad-score.com/score.min.js?pid=1000942&tt=g:1
[10258316ms] [ERROR] Failed to load resource: net::ERR_NAME_NOT_RESOLVED @ https://btlr.sharethrough.com/universal/v1?supply_id=WYu2BXv1:0
[10258318ms] [ERROR] Failed to load resource: net::ERR_NAME_NOT_RESOLVED @ https://btlr.sharethrough.com/universal/v1?supply_id=WYu2BXv1:0
[10290336ms] [ERROR] Failed to load resource: net::ERR_NAME_NOT_RESOLVED @ https://btlr.sharethrough.com/universal/v1?supply_id=WYu2BXv1:0
[10290337ms] [ERROR] Failed to load resource: net::ERR_NAME_NOT_RESOLVED @ https://btlr.sharethrough.com/universal/v1?supply_id=WYu2BXv1:0
[10291684ms] [WARNING] An iframe which has both allow-scripts and allow-same-origin for its sandbox attribute can escape its sandboxing. @ https://cadmus.script.ac/d1oykxszdrgjgl/script.js:0
[10291838ms] [WARNING] An iframe which has both allow-scripts and allow-same-origin for its sandbox attribute can escape its sandboxing. @ https://cadmus.script.ac/d1oykxszdrgjgl/script.js:0
[10293415ms] [ERROR] Unsafe attempt to initiate navigation for frame with URL 'about:blank' from frame with URL 'about:srcdoc'. The frame attempting navigation must be same-origin with the target if navigating to a javascript: url
 @ https://choices.trustarc.com/get?name=pmw2.js:0
[10293553ms] [ERROR] Refused to execute script from 'https://ipds.adrta.com/i?__x=GLJFHNMFGGICJKHBHAHMLNLLJNJNMIOHLLMFH@FOPEIPKLEKNMFBOLJNNHLJNMJKLIOOJIKAGLNHIMLNFLKKIBGMOJKEEJPEILLNLNMBFNQFHMJNGKMNGAE@HBE&clid=opx&paid=sc&avid=537073277&caid=537096182&publisherId=537144009&plid=556717913&siteId=564240250&kv1=300x600&kv2=https%3A%2F%2Fnamu.wiki%2Fw%2F%25EB%258B%25A4%25EC%258B%259C%2520%25EA%25B9%25A8%25EC%2596%25B4%25EB%2582%259C%2520%25ED%2599%25A9%25EA%25B8%2588%2520%25EC%259A%25B0%25EC%2583%2581%2F%25EC%258A%25A4%25ED%2585%258C%25EC%259D%25B4%25EC%25A7%25...!venatus.com,6982f479ce0299b4acd37cc1,1,,,!openx.com,537144009,1,46133e4b-5c08-4cb0-9bff-9d4f6c598821,,&kv10=&kv25=&kv26=Windows&kv28=Microsoft&kv62=&kv63=&kv9=&kv13=&kv3=61ba4b5a-3d62-4b51-a19b-7381b795afba&kv27=Mozilla%2F5.0+%28Windows+NT+10.0%3B+Win64%3B+x64%29+AppleWebKit%2F537.36+%28KHTML%2C+like+Gecko%29+Chrome%2F153.0.0.0+Safari%2F537.36&kv7=e28d7acf-93a0-46c9-a8ec-e3ef1912fa28&kv14=&kv16=37.389&kv17=127.119&kv12=564240254&kv18=&kv19=&kv23=450-02%2C450-04%2C450-08&kv24=Desktop_Display&cb=804918#opx' because its MIME type ('image/gif') is not executable. @ https://sf.vntsm.com/secure.html:0
[10293591ms] [TIMEEND] a: 0.004150390625 ms @ https://static.adsafeprotected.com/sca.17.6.4.js:31
[10293850ms] [TIMEEND] a: 0.009033203125 ms @ https://static.adsafeprotected.com/sca.17.6.4.js:31
[10293946ms] [ERROR] Failed to load resource: net::ERR_NAME_NOT_RESOLVED @ https://cm-x.mgid.com/5f771db5775920b3ea597ee1392355e9.gif?puid=[UID]&redir=https%3A%2F%2Fs.ad.smaato.net%2Fc%2F%3FdspId%3D1466%26dspCookie%3D%5BUID%5D%26gdpr%3D0%26gdpr_consent%3D&gdpr=0&gdpr_consent=&coppa=[COPPA]&gpp=[GPP]&gpp_sid=[GPP_SID]:0
[10293946ms] [ERROR] Failed to load resource: net::ERR_NAME_NOT_RESOLVED @ https://cm-x.mgid.com/5f771db5775920b3ea597ee1392355e9.gif?puid=[UID]&redir=https%3A%2F%2Fs.ad.smaato.net%2Fc%2F%3FdspId%3D1466%26dspCookie%3D%5BUID%5D%26gdpr%3D0%26gdpr_consent%3D&gdpr=0&gdpr_consent=&coppa=[COPPA]&gpp=[GPP]&gpp_sid=[GPP_SID]:0
[10322264ms] [ERROR] Failed to load resource: net::ERR_NAME_NOT_RESOLVED @ https://btlr.sharethrough.com/universal/v1?supply_id=WYu2BXv1:0
[10322266ms] [ERROR] Failed to load resource: net::ERR_NAME_NOT_RESOLVED @ https://btlr.sharethrough.com/universal/v1?supply_id=WYu2BXv1:0
[10354272ms] [ERROR] Failed to load resource: net::ERR_NAME_NOT_RESOLVED @ https://btlr.sharethrough.com/universal/v1?supply_id=WYu2BXv1:0
[10354276ms] [ERROR] Failed to load resource: net::ERR_NAME_NOT_RESOLVED @ https://btlr.sharethrough.com/universal/v1?supply_id=WYu2BXv1:0
[10355688ms] [WARNING] An iframe which has both allow-scripts and allow-same-origin for its sandbox attribute can escape its sandboxing. @ https://cadmus.script.ac/d1oykxszdrgjgl/script.js:0
[10357091ms] [DIR] SyntaxError @ https://js.ad-score.com/score.min.js?pid=1000942&tt=g:1
[10357636ms] [TIMEEND] a: 0.007080078125 ms @ https://static.adsafeprotected.com/sca.17.6.4.js:31
[10357941ms] [WARNING] The powerPreference option is currently ignored when calling requestAdapter() on Windows. See https://crbug.com/369219127 @ https://js.ad-score.com/score.min.js?pid=1000942&tt=g:1
[10386375ms] [ERROR] Failed to load resource: net::ERR_NAME_NOT_RESOLVED @ https://btlr.sharethrough.com/universal/v1?supply_id=WYu2BXv1:0
[10386377ms] [ERROR] Failed to load resource: net::ERR_NAME_NOT_RESOLVED @ https://btlr.sharethrough.com/universal/v1?supply_id=WYu2BXv1:0
[10387745ms] [WARNING] An iframe which has both allow-scripts and allow-same-origin for its sandbox attribute can escape its sandboxing. @ https://cadmus.script.ac/d1oykxszdrgjgl/script.js:0
[10389430ms] [ERROR] Failed to load resource: net::ERR_NAME_NOT_RESOLVED @ https://cm-x.mgid.com/5f771db5775920b3ea597ee1392355e9.gif?puid=[UID]&redir=https%3A%2F%2Fs.ad.smaato.net%2Fc%2F%3FdspId%3D1466%26dspCookie%3D%5BUID%5D%26gdpr%3D0%26gdpr_consent%3D&gdpr=0&gdpr_consent=&coppa=[COPPA]&gpp=[GPP]&gpp_sid=[GPP_SID]:0
[10389521ms] [ERROR] Unsafe attempt to initiate navigation for frame with URL 'about:blank' from frame with URL 'about:srcdoc'. The frame attempting navigation must be same-origin with the target if navigating to a javascript: url
 @ https://choices.trustarc.com/get?name=pmw2.js:0
[10389430ms] [ERROR] Failed to load resource: net::ERR_NAME_NOT_RESOLVED @ https://cm-x.mgid.com/5f771db5775920b3ea597ee1392355e9.gif?puid=[UID]&redir=https%3A%2F%2Fs.ad.smaato.net%2Fc%2F%3FdspId%3D1466%26dspCookie%3D%5BUID%5D%26gdpr%3D0%26gdpr_consent%3D&gdpr=0&gdpr_consent=&coppa=[COPPA]&gpp=[GPP]&gpp_sid=[GPP_SID]:0
[10418394ms] [ERROR] Failed to load resource: net::ERR_NAME_NOT_RESOLVED @ https://btlr.sharethrough.com/universal/v1?supply_id=WYu2BXv1:0
[10418396ms] [ERROR] Failed to load resource: net::ERR_NAME_NOT_RESOLVED @ https://btlr.sharethrough.com/universal/v1?supply_id=WYu2BXv1:0
[10419740ms] [WARNING] An iframe which has both allow-scripts and allow-same-origin for its sandbox attribute can escape its sandboxing. @ https://cadmus.script.ac/d1oykxszdrgjgl/script.js:0
[10450397ms] [ERROR] Failed to load resource: net::ERR_NAME_NOT_RESOLVED @ https://btlr.sharethrough.com/universal/v1?supply_id=WYu2BXv1:0
[10450399ms] [ERROR] Failed to load resource: net::ERR_NAME_NOT_RESOLVED @ https://btlr.sharethrough.com/universal/v1?supply_id=WYu2BXv1:0
[10482309ms] [ERROR] Failed to load resource: net::ERR_NAME_NOT_RESOLVED @ https://btlr.sharethrough.com/universal/v1?supply_id=WYu2BXv1:0
[10482311ms] [ERROR] Failed to load resource: net::ERR_NAME_NOT_RESOLVED @ https://btlr.sharethrough.com/universal/v1?supply_id=WYu2BXv1:0
[10514098ms] [ERROR] Failed to load resource: net::ERR_NAME_NOT_RESOLVED @ https://btlr.sharethrough.com/universal/v1?supply_id=WYu2BXv1:0
[10514099ms] [ERROR] Failed to load resource: net::ERR_NAME_NOT_RESOLVED @ https://btlr.sharethrough.com/universal/v1?supply_id=WYu2BXv1:0
[10515983ms] [WARNING] An iframe which has both allow-scripts and allow-same-origin for its sandbox attribute can escape its sandboxing. @ https://cadmus.script.ac/d1oykxszdrgjgl/script.js:0
[10517736ms] [DIR] SyntaxError @ :0
[10519558ms] [WARNING] The powerPreference option is currently ignored when calling requestAdapter() on Windows. See https://crbug.com/369219127 @ https://js.ad-score.com/score.min.js?pid=1000942&tt=g:1
[10519585ms] [TIMEEND] a: 0.0048828125 ms @ https://static.adsafeprotected.com/sca.17.6.4.js:31
[10546128ms] [ERROR] Failed to load resource: net::ERR_NAME_NOT_RESOLVED @ https://btlr.sharethrough.com/universal/v1?supply_id=WYu2BXv1:0
[10546130ms] [ERROR] Failed to load resource: net::ERR_NAME_NOT_RESOLVED @ https://btlr.sharethrough.com/universal/v1?supply_id=WYu2BXv1:0
[10578318ms] [ERROR] Failed to load resource: net::ERR_NAME_NOT_RESOLVED @ https://btlr.sharethrough.com/universal/v1?supply_id=WYu2BXv1:0
[10578320ms] [ERROR] Failed to load resource: net::ERR_NAME_NOT_RESOLVED @ https://btlr.sharethrough.com/universal/v1?supply_id=WYu2BXv1:0
[10579680ms] [WARNING] An iframe which has both allow-scripts and allow-same-origin for its sandbox attribute can escape its sandboxing. @ https://cadmus.script.ac/d1oykxszdrgjgl/script.js:0
[10581094ms] [ERROR] Failed to load resource: net::ERR_NAME_NOT_RESOLVED @ https://s2s.atmtd.com/s2s/setuid?bidder=inmobi&gdpr=0&gdpr_consent=&gpp=&gpp_sid=&f=i&uid=ID5-5-5d6880f7-58aa-43e4-a6ef-36ecabc24f33:0
[10581483ms] [ERROR] Failed to load resource: the server responded with a status of 400 () @ https://match.prod.bidr.io/cookie-sync/verve?gdpr=0&gdpr_consent=:0
[10581539ms] [ERROR] Unsafe attempt to initiate navigation for frame with URL 'about:blank' from frame with URL 'about:srcdoc'. The frame attempting navigation must be same-origin with the target if navigating to a javascript: url
 @ https://choices.trustarc.com/get?name=pmw2.js:0
[10581886ms] [ERROR] Failed to load resource: the server responded with a status of 400 () @ https://match.sharethrough.com/universal/v1?supply_id=av4BPcZO&gdpr=0&gdpr_consent=:0
[10581094ms] [ERROR] Failed to load resource: net::ERR_NAME_NOT_RESOLVED @ https://s2s.atmtd.com/s2s/setuid?bidder=inmobi&gdpr=0&gdpr_consent=&gpp=&gpp_sid=&f=i&uid=ID5-5-5d6880f7-58aa-43e4-a6ef-36ecabc24f33:0
[10581483ms] [ERROR] Failed to load resource: the server responded with a status of 400 () @ https://match.prod.bidr.io/cookie-sync/verve?gdpr=0&gdpr_consent=:0
[10581886ms] [ERROR] Failed to load resource: the server responded with a status of 400 () @ https://match.sharethrough.com/universal/v1?supply_id=av4BPcZO&gdpr=0&gdpr_consent=:0
[10610397ms] [ERROR] Failed to load resource: net::ERR_NAME_NOT_RESOLVED @ https://btlr.sharethrough.com/universal/v1?supply_id=WYu2BXv1:0
[10610398ms] [ERROR] Failed to load resource: net::ERR_NAME_NOT_RESOLVED @ https://btlr.sharethrough.com/universal/v1?supply_id=WYu2BXv1:0
[10611782ms] [WARNING] An iframe which has both allow-scripts and allow-same-origin for its sandbox attribute can escape its sandboxing. @ https://cadmus.script.ac/d1oykxszdrgjgl/script.js:0
[10613341ms] [ERROR] Failed to load resource: the server responded with a status of 400 () @ https://match.prod.bidr.io/cookie-sync/verve?gdpr=0&gdpr_consent=:0
[10613467ms] [ERROR] Unsafe attempt to initiate navigation for frame with URL 'about:blank' from frame with URL 'about:srcdoc'. The frame attempting navigation must be same-origin with the target if navigating to a javascript: url
 @ https://choices.trustarc.com/get?name=pmw2.js:0
[10613652ms] [ERROR] Failed to load resource: the server responded with a status of 400 () @ https://match.sharethrough.com/universal/v1?supply_id=av4BPcZO&gdpr=0&gdpr_consent=:0
[10613341ms] [ERROR] Failed to load resource: the server responded with a status of 400 () @ https://match.prod.bidr.io/cookie-sync/verve?gdpr=0&gdpr_consent=:0
[10613652ms] [ERROR] Failed to load resource: the server responded with a status of 400 () @ https://match.sharethrough.com/universal/v1?supply_id=av4BPcZO&gdpr=0&gdpr_consent=:0
[10642458ms] [ERROR] Failed to load resource: net::ERR_NAME_NOT_RESOLVED @ https://btlr.sharethrough.com/universal/v1?supply_id=WYu2BXv1:0
[10642460ms] [ERROR] Failed to load resource: net::ERR_NAME_NOT_RESOLVED @ https://btlr.sharethrough.com/universal/v1?supply_id=WYu2BXv1:0
[10642621ms] [ERROR] Access to fetch at 'https://hbopenbid.pubmatic.com/translator?source=prebid-client&gzip=1' from origin 'https://namu.wiki' has been blocked by CORS policy: No 'Access-Control-Allow-Origin' header is present on the requested resource. @ https://namu.wiki/w/%EB%8B%A4%EC%8B%9C%20%EA%B9%A8%EC%96%B4%EB%82%9C%20%ED%99%A9%EA%B8%88%20%EC%9A%B0%EC%83%81/%EC%8A%A4%ED%85%8C%EC%9D%B4%EC%A7%80:0
[10642622ms] [ERROR] Failed to load resource: net::ERR_FAILED @ https://hbopenbid.pubmatic.com/translator?source=prebid-client&gzip=1:0
[10643948ms] [WARNING] An iframe which has both allow-scripts and allow-same-origin for its sandbox attribute can escape its sandboxing. @ https://cadmus.script.ac/d1oykxszdrgjgl/script.js:0
[10645388ms] [TIMEEND] a: 0.004150390625 ms @ https://static.adsafeprotected.com/sca.17.6.4.js:31
[10645649ms] [TIMEEND] a: 0.006103515625 ms @ https://static.adsafeprotected.com/sca.17.6.4.js:31
[10674356ms] [ERROR] Failed to load resource: net::ERR_NAME_NOT_RESOLVED @ https://btlr.sharethrough.com/universal/v1?supply_id=WYu2BXv1:0
[10674357ms] [ERROR] Failed to load resource: net::ERR_NAME_NOT_RESOLVED @ https://btlr.sharethrough.com/universal/v1?supply_id=WYu2BXv1:0
[10675723ms] [WARNING] An iframe which has both allow-scripts and allow-same-origin for its sandbox attribute can escape its sandboxing. @ https://cadmus.script.ac/d1oykxszdrgjgl/script.js:0
[10677138ms] [TIMEEND] a: 0.004150390625 ms @ https://static.adsafeprotected.com/sca.17.6.4.js:31
[10677402ms] [TIMEEND] a: 0.006103515625 ms @ https://static.adsafeprotected.com/sca.17.6.4.js:31
[10706195ms] [ERROR] Failed to load resource: net::ERR_NAME_NOT_RESOLVED @ https://btlr.sharethrough.com/universal/v1?supply_id=WYu2BXv1:0
[10706198ms] [ERROR] Failed to load resource: net::ERR_NAME_NOT_RESOLVED @ https://btlr.sharethrough.com/universal/v1?supply_id=WYu2BXv1:0
[10738147ms] [ERROR] Failed to load resource: net::ERR_NAME_NOT_RESOLVED @ https://btlr.sharethrough.com/universal/v1?supply_id=WYu2BXv1:0
[10738148ms] [ERROR] Failed to load resource: net::ERR_NAME_NOT_RESOLVED @ https://btlr.sharethrough.com/universal/v1?supply_id=WYu2BXv1:0
[10739409ms] [WARNING] An iframe which has both allow-scripts and allow-same-origin for its sandbox attribute can escape its sandboxing. @ https://cadmus.script.ac/d1oykxszdrgjgl/script.js:0
[10741061ms] [ERROR] Failed to load resource: net::ERR_NAME_NOT_RESOLVED @ https://s2s.atmtd.com/s2s/setuid?bidder=inmobi&gdpr=0&gdpr_consent=&gpp=&gpp_sid=&f=i&uid=ID5-5-5d6880f7-58aa-43e4-a6ef-36ecabc24f33:0
[10741195ms] [ERROR] Unsafe attempt to initiate navigation for frame with URL 'about:blank' from frame with URL 'about:srcdoc'. The frame attempting navigation must be same-origin with the target if navigating to a javascript: url
 @ https://choices.trustarc.com/get?name=pmw2.js:0
[10741220ms] [ERROR] Failed to load resource: the server responded with a status of 400 () @ https://match.prod.bidr.io/cookie-sync/verve?gdpr=0&gdpr_consent=:0
[10741351ms] [ERROR] Failed to load resource: the server responded with a status of 400 () @ https://match.sharethrough.com/universal/v1?supply_id=av4BPcZO&gdpr=0&gdpr_consent=:0
[10741061ms] [ERROR] Failed to load resource: net::ERR_NAME_NOT_RESOLVED @ https://s2s.atmtd.com/s2s/setuid?bidder=inmobi&gdpr=0&gdpr_consent=&gpp=&gpp_sid=&f=i&uid=ID5-5-5d6880f7-58aa-43e4-a6ef-36ecabc24f33:0
[10741220ms] [ERROR] Failed to load resource: the server responded with a status of 400 () @ https://match.prod.bidr.io/cookie-sync/verve?gdpr=0&gdpr_consent=:0
[10741351ms] [ERROR] Failed to load resource: the server responded with a status of 400 () @ https://match.sharethrough.com/universal/v1?supply_id=av4BPcZO&gdpr=0&gdpr_consent=:0
[10770301ms] [ERROR] Failed to load resource: net::ERR_NAME_NOT_RESOLVED @ https://btlr.sharethrough.com/universal/v1?supply_id=WYu2BXv1:0
[10770303ms] [ERROR] Failed to load resource: net::ERR_NAME_NOT_RESOLVED @ https://btlr.sharethrough.com/universal/v1?supply_id=WYu2BXv1:0
[10802404ms] [ERROR] Failed to load resource: net::ERR_NAME_NOT_RESOLVED @ https://btlr.sharethrough.com/universal/v1?supply_id=WYu2BXv1:0
[10803129ms] [ERROR] Failed to load resource: net::ERR_NAME_NOT_RESOLVED @ https://btlr.sharethrough.com/universal/v1?supply_id=WYu2BXv1:0
[10834149ms] [ERROR] Failed to load resource: net::ERR_NAME_NOT_RESOLVED @ https://btlr.sharethrough.com/universal/v1?supply_id=WYu2BXv1:0
[10835267ms] [ERROR] Failed to load resource: net::ERR_NAME_NOT_RESOLVED @ https://btlr.sharethrough.com/universal/v1?supply_id=WYu2BXv1:0
[10866140ms] [ERROR] Failed to load resource: net::ERR_NAME_NOT_RESOLVED @ https://btlr.sharethrough.com/universal/v1?supply_id=WYu2BXv1:0
[10867252ms] [ERROR] Failed to load resource: net::ERR_NAME_NOT_RESOLVED @ https://btlr.sharethrough.com/universal/v1?supply_id=WYu2BXv1:0
[10898208ms] [ERROR] Failed to load resource: net::ERR_NAME_NOT_RESOLVED @ https://btlr.sharethrough.com/universal/v1?supply_id=WYu2BXv1:0
[10899243ms] [ERROR] Failed to load resource: net::ERR_NAME_NOT_RESOLVED @ https://btlr.sharethrough.com/universal/v1?supply_id=WYu2BXv1:0
[10900263ms] [WARNING] An iframe which has both allow-scripts and allow-same-origin for its sandbox attribute can escape its sandboxing. @ https://cadmus.script.ac/d1oykxszdrgjgl/script.js:0
[10901752ms] [TIMEEND] a: 0.006103515625 ms @ https://static.adsafeprotected.com/sca.17.6.4.js:31
[10901982ms] [TIMEEND] a: 0.0029296875 ms @ https://static.adsafeprotected.com/sca.17.6.4.js:31
[10931869ms] [ERROR] Failed to load resource: net::ERR_NAME_NOT_RESOLVED @ https://btlr.sharethrough.com/universal/v1?supply_id=WYu2BXv1:0
[10932695ms] [ERROR] Failed to load resource: net::ERR_NAME_NOT_RESOLVED @ https://btlr.sharethrough.com/universal/v1?supply_id=WYu2BXv1:0
[10963285ms] [ERROR] Failed to load resource: net::ERR_NAME_NOT_RESOLVED @ https://btlr.sharethrough.com/universal/v1?supply_id=WYu2BXv1:0
[10964179ms] [ERROR] Failed to load resource: net::ERR_NAME_NOT_RESOLVED @ https://btlr.sharethrough.com/universal/v1?supply_id=WYu2BXv1:0
[10995339ms] [ERROR] Failed to load resource: net::ERR_NAME_NOT_RESOLVED @ https://btlr.sharethrough.com/universal/v1?supply_id=WYu2BXv1:0
[10996081ms] [ERROR] Failed to load resource: net::ERR_NAME_NOT_RESOLVED @ https://btlr.sharethrough.com/universal/v1?supply_id=WYu2BXv1:0
[10997672ms] [WARNING] An iframe which has both allow-scripts and allow-same-origin for its sandbox attribute can escape its sandboxing. @ https://cadmus.script.ac/d1oykxszdrgjgl/script.js:0
[10999309ms] [TIMEEND] a: 0.006103515625 ms @ https://static.adsafeprotected.com/sca.17.6.4.js:31
[10999562ms] [TIMEEND] a: 0.0048828125 ms @ https://static.adsafeprotected.com/sca.17.6.4.js:31
[11027313ms] [ERROR] Failed to load resource: net::ERR_NAME_NOT_RESOLVED @ https://btlr.sharethrough.com/universal/v1?supply_id=WYu2BXv1:0
[11028205ms] [ERROR] Failed to load resource: net::ERR_NAME_NOT_RESOLVED @ https://btlr.sharethrough.com/universal/v1?supply_id=WYu2BXv1:0
[11029255ms] [WARNING] An iframe which has both allow-scripts and allow-same-origin for its sandbox attribute can escape its sandboxing. @ https://cadmus.script.ac/d1oykxszdrgjgl/script.js:0
[11059238ms] [ERROR] Failed to load resource: net::ERR_NAME_NOT_RESOLVED @ https://btlr.sharethrough.com/universal/v1?supply_id=WYu2BXv1:0
[11060257ms] [ERROR] Failed to load resource: net::ERR_NAME_NOT_RESOLVED @ https://btlr.sharethrough.com/universal/v1?supply_id=WYu2BXv1:0
[11061982ms] [WARNING] An iframe which has both allow-scripts and allow-same-origin for its sandbox attribute can escape its sandboxing. @ https://cadmus.script.ac/d1oykxszdrgjgl/script.js:0
[11063733ms] [TIMEEND] a: 0.004150390625 ms @ https://static.adsafeprotected.com/sca.17.6.4.js:31
[11063998ms] [TIMEEND] a: 0.006103515625 ms @ https://static.adsafeprotected.com/sca.17.6.4.js:31
[11091109ms] [ERROR] Failed to load resource: net::ERR_NAME_NOT_RESOLVED @ https://btlr.sharethrough.com/universal/v1?supply_id=WYu2BXv1:0
[11092293ms] [ERROR] Failed to load resource: net::ERR_NAME_NOT_RESOLVED @ https://btlr.sharethrough.com/universal/v1?supply_id=WYu2BXv1:0
[11093462ms] [WARNING] An iframe which has both allow-scripts and allow-same-origin for its sandbox attribute can escape its sandboxing. @ https://cadmus.script.ac/d1oykxszdrgjgl/script.js:0
[11094836ms] [TIMEEND] a: 0.006103515625 ms @ https://static.adsafeprotected.com/sca.17.6.4.js:31
[11095070ms] [TIMEEND] a: 0.005859375 ms @ https://static.adsafeprotected.com/sca.17.6.4.js:31
[11123088ms] [ERROR] Failed to load resource: net::ERR_NAME_NOT_RESOLVED @ https://btlr.sharethrough.com/universal/v1?supply_id=WYu2BXv1:0
[11124365ms] [ERROR] Failed to load resource: net::ERR_NAME_NOT_RESOLVED @ https://btlr.sharethrough.com/universal/v1?supply_id=WYu2BXv1:0
[11156084ms] [ERROR] Failed to load resource: net::ERR_NAME_NOT_RESOLVED @ https://btlr.sharethrough.com/universal/v1?supply_id=WYu2BXv1:0
[11156933ms] [ERROR] Failed to load resource: net::ERR_NAME_NOT_RESOLVED @ https://btlr.sharethrough.com/universal/v1?supply_id=WYu2BXv1:0
[11188189ms] [ERROR] Failed to load resource: net::ERR_NAME_NOT_RESOLVED @ https://btlr.sharethrough.com/universal/v1?supply_id=WYu2BXv1:0
[11189321ms] [ERROR] Failed to load resource: net::ERR_NAME_NOT_RESOLVED @ https://btlr.sharethrough.com/universal/v1?supply_id=WYu2BXv1:0
[11220279ms] [ERROR] Failed to load resource: net::ERR_NAME_NOT_RESOLVED @ https://btlr.sharethrough.com/universal/v1?supply_id=WYu2BXv1:0
[11221192ms] [ERROR] Failed to load resource: net::ERR_NAME_NOT_RESOLVED @ https://btlr.sharethrough.com/universal/v1?supply_id=WYu2BXv1:0
[11252399ms] [ERROR] Failed to load resource: net::ERR_NAME_NOT_RESOLVED @ https://btlr.sharethrough.com/universal/v1?supply_id=WYu2BXv1:0
[11254728ms] [ERROR] Failed to load resource: net::ERR_NAME_NOT_RESOLVED @ https://btlr.sharethrough.com/universal/v1?supply_id=WYu2BXv1:0
[11286276ms] [ERROR] Failed to load resource: net::ERR_NAME_NOT_RESOLVED @ https://btlr.sharethrough.com/universal/v1?supply_id=WYu2BXv1:0
[11286278ms] [ERROR] Failed to load resource: net::ERR_NAME_NOT_RESOLVED @ https://btlr.sharethrough.com/universal/v1?supply_id=WYu2BXv1:0
[11287662ms] [WARNING] An iframe which has both allow-scripts and allow-same-origin for its sandbox attribute can escape its sandboxing. @ https://cadmus.script.ac/d1oykxszdrgjgl/script.js:0
[11318337ms] [ERROR] Failed to load resource: net::ERR_NAME_NOT_RESOLVED @ https://btlr.sharethrough.com/universal/v1?supply_id=WYu2BXv1:0
[11318339ms] [ERROR] Failed to load resource: net::ERR_NAME_NOT_RESOLVED @ https://btlr.sharethrough.com/universal/v1?supply_id=WYu2BXv1:0
[11319761ms] [WARNING] An iframe which has both allow-scripts and allow-same-origin for its sandbox attribute can escape its sandboxing. @ https://cadmus.script.ac/d1oykxszdrgjgl/script.js:0
[11350425ms] [ERROR] Failed to load resource: net::ERR_NAME_NOT_RESOLVED @ https://btlr.sharethrough.com/universal/v1?supply_id=WYu2BXv1:0
[11350427ms] [ERROR] Failed to load resource: net::ERR_NAME_NOT_RESOLVED @ https://btlr.sharethrough.com/universal/v1?supply_id=WYu2BXv1:0
[11351100ms] [WARNING] TBT=996tvi48=32982&tvi50=31957 @ https://cdn.taboola.com/libtrc/namu-channel/loader.js:30
[11382486ms] [ERROR] Failed to load resource: net::ERR_NAME_NOT_RESOLVED @ https://btlr.sharethrough.com/universal/v1?supply_id=WYu2BXv1:0
[11382488ms] [ERROR] Failed to load resource: net::ERR_NAME_NOT_RESOLVED @ https://btlr.sharethrough.com/universal/v1?supply_id=WYu2BXv1:0
[11383804ms] [WARNING] An iframe which has both allow-scripts and allow-same-origin for its sandbox attribute can escape its sandboxing. @ https://cadmus.script.ac/d1oykxszdrgjgl/script.js:0
[11384076ms] [WARNING] An iframe which has both allow-scripts and allow-same-origin for its sandbox attribute can escape its sandboxing. @ https://cadmus.script.ac/d1oykxszdrgjgl/script.js:0
[11385705ms] [TIMEEND] a: 0.007080078125 ms @ https://static.adsafeprotected.com/sca.17.6.4.js:31
[11414331ms] [ERROR] Failed to load resource: net::ERR_NAME_NOT_RESOLVED @ https://btlr.sharethrough.com/universal/v1?supply_id=WYu2BXv1:0
[11414332ms] [ERROR] Failed to load resource: net::ERR_NAME_NOT_RESOLVED @ https://btlr.sharethrough.com/universal/v1?supply_id=WYu2BXv1:0
[11415636ms] [WARNING] An iframe which has both allow-scripts and allow-same-origin for its sandbox attribute can escape its sandboxing. @ https://cadmus.script.ac/d1oykxszdrgjgl/script.js:0
[11415946ms] [WARNING] An iframe which has both allow-scripts and allow-same-origin for its sandbox attribute can escape its sandboxing. @ https://cadmus.script.ac/d1oykxszdrgjgl/script.js:0
[11446303ms] [ERROR] Failed to load resource: net::ERR_NAME_NOT_RESOLVED @ https://btlr.sharethrough.com/universal/v1?supply_id=WYu2BXv1:0
[11446305ms] [ERROR] Failed to load resource: net::ERR_NAME_NOT_RESOLVED @ https://btlr.sharethrough.com/universal/v1?supply_id=WYu2BXv1:0
[11447661ms] [WARNING] An iframe which has both allow-scripts and allow-same-origin for its sandbox attribute can escape its sandboxing. @ https://cadmus.script.ac/d1oykxszdrgjgl/script.js:0
[11447822ms] [WARNING] An iframe which has both allow-scripts and allow-same-origin for its sandbox attribute can escape its sandboxing. @ https://cadmus.script.ac/d1oykxszdrgjgl/script.js:0
[11478491ms] [ERROR] Failed to load resource: net::ERR_NAME_NOT_RESOLVED @ https://btlr.sharethrough.com/universal/v1?supply_id=WYu2BXv1:0
[11478493ms] [ERROR] Failed to load resource: net::ERR_NAME_NOT_RESOLVED @ https://btlr.sharethrough.com/universal/v1?supply_id=WYu2BXv1:0
[11479713ms] [WARNING] An iframe which has both allow-scripts and allow-same-origin for its sandbox attribute can escape its sandboxing. @ https://cadmus.script.ac/d1oykxszdrgjgl/script.js:0
[11479920ms] [WARNING] An iframe which has both allow-scripts and allow-same-origin for its sandbox attribute can escape its sandboxing. @ https://cadmus.script.ac/d1oykxszdrgjgl/script.js:0
[11510442ms] [ERROR] Failed to load resource: net::ERR_NAME_NOT_RESOLVED @ https://btlr.sharethrough.com/universal/v1?supply_id=WYu2BXv1:0
[11510444ms] [ERROR] Failed to load resource: net::ERR_NAME_NOT_RESOLVED @ https://btlr.sharethrough.com/universal/v1?supply_id=WYu2BXv1:0
[11511789ms] [WARNING] An iframe which has both allow-scripts and allow-same-origin for its sandbox attribute can escape its sandboxing. @ https://cadmus.script.ac/d1oykxszdrgjgl/script.js:0
[11542327ms] [ERROR] Failed to load resource: net::ERR_NAME_NOT_RESOLVED @ https://btlr.sharethrough.com/universal/v1?supply_id=WYu2BXv1:0
[11542329ms] [ERROR] Failed to load resource: net::ERR_NAME_NOT_RESOLVED @ https://btlr.sharethrough.com/universal/v1?supply_id=WYu2BXv1:0
[11543709ms] [WARNING] An iframe which has both allow-scripts and allow-same-origin for its sandbox attribute can escape its sandboxing. @ https://cadmus.script.ac/d1oykxszdrgjgl/script.js:0
[11574323ms] [ERROR] Failed to load resource: net::ERR_NAME_NOT_RESOLVED @ https://btlr.sharethrough.com/universal/v1?supply_id=WYu2BXv1:0
[11574324ms] [ERROR] Failed to load resource: net::ERR_NAME_NOT_RESOLVED @ https://btlr.sharethrough.com/universal/v1?supply_id=WYu2BXv1:0
[11575521ms] [WARNING] An iframe which has both allow-scripts and allow-same-origin for its sandbox attribute can escape its sandboxing. @ https://cadmus.script.ac/d1oykxszdrgjgl/script.js:0
[11575811ms] [WARNING] An iframe which has both allow-scripts and allow-same-origin for its sandbox attribute can escape its sandboxing. @ https://cadmus.script.ac/d1oykxszdrgjgl/script.js:0
[11606502ms] [ERROR] Failed to load resource: net::ERR_NAME_NOT_RESOLVED @ https://btlr.sharethrough.com/universal/v1?supply_id=WYu2BXv1:0
[11606503ms] [ERROR] Failed to load resource: net::ERR_NAME_NOT_RESOLVED @ https://btlr.sharethrough.com/universal/v1?supply_id=WYu2BXv1:0
[11608515ms] [WARNING] An iframe which has both allow-scripts and allow-same-origin for its sandbox attribute can escape its sandboxing. @ https://cadmus.script.ac/d1oykxszdrgjgl/script.js:0
[11610516ms] [TIMEEND] a: 0.016845703125 ms @ https://static.adsafeprotected.com/sca.17.6.4.js:31
[11610754ms] [TIMEEND] a: 0.006103515625 ms @ https://static.adsafeprotected.com/sca.17.6.4.js:31
[11638361ms] [ERROR] Failed to load resource: net::ERR_NAME_NOT_RESOLVED @ https://btlr.sharethrough.com/universal/v1?supply_id=WYu2BXv1:0
[11638363ms] [ERROR] Failed to load resource: net::ERR_NAME_NOT_RESOLVED @ https://btlr.sharethrough.com/universal/v1?supply_id=WYu2BXv1:0
[11639938ms] [WARNING] An iframe which has both allow-scripts and allow-same-origin for its sandbox attribute can escape its sandboxing. @ https://cadmus.script.ac/d1oykxszdrgjgl/script.js:0
[11670328ms] [ERROR] Failed to load resource: net::ERR_NAME_NOT_RESOLVED @ https://btlr.sharethrough.com/universal/v1?supply_id=WYu2BXv1:0
[11670329ms] [ERROR] Failed to load resource: net::ERR_NAME_NOT_RESOLVED @ https://btlr.sharethrough.com/universal/v1?supply_id=WYu2BXv1:0
[11671141ms] [WARNING] TBT=836tvi48=32982&tvi50=31957 @ https://cdn.taboola.com/libtrc/namu-channel/loader.js:30
[11672044ms] [WARNING] An iframe which has both allow-scripts and allow-same-origin for its sandbox attribute can escape its sandboxing. @ https://cadmus.script.ac/d1oykxszdrgjgl/script.js:0
[11703954ms] [ERROR] Failed to load resource: net::ERR_NAME_NOT_RESOLVED @ https://btlr.sharethrough.com/universal/v1?supply_id=WYu2BXv1:0
[11703956ms] [ERROR] Failed to load resource: net::ERR_NAME_NOT_RESOLVED @ https://btlr.sharethrough.com/universal/v1?supply_id=WYu2BXv1:0
[11704481ms] [WARNING] An iframe which has both allow-scripts and allow-same-origin for its sandbox attribute can escape its sandboxing. @ https://cadmus.script.ac/d1oykxszdrgjgl/script.js:0
[11706097ms] [TIMEEND] a: 0.0048828125 ms @ https://static.adsafeprotected.com/sca.17.6.4.js:31
[11706342ms] [TIMEEND] a: 0.00390625 ms @ https://static.adsafeprotected.com/sca.17.6.4.js:31
[11735384ms] [ERROR] Failed to load resource: net::ERR_NAME_NOT_RESOLVED @ https://btlr.sharethrough.com/universal/v1?supply_id=WYu2BXv1:0
[11735387ms] [ERROR] Failed to load resource: net::ERR_NAME_NOT_RESOLVED @ https://btlr.sharethrough.com/universal/v1?supply_id=WYu2BXv1:0
[11736769ms] [WARNING] An iframe which has both allow-scripts and allow-same-origin for its sandbox attribute can escape its sandboxing. @ https://cadmus.script.ac/d1oykxszdrgjgl/script.js:0
[11738016ms] [DIR] SyntaxError @ https://js.ad-score.com/score.min.js?pid=1000942&tt=g:1
[11738550ms] [TIMEEND] a: 0.00390625 ms @ https://static.adsafeprotected.com/sca.17.6.4.js:31
[11738864ms] [WARNING] The powerPreference option is currently ignored when calling requestAdapter() on Windows. See https://crbug.com/369219127 @ https://js.ad-score.com/score.min.js?pid=1000942&tt=g:1
[11767303ms] [ERROR] Failed to load resource: net::ERR_NAME_NOT_RESOLVED @ https://btlr.sharethrough.com/universal/v1?supply_id=WYu2BXv1:0
[11767305ms] [ERROR] Failed to load resource: net::ERR_NAME_NOT_RESOLVED @ https://btlr.sharethrough.com/universal/v1?supply_id=WYu2BXv1:0
[11769603ms] [WARNING] An iframe which has both allow-scripts and allow-same-origin for its sandbox attribute can escape its sandboxing. @ https://cadmus.script.ac/d1oykxszdrgjgl/script.js:0
[11770996ms] [DIR] SyntaxError @ https://js.ad-score.com/score.min.js?pid=1000942&tt=g:1
[11771558ms] [TIMEEND] a: 0.0048828125 ms @ https://static.adsafeprotected.com/sca.17.6.4.js:31
[11771788ms] [WARNING] The powerPreference option is currently ignored when calling requestAdapter() on Windows. See https://crbug.com/369219127 @ https://js.ad-score.com/score.min.js?pid=1000942&tt=g:1
[11799316ms] [ERROR] Failed to load resource: net::ERR_NAME_NOT_RESOLVED @ https://btlr.sharethrough.com/universal/v1?supply_id=WYu2BXv1:0
[11800237ms] [ERROR] Failed to load resource: net::ERR_NAME_NOT_RESOLVED @ https://btlr.sharethrough.com/universal/v1?supply_id=WYu2BXv1:0
[11771788ms] [WARNING] The powerPreference option is currently ignored when calling requestAdapter() on Windows. See https://crbug.com/369219127 @ https://js.ad-score.com/score.min.js?pid=1000942&tt=g:1
[11771788ms] [WARNING] The powerPreference option is currently ignored when calling requestAdapter() on Windows. See https://crbug.com/369219127 @ https://js.ad-score.com/score.min.js?pid=1000942&tt=g:1
[11831415ms] [ERROR] Failed to load resource: net::ERR_NAME_NOT_RESOLVED @ https://btlr.sharethrough.com/universal/v1?supply_id=WYu2BXv1:0
[11832161ms] [ERROR] Failed to load resource: net::ERR_NAME_NOT_RESOLVED @ https://btlr.sharethrough.com/universal/v1?supply_id=WYu2BXv1:0
[11771788ms] [WARNING] The powerPreference option is currently ignored when calling requestAdapter() on Windows. See https://crbug.com/369219127 @ https://js.ad-score.com/score.min.js?pid=1000942&tt=g:1
[11771788ms] [WARNING] The powerPreference option is currently ignored when calling requestAdapter() on Windows. See https://crbug.com/369219127 @ https://js.ad-score.com/score.min.js?pid=1000942&tt=g:1
[11863303ms] [ERROR] Failed to load resource: net::ERR_NAME_NOT_RESOLVED @ https://btlr.sharethrough.com/universal/v1?supply_id=WYu2BXv1:0
[11864310ms] [ERROR] Failed to load resource: net::ERR_NAME_NOT_RESOLVED @ https://btlr.sharethrough.com/universal/v1?supply_id=WYu2BXv1:0
[11771788ms] [WARNING] The powerPreference option is currently ignored when calling requestAdapter() on Windows. See https://crbug.com/369219127 @ https://js.ad-score.com/score.min.js?pid=1000942&tt=g:1
[11771788ms] [WARNING] The powerPreference option is currently ignored when calling requestAdapter() on Windows. See https://crbug.com/369219127 @ https://js.ad-score.com/score.min.js?pid=1000942&tt=g:1
[11895083ms] [ERROR] Failed to load resource: net::ERR_NAME_NOT_RESOLVED @ https://btlr.sharethrough.com/universal/v1?supply_id=WYu2BXv1:0
[11896354ms] [ERROR] Failed to load resource: net::ERR_NAME_NOT_RESOLVED @ https://btlr.sharethrough.com/universal/v1?supply_id=WYu2BXv1:0
[11771788ms] [WARNING] The powerPreference option is currently ignored when calling requestAdapter() on Windows. See https://crbug.com/369219127 @ https://js.ad-score.com/score.min.js?pid=1000942&tt=g:1
[11771788ms] [WARNING] The powerPreference option is currently ignored when calling requestAdapter() on Windows. See https://crbug.com/369219127 @ https://js.ad-score.com/score.min.js?pid=1000942&tt=g:1
[11927232ms] [ERROR] Failed to load resource: net::ERR_NAME_NOT_RESOLVED @ https://btlr.sharethrough.com/universal/v1?supply_id=WYu2BXv1:0
[11928216ms] [ERROR] Failed to load resource: net::ERR_NAME_NOT_RESOLVED @ https://btlr.sharethrough.com/universal/v1?supply_id=WYu2BXv1:0
[11771788ms] [WARNING] The powerPreference option is currently ignored when calling requestAdapter() on Windows. See https://crbug.com/369219127 @ https://js.ad-score.com/score.min.js?pid=1000942&tt=g:1
[11771788ms] [WARNING] The powerPreference option is currently ignored when calling requestAdapter() on Windows. See https://crbug.com/369219127 @ https://js.ad-score.com/score.min.js?pid=1000942&tt=g:1
[11959452ms] [ERROR] Failed to load resource: net::ERR_NAME_NOT_RESOLVED @ https://btlr.sharethrough.com/universal/v1?supply_id=WYu2BXv1:0
[11960242ms] [ERROR] Failed to load resource: net::ERR_NAME_NOT_RESOLVED @ https://btlr.sharethrough.com/universal/v1?supply_id=WYu2BXv1:0
[11771788ms] [WARNING] The powerPreference option is currently ignored when calling requestAdapter() on Windows. See https://crbug.com/369219127 @ https://js.ad-score.com/score.min.js?pid=1000942&tt=g:1
[11961542ms] [WARNING] An iframe which has both allow-scripts and allow-same-origin for its sandbox attribute can escape its sandboxing. @ https://cadmus.script.ac/d1oykxszdrgjgl/script.js:0
[11991377ms] [ERROR] Failed to load resource: net::ERR_NAME_NOT_RESOLVED @ https://btlr.sharethrough.com/universal/v1?supply_id=WYu2BXv1:0
[11992121ms] [ERROR] Failed to load resource: net::ERR_NAME_NOT_RESOLVED @ https://btlr.sharethrough.com/universal/v1?supply_id=WYu2BXv1:0
[11993182ms] [WARNING] An iframe which has both allow-scripts and allow-same-origin for its sandbox attribute can escape its sandboxing. @ https://cadmus.script.ac/d1oykxszdrgjgl/script.js:0
[12023189ms] [ERROR] Failed to load resource: net::ERR_NAME_NOT_RESOLVED @ https://btlr.sharethrough.com/universal/v1?supply_id=WYu2BXv1:0
[12024271ms] [ERROR] Failed to load resource: net::ERR_NAME_NOT_RESOLVED @ https://btlr.sharethrough.com/universal/v1?supply_id=WYu2BXv1:0
[12025485ms] [WARNING] An iframe which has both allow-scripts and allow-same-origin for its sandbox attribute can escape its sandboxing. @ https://cadmus.script.ac/d1oykxszdrgjgl/script.js:0
[12055145ms] [ERROR] Failed to load resource: net::ERR_NAME_NOT_RESOLVED @ https://btlr.sharethrough.com/universal/v1?supply_id=WYu2BXv1:0
[12056334ms] [ERROR] Failed to load resource: net::ERR_NAME_NOT_RESOLVED @ https://btlr.sharethrough.com/universal/v1?supply_id=WYu2BXv1:0
[12056930ms] [WARNING] An iframe which has both allow-scripts and allow-same-origin for its sandbox attribute can escape its sandboxing. @ https://cadmus.script.ac/d1oykxszdrgjgl/script.js:0
[12057880ms] [WARNING] An iframe which has both allow-scripts and allow-same-origin for its sandbox attribute can escape its sandboxing. @ https://cadmus.script.ac/d1oykxszdrgjgl/script.js:0
[12058686ms] [ERROR] Unsafe attempt to initiate navigation for frame with URL 'about:blank' from frame with URL 'about:srcdoc'. The frame attempting navigation must be same-origin with the target if navigating to a javascript: url
 @ https://choices.trustarc.com/get?name=pmw2.js:0
[12059521ms] [TIMEEND] a: 0.007080078125 ms @ https://static.adsafeprotected.com/sca.17.6.4.js:31
[12059770ms] [TIMEEND] a: 0.00390625 ms @ https://static.adsafeprotected.com/sca.17.6.4.js:31
[12087238ms] [ERROR] Failed to load resource: net::ERR_NAME_NOT_RESOLVED @ https://btlr.sharethrough.com/universal/v1?supply_id=WYu2BXv1:0
[12088263ms] [ERROR] Failed to load resource: net::ERR_NAME_NOT_RESOLVED @ https://btlr.sharethrough.com/universal/v1?supply_id=WYu2BXv1:0
[12089510ms] [WARNING] An iframe which has both allow-scripts and allow-same-origin for its sandbox attribute can escape its sandboxing. @ https://cadmus.script.ac/d1oykxszdrgjgl/script.js:0
[12119457ms] [ERROR] Failed to load resource: net::ERR_NAME_NOT_RESOLVED @ https://btlr.sharethrough.com/universal/v1?supply_id=WYu2BXv1:0
[12120183ms] [ERROR] Failed to load resource: net::ERR_NAME_NOT_RESOLVED @ https://btlr.sharethrough.com/universal/v1?supply_id=WYu2BXv1:0
[12121775ms] [WARNING] An iframe which has both allow-scripts and allow-same-origin for its sandbox attribute can escape its sandboxing. @ https://cadmus.script.ac/d1oykxszdrgjgl/script.js:0
[12123601ms] [TIMEEND] a: 0.005126953125 ms @ https://static.adsafeprotected.com/sca.17.6.4.js:31
[12123862ms] [TIMEEND] a: 0.00390625 ms @ https://static.adsafeprotected.com/sca.17.6.4.js:31
[12151679ms] [ERROR] Failed to load resource: net::ERR_NAME_NOT_RESOLVED @ https://btlr.sharethrough.com/universal/v1?supply_id=WYu2BXv1:0
[12152613ms] [ERROR] Failed to load resource: net::ERR_NAME_NOT_RESOLVED @ https://btlr.sharethrough.com/universal/v1?supply_id=WYu2BXv1:0
[12153730ms] [WARNING] An iframe which has both allow-scripts and allow-same-origin for its sandbox attribute can escape its sandboxing. @ https://cadmus.script.ac/d1oykxszdrgjgl/script.js:0
[12155405ms] [ERROR] Unsafe attempt to initiate navigation for frame with URL 'about:blank' from frame with URL 'about:srcdoc'. The frame attempting navigation must be same-origin with the target if navigating to a javascript: url
 @ https://choices.trustarc.com/get?name=pmw2.js:0
[12183323ms] [ERROR] Failed to load resource: net::ERR_NAME_NOT_RESOLVED @ https://btlr.sharethrough.com/universal/v1?supply_id=WYu2BXv1:0
[12184377ms] [ERROR] Failed to load resource: net::ERR_NAME_NOT_RESOLVED @ https://btlr.sharethrough.com/universal/v1?supply_id=WYu2BXv1:0
[12185685ms] [WARNING] An iframe which has both allow-scripts and allow-same-origin for its sandbox attribute can escape its sandboxing. @ https://cadmus.script.ac/d1oykxszdrgjgl/script.js:0
[12187111ms] [TIMEEND] a: 0.0068359375 ms @ https://static.adsafeprotected.com/sca.17.6.4.js:31
[12187331ms] [TIMEEND] a: 0.004150390625 ms @ https://static.adsafeprotected.com/sca.17.6.4.js:31
[12215218ms] [ERROR] Failed to load resource: net::ERR_NAME_NOT_RESOLVED @ https://btlr.sharethrough.com/universal/v1?supply_id=WYu2BXv1:0
[12216415ms] [ERROR] Failed to load resource: net::ERR_NAME_NOT_RESOLVED @ https://btlr.sharethrough.com/universal/v1?supply_id=WYu2BXv1:0
[12217665ms] [WARNING] An iframe which has both allow-scripts and allow-same-origin for its sandbox attribute can escape its sandboxing. @ https://cadmus.script.ac/d1oykxszdrgjgl/script.js:0
[12219063ms] [TIMEEND] a: 0.005126953125 ms @ https://static.adsafeprotected.com/sca.17.6.4.js:31
[12219327ms] [TIMEEND] a: 0.005859375 ms @ https://static.adsafeprotected.com/sca.17.6.4.js:31
[12219810ms] [TIMEEND] a: 0.005126953125 ms @ https://static.adsafeprotected.com/sca.17.6.4.js:31
[12247179ms] [ERROR] Failed to load resource: net::ERR_NAME_NOT_RESOLVED @ https://btlr.sharethrough.com/universal/v1?supply_id=WYu2BXv1:0
[12248339ms] [ERROR] Failed to load resource: net::ERR_NAME_NOT_RESOLVED @ https://btlr.sharethrough.com/universal/v1?supply_id=WYu2BXv1:0
[12249541ms] [WARNING] An iframe which has both allow-scripts and allow-same-origin for its sandbox attribute can escape its sandboxing. @ https://cadmus.script.ac/d1oykxszdrgjgl/script.js:0
[12251044ms] [TIMEEND] a: 0.007080078125 ms @ https://static.adsafeprotected.com/sca.17.6.4.js:31
[12251275ms] [TIMEEND] a: 0.00390625 ms @ https://static.adsafeprotected.com/sca.17.6.4.js:31
[12279407ms] [ERROR] Failed to load resource: net::ERR_NAME_NOT_RESOLVED @ https://btlr.sharethrough.com/universal/v1?supply_id=WYu2BXv1:0
[12280249ms] [ERROR] Failed to load resource: net::ERR_NAME_NOT_RESOLVED @ https://btlr.sharethrough.com/universal/v1?supply_id=WYu2BXv1:0
[12281517ms] [WARNING] An iframe which has both allow-scripts and allow-same-origin for its sandbox attribute can escape its sandboxing. @ https://cadmus.script.ac/d1oykxszdrgjgl/script.js:0
[12311399ms] [ERROR] Failed to load resource: net::ERR_NAME_NOT_RESOLVED @ https://btlr.sharethrough.com/universal/v1?supply_id=WYu2BXv1:0
[12312154ms] [ERROR] Failed to load resource: net::ERR_NAME_NOT_RESOLVED @ https://btlr.sharethrough.com/universal/v1?supply_id=WYu2BXv1:0
[12313546ms] [WARNING] An iframe which has both allow-scripts and allow-same-origin for its sandbox attribute can escape its sandboxing. @ https://cadmus.script.ac/d1oykxszdrgjgl/script.js:0
[12314991ms] [TIMEEND] a: 0.006103515625 ms @ https://static.adsafeprotected.com/sca.17.6.4.js:31
[12315239ms] [TIMEEND] a: 0.005126953125 ms @ https://static.adsafeprotected.com/sca.17.6.4.js:31
[12343379ms] [ERROR] Failed to load resource: net::ERR_NAME_NOT_RESOLVED @ https://btlr.sharethrough.com/universal/v1?supply_id=WYu2BXv1:0
[12344346ms] [ERROR] Failed to load resource: net::ERR_NAME_NOT_RESOLVED @ https://btlr.sharethrough.com/universal/v1?supply_id=WYu2BXv1:0
[12345632ms] [WARNING] An iframe which has both allow-scripts and allow-same-origin for its sandbox attribute can escape its sandboxing. @ https://cadmus.script.ac/d1oykxszdrgjgl/script.js:0
[12346994ms] [TIMEEND] a: 0.0048828125 ms @ https://static.adsafeprotected.com/sca.17.6.4.js:31
[12347255ms] [TIMEEND] a: 0.004150390625 ms @ https://static.adsafeprotected.com/sca.17.6.4.js:31
[12375263ms] [ERROR] Failed to load resource: net::ERR_NAME_NOT_RESOLVED @ https://btlr.sharethrough.com/universal/v1?supply_id=WYu2BXv1:0
[12376370ms] [ERROR] Failed to load resource: net::ERR_NAME_NOT_RESOLVED @ https://btlr.sharethrough.com/universal/v1?supply_id=WYu2BXv1:0
[12377550ms] [WARNING] An iframe which has both allow-scripts and allow-same-origin for its sandbox attribute can escape its sandboxing. @ https://cadmus.script.ac/d1oykxszdrgjgl/script.js:0
[12407220ms] [ERROR] Failed to load resource: net::ERR_NAME_NOT_RESOLVED @ https://btlr.sharethrough.com/universal/v1?supply_id=WYu2BXv1:0
[12408522ms] [ERROR] Failed to load resource: net::ERR_NAME_NOT_RESOLVED @ https://btlr.sharethrough.com/universal/v1?supply_id=WYu2BXv1:0
[12440505ms] [ERROR] Failed to load resource: net::ERR_NAME_NOT_RESOLVED @ https://btlr.sharethrough.com/universal/v1?supply_id=WYu2BXv1:0
[12440507ms] [ERROR] Failed to load resource: net::ERR_NAME_NOT_RESOLVED @ https://btlr.sharethrough.com/universal/v1?supply_id=WYu2BXv1:0
[12472390ms] [ERROR] Failed to load resource: net::ERR_NAME_NOT_RESOLVED @ https://btlr.sharethrough.com/universal/v1?supply_id=WYu2BXv1:0
[12472392ms] [ERROR] Failed to load resource: net::ERR_NAME_NOT_RESOLVED @ https://btlr.sharethrough.com/universal/v1?supply_id=WYu2BXv1:0
[12504288ms] [ERROR] Failed to load resource: net::ERR_NAME_NOT_RESOLVED @ https://btlr.sharethrough.com/universal/v1?supply_id=WYu2BXv1:0
[12504289ms] [ERROR] Failed to load resource: net::ERR_NAME_NOT_RESOLVED @ https://btlr.sharethrough.com/universal/v1?supply_id=WYu2BXv1:0
[12536387ms] [ERROR] Failed to load resource: net::ERR_NAME_NOT_RESOLVED @ https://btlr.sharethrough.com/universal/v1?supply_id=WYu2BXv1:0
[12536389ms] [ERROR] Failed to load resource: net::ERR_NAME_NOT_RESOLVED @ https://btlr.sharethrough.com/universal/v1?supply_id=WYu2BXv1:0
[12537697ms] [WARNING] An iframe which has both allow-scripts and allow-same-origin for its sandbox attribute can escape its sandboxing. @ https://cadmus.script.ac/d1oykxszdrgjgl/script.js:0
[12539149ms] [TIMEEND] a: 0.005859375 ms @ https://static.adsafeprotected.com/sca.17.6.4.js:31
[12539395ms] [TIMEEND] a: 0.004150390625 ms @ https://static.adsafeprotected.com/sca.17.6.4.js:31
[12568527ms] [ERROR] Failed to load resource: net::ERR_NAME_NOT_RESOLVED @ https://btlr.sharethrough.com/universal/v1?supply_id=WYu2BXv1:0
[12568528ms] [ERROR] Failed to load resource: net::ERR_NAME_NOT_RESOLVED @ https://btlr.sharethrough.com/universal/v1?supply_id=WYu2BXv1:0
[12569743ms] [WARNING] An iframe which has both allow-scripts and allow-same-origin for its sandbox attribute can escape its sandboxing. @ https://cadmus.script.ac/d1oykxszdrgjgl/script.js:0
[12570444ms] [ERROR] Failed to load resource: net::ERR_NAME_NOT_RESOLVED @ https://cs.lkqd.net/cs?partnerId=59&redirect=https%3A%2F%2Fcm.g.doubleclick.net%2Fpixel%3Fgoogle_nid%3Dlkqd_dbm%26google_hm%3D%24%24rawlkqduserid%7Cbase64%24%24:0
[12570523ms] [ERROR] Failed to load resource: net::ERR_NAME_NOT_RESOLVED @ https://cs.lkqd.net/cs?partnerId=59&partnerUserId=CAESEKcau7qGVhXO6lBw2oAIdNM&gdpr=0&google_cver=1:0
[12600293ms] [ERROR] Failed to load resource: net::ERR_NAME_NOT_RESOLVED @ https://btlr.sharethrough.com/universal/v1?supply_id=WYu2BXv1:0
[12600294ms] [ERROR] Failed to load resource: net::ERR_NAME_NOT_RESOLVED @ https://btlr.sharethrough.com/universal/v1?supply_id=WYu2BXv1:0
[12601611ms] [WARNING] An iframe which has both allow-scripts and allow-same-origin for its sandbox attribute can escape its sandboxing. @ https://cadmus.script.ac/d1oykxszdrgjgl/script.js:0
[12601981ms] [WARNING] An iframe which has both allow-scripts and allow-same-origin for its sandbox attribute can escape its sandboxing. @ https://cadmus.script.ac/d1oykxszdrgjgl/script.js:0
[12602839ms] [WARNING] Unrecognized feature: 'attribution-reporting'. @ https://www.googletagservices.com/dcm/impl_v107.js:109
[12603344ms] [ERROR] Unsafe attempt to initiate navigation for frame with URL 'about:blank' from frame with URL 'about:srcdoc'. The frame attempting navigation must be same-origin with the target if navigating to a javascript: url
 @ https://choices.trustarc.com/get?name=pmw2.js:0
[12603504ms] [ERROR] Failed to load resource: the server responded with a status of 400 () @ https://match.prod.bidr.io/cookie-sync/verve?gdpr=0&gdpr_consent=:0
[12604035ms] [ERROR] Failed to load resource: net::ERR_CONNECTION_REFUSED @ https://farm.plista.com/matching/pixel/?ssp=c3de&dsp_user_id=8677253299447972844:0
[12604073ms] [ERROR] Failed to load resource: net::ERR_NAME_NOT_RESOLVED @ https://sync.extend.tv/r.gif?exchange=liveramp&ZUID=8677253299447972844:0
[12604089ms] [ERROR] Failed to load resource: net::ERR_NAME_NOT_RESOLVED @ https://beacon.krxd.net/usermatch.gif?adnxs_uid=8677253299447972844:0
[12604388ms] [ERROR] Failed to load resource: the server responded with a status of 404 (Not Found) @ https://sync-tb.yrxtam.com/ffb9b365d87c2b3126298b7483e4ddd1.gif?puid=[UID]&redir=https%3A%2F%2Fs.ad.smaato.net%2Fc%2F%3FdspId%3D1519%26dspCookie%3D%24UID%26gdpr%3D0%26gdpr_consent%3D&gdpr=0&gdpr_consent=&coppa=[COPPA]&gpp=[GPP]&gpp_sid=[GPP_SID]:0
[12603504ms] [ERROR] Failed to load resource: the server responded with a status of 400 () @ https://match.prod.bidr.io/cookie-sync/verve?gdpr=0&gdpr_consent=:0
[12604388ms] [ERROR] Failed to load resource: the server responded with a status of 404 (Not Found) @ https://sync-tb.yrxtam.com/ffb9b365d87c2b3126298b7483e4ddd1.gif?puid=[UID]&redir=https%3A%2F%2Fs.ad.smaato.net%2Fc%2F%3FdspId%3D1519%26dspCookie%3D%24UID%26gdpr%3D0%26gdpr_consent%3D&gdpr=0&gdpr_consent=&coppa=[COPPA]&gpp=[GPP]&gpp_sid=[GPP_SID]:0
[12632419ms] [ERROR] Failed to load resource: net::ERR_NAME_NOT_RESOLVED @ https://btlr.sharethrough.com/universal/v1?supply_id=WYu2BXv1:0
[12632423ms] [ERROR] Failed to load resource: net::ERR_NAME_NOT_RESOLVED @ https://btlr.sharethrough.com/universal/v1?supply_id=WYu2BXv1:0
[12633818ms] [WARNING] An iframe which has both allow-scripts and allow-same-origin for its sandbox attribute can escape its sandboxing. @ https://cadmus.script.ac/d1oykxszdrgjgl/script.js:0
[12635412ms] [TIMEEND] a: 0.035888671875 ms @ https://static.adsafeprotected.com/sca.17.6.4.js:31
[12635680ms] [TIMEEND] a: 0.00390625 ms @ https://static.adsafeprotected.com/sca.17.6.4.js:31
[12664631ms] [ERROR] Failed to load resource: net::ERR_NAME_NOT_RESOLVED @ https://btlr.sharethrough.com/universal/v1?supply_id=WYu2BXv1:0
[12664645ms] [ERROR] Failed to load resource: net::ERR_NAME_NOT_RESOLVED @ https://btlr.sharethrough.com/universal/v1?supply_id=WYu2BXv1:0
[12665734ms] [WARNING] An iframe which has both allow-scripts and allow-same-origin for its sandbox attribute can escape its sandboxing. @ https://cadmus.script.ac/d1oykxszdrgjgl/script.js:0
[12667260ms] [TIMEEND] a: 0.006103515625 ms @ https://static.adsafeprotected.com/sca.17.6.4.js:31
[12667509ms] [TIMEEND] a: 0.005126953125 ms @ https://static.adsafeprotected.com/sca.17.6.4.js:31
[12696412ms] [ERROR] Failed to load resource: net::ERR_NAME_NOT_RESOLVED @ https://btlr.sharethrough.com/universal/v1?supply_id=WYu2BXv1:0
[12696413ms] [ERROR] Failed to load resource: net::ERR_NAME_NOT_RESOLVED @ https://btlr.sharethrough.com/universal/v1?supply_id=WYu2BXv1:0
[12728442ms] [ERROR] Failed to load resource: net::ERR_NAME_NOT_RESOLVED @ https://btlr.sharethrough.com/universal/v1?supply_id=WYu2BXv1:0
[12729275ms] [ERROR] Failed to load resource: net::ERR_NAME_NOT_RESOLVED @ https://btlr.sharethrough.com/universal/v1?supply_id=WYu2BXv1:0
[12731064ms] [WARNING] An iframe which has both allow-scripts and allow-same-origin for its sandbox attribute can escape its sandboxing. @ https://cadmus.script.ac/d1oykxszdrgjgl/script.js:0
[12760237ms] [ERROR] Failed to load resource: net::ERR_NAME_NOT_RESOLVED @ https://btlr.sharethrough.com/universal/v1?supply_id=WYu2BXv1:0
[12761357ms] [ERROR] Failed to load resource: net::ERR_NAME_NOT_RESOLVED @ https://btlr.sharethrough.com/universal/v1?supply_id=WYu2BXv1:0
[12762628ms] [WARNING] An iframe which has both allow-scripts and allow-same-origin for its sandbox attribute can escape its sandboxing. @ https://cadmus.script.ac/d1oykxszdrgjgl/script.js:0
[12792199ms] [ERROR] Failed to load resource: net::ERR_NAME_NOT_RESOLVED @ https://btlr.sharethrough.com/universal/v1?supply_id=WYu2BXv1:0
[12793266ms] [ERROR] Failed to load resource: net::ERR_NAME_NOT_RESOLVED @ https://btlr.sharethrough.com/universal/v1?supply_id=WYu2BXv1:0
[12794838ms] [WARNING] An iframe which has both allow-scripts and allow-same-origin for its sandbox attribute can escape its sandboxing. @ https://cadmus.script.ac/d1oykxszdrgjgl/script.js:0
[12824934ms] [ERROR] Failed to load resource: net::ERR_NAME_NOT_RESOLVED @ https://btlr.sharethrough.com/universal/v1?supply_id=WYu2BXv1:0
[12825853ms] [ERROR] Failed to load resource: net::ERR_NAME_NOT_RESOLVED @ https://btlr.sharethrough.com/universal/v1?supply_id=WYu2BXv1:0
[12827092ms] [WARNING] An iframe which has both allow-scripts and allow-same-origin for its sandbox attribute can escape its sandboxing. @ https://cadmus.script.ac/d1oykxszdrgjgl/script.js:0
[12828545ms] [TIMEEND] a: 0.004150390625 ms @ https://static.adsafeprotected.com/sca.17.6.4.js:31
[12828804ms] [TIMEEND] a: 0.005126953125 ms @ https://static.adsafeprotected.com/sca.17.6.4.js:31
[12857208ms] [ERROR] Failed to load resource: net::ERR_NAME_NOT_RESOLVED @ https://btlr.sharethrough.com/universal/v1?supply_id=WYu2BXv1:0
[12857209ms] [ERROR] Failed to load resource: net::ERR_NAME_NOT_RESOLVED @ https://btlr.sharethrough.com/universal/v1?supply_id=WYu2BXv1:0
[12858956ms] [WARNING] An iframe which has both allow-scripts and allow-same-origin for its sandbox attribute can escape its sandboxing. @ https://cadmus.script.ac/d1oykxszdrgjgl/script.js:0
[12859230ms] [WARNING] An iframe which has both allow-scripts and allow-same-origin for its sandbox attribute can escape its sandboxing. @ https://cadmus.script.ac/d1oykxszdrgjgl/script.js:0
[12860968ms] [TIMEEND] a: 0.005126953125 ms @ https://static.adsafeprotected.com/sca.17.6.4.js:31
[12861214ms] [TIMEEND] a: 0.0029296875 ms @ https://static.adsafeprotected.com/sca.17.6.4.js:31
[12889392ms] [ERROR] Failed to load resource: net::ERR_NAME_NOT_RESOLVED @ https://btlr.sharethrough.com/universal/v1?supply_id=WYu2BXv1:0
[12889395ms] [ERROR] Failed to load resource: net::ERR_NAME_NOT_RESOLVED @ https://btlr.sharethrough.com/universal/v1?supply_id=WYu2BXv1:0
[12890813ms] [WARNING] An iframe which has both allow-scripts and allow-same-origin for its sandbox attribute can escape its sandboxing. @ https://cadmus.script.ac/d1oykxszdrgjgl/script.js:0
[12892581ms] [TIMEEND] a: 0.006103515625 ms @ https://static.adsafeprotected.com/sca.17.6.4.js:31
[12892832ms] [TIMEEND] a: 0.0048828125 ms @ https://static.adsafeprotected.com/sca.17.6.4.js:31
[12921393ms] [ERROR] Failed to load resource: net::ERR_NAME_NOT_RESOLVED @ https://btlr.sharethrough.com/universal/v1?supply_id=WYu2BXv1:0
[12921396ms] [ERROR] Failed to load resource: net::ERR_NAME_NOT_RESOLVED @ https://btlr.sharethrough.com/universal/v1?supply_id=WYu2BXv1:0
[12922950ms] [WARNING] An iframe which has both allow-scripts and allow-same-origin for its sandbox attribute can escape its sandboxing. @ https://cadmus.script.ac/d1oykxszdrgjgl/script.js:0
[12924206ms] [DIR] SyntaxError @ https://js.ad-score.com/score.min.js?pid=1000942&tt=g:1
[12924798ms] [TIMEEND] a: 0.005859375 ms @ https://static.adsafeprotected.com/sca.17.6.4.js:31
[12925138ms] [WARNING] The powerPreference option is currently ignored when calling requestAdapter() on Windows. See https://crbug.com/369219127 @ https://js.ad-score.com/score.min.js?pid=1000942&tt=g:1
[12953497ms] [ERROR] Failed to load resource: net::ERR_NAME_NOT_RESOLVED @ https://btlr.sharethrough.com/universal/v1?supply_id=WYu2BXv1:0
[12953504ms] [ERROR] Failed to load resource: net::ERR_NAME_NOT_RESOLVED @ https://btlr.sharethrough.com/universal/v1?supply_id=WYu2BXv1:0
[12955593ms] [WARNING] An iframe which has both allow-scripts and allow-same-origin for its sandbox attribute can escape its sandboxing. @ https://cadmus.script.ac/d1oykxszdrgjgl/script.js:0
[12956863ms] [DIR] SyntaxError @ https://js.ad-score.com/score.min.js?pid=1000942&tt=g:1
[12957417ms] [TIMEEND] a: 0.003173828125 ms @ https://static.adsafeprotected.com/sca.17.6.4.js:31
[12957578ms] [WARNING] The powerPreference option is currently ignored when calling requestAdapter() on Windows. See https://crbug.com/369219127 @ https://js.ad-score.com/score.min.js?pid=1000942&tt=g:1
[12985529ms] [ERROR] Failed to load resource: net::ERR_NAME_NOT_RESOLVED @ https://btlr.sharethrough.com/universal/v1?supply_id=WYu2BXv1:0
[12985530ms] [ERROR] Failed to load resource: net::ERR_NAME_NOT_RESOLVED @ https://btlr.sharethrough.com/universal/v1?supply_id=WYu2BXv1:0
[12986884ms] [WARNING] An iframe which has both allow-scripts and allow-same-origin for its sandbox attribute can escape its sandboxing. @ https://cadmus.script.ac/d1oykxszdrgjgl/script.js:0
[12988967ms] [TIMEEND] a: 0.004150390625 ms @ https://static.adsafeprotected.com/sca.17.6.4.js:31
[12989539ms] [TIMEEND] a: 0.00390625 ms @ https://static.adsafeprotected.com/sca.17.6.4.js:31
[13017525ms] [ERROR] Failed to load resource: net::ERR_NAME_NOT_RESOLVED @ https://btlr.sharethrough.com/universal/v1?supply_id=WYu2BXv1:0
[13017527ms] [ERROR] Failed to load resource: net::ERR_NAME_NOT_RESOLVED @ https://btlr.sharethrough.com/universal/v1?supply_id=WYu2BXv1:0
[13018819ms] [WARNING] An iframe which has both allow-scripts and allow-same-origin for its sandbox attribute can escape its sandboxing. @ https://cadmus.script.ac/d1oykxszdrgjgl/script.js:0
[13020143ms] [DIR] SyntaxError @ https://js.ad-score.com/score.min.js?pid=1000942&tt=g:1
[13020624ms] [TIMEEND] a: 0.00390625 ms @ https://static.adsafeprotected.com/sca.17.6.4.js:31
[13020900ms] [WARNING] The powerPreference option is currently ignored when calling requestAdapter() on Windows. See https://crbug.com/369219127 @ https://js.ad-score.com/score.min.js?pid=1000942&tt=g:1
[13049415ms] [ERROR] Failed to load resource: net::ERR_NAME_NOT_RESOLVED @ https://btlr.sharethrough.com/universal/v1?supply_id=WYu2BXv1:0
[13049416ms] [ERROR] Failed to load resource: net::ERR_NAME_NOT_RESOLVED @ https://btlr.sharethrough.com/universal/v1?supply_id=WYu2BXv1:0
[13050613ms] [WARNING] An iframe which has both allow-scripts and allow-same-origin for its sandbox attribute can escape its sandboxing. @ https://cadmus.script.ac/d1oykxszdrgjgl/script.js:0
[13050933ms] [WARNING] An iframe which has both allow-scripts and allow-same-origin for its sandbox attribute can escape its sandboxing. @ https://cadmus.script.ac/d1oykxszdrgjgl/script.js:0
[13052330ms] [ERROR] Unsafe attempt to initiate navigation for frame with URL 'about:blank' from frame with URL 'about:srcdoc'. The frame attempting navigation must be same-origin with the target if navigating to a javascript: url
 @ https://choices.trustarc.com/get?name=pmw2.js:0
[13052617ms] [ERROR] Failed to load resource: net::ERR_NAME_NOT_RESOLVED @ https://cm-x.mgid.com/5f771db5775920b3ea597ee1392355e9.gif?puid=[UID]&redir=https%3A%2F%2Fs.ad.smaato.net%2Fc%2F%3FdspId%3D1466%26dspCookie%3D%5BUID%5D%26gdpr%3D0%26gdpr_consent%3D&gdpr=0&gdpr_consent=&coppa=[COPPA]&gpp=[GPP]&gpp_sid=[GPP_SID]:0
[13052617ms] [ERROR] Failed to load resource: net::ERR_NAME_NOT_RESOLVED @ https://cm-x.mgid.com/5f771db5775920b3ea597ee1392355e9.gif?puid=[UID]&redir=https%3A%2F%2Fs.ad.smaato.net%2Fc%2F%3FdspId%3D1466%26dspCookie%3D%5BUID%5D%26gdpr%3D0%26gdpr_consent%3D&gdpr=0&gdpr_consent=&coppa=[COPPA]&gpp=[GPP]&gpp_sid=[GPP_SID]:0
[13081430ms] [ERROR] Failed to load resource: net::ERR_NAME_NOT_RESOLVED @ https://btlr.sharethrough.com/universal/v1?supply_id=WYu2BXv1:0
[13081431ms] [ERROR] Failed to load resource: net::ERR_NAME_NOT_RESOLVED @ https://btlr.sharethrough.com/universal/v1?supply_id=WYu2BXv1:0
[13082729ms] [WARNING] An iframe which has both allow-scripts and allow-same-origin for its sandbox attribute can escape its sandboxing. @ https://cadmus.script.ac/d1oykxszdrgjgl/script.js:0
[13113473ms] [ERROR] Failed to load resource: net::ERR_NAME_NOT_RESOLVED @ https://btlr.sharethrough.com/universal/v1?supply_id=WYu2BXv1:0
[13113475ms] [ERROR] Failed to load resource: net::ERR_NAME_NOT_RESOLVED @ https://btlr.sharethrough.com/universal/v1?supply_id=WYu2BXv1:0
[13114740ms] [WARNING] An iframe which has both allow-scripts and allow-same-origin for its sandbox attribute can escape its sandboxing. @ https://cadmus.script.ac/d1oykxszdrgjgl/script.js:0
[13115965ms] [DIR] SyntaxError @ https://js.ad-score.com/score.min.js?pid=1000942&tt=g:1
[13116594ms] [TIMEEND] a: 0.005859375 ms @ https://static.adsafeprotected.com/sca.17.6.4.js:31
[13116883ms] [WARNING] The powerPreference option is currently ignored when calling requestAdapter() on Windows. See https://crbug.com/369219127 @ https://js.ad-score.com/score.min.js?pid=1000942&tt=g:1
[13145550ms] [ERROR] Failed to load resource: net::ERR_NAME_NOT_RESOLVED @ https://btlr.sharethrough.com/universal/v1?supply_id=WYu2BXv1:0
[13145552ms] [ERROR] Failed to load resource: net::ERR_NAME_NOT_RESOLVED @ https://btlr.sharethrough.com/universal/v1?supply_id=WYu2BXv1:0
[13146768ms] [WARNING] An iframe which has both allow-scripts and allow-same-origin for its sandbox attribute can escape its sandboxing. @ https://cadmus.script.ac/d1oykxszdrgjgl/script.js:0
[13148689ms] [DIR] SyntaxError @ https://js.ad-score.com/score.min.js?pid=1000942&tt=g:1
[13149195ms] [TIMEEND] a: 0.004150390625 ms @ https://static.adsafeprotected.com/sca.17.6.4.js:31
[13149392ms] [WARNING] The powerPreference option is currently ignored when calling requestAdapter() on Windows. See https://crbug.com/369219127 @ https://js.ad-score.com/score.min.js?pid=1000942&tt=g:1
[13177591ms] [ERROR] Failed to load resource: net::ERR_NAME_NOT_RESOLVED @ https://btlr.sharethrough.com/universal/v1?supply_id=WYu2BXv1:0
[13177595ms] [ERROR] Failed to load resource: net::ERR_NAME_NOT_RESOLVED @ https://btlr.sharethrough.com/universal/v1?supply_id=WYu2BXv1:0
[13178792ms] [WARNING] An iframe which has both allow-scripts and allow-same-origin for its sandbox attribute can escape its sandboxing. @ https://cadmus.script.ac/d1oykxszdrgjgl/script.js:0
[13180475ms] [TIMEEND] a: 0.0029296875 ms @ https://static.adsafeprotected.com/sca.17.6.4.js:31
[13180735ms] [TIMEEND] a: 0.00390625 ms @ https://static.adsafeprotected.com/sca.17.6.4.js:31
[13209395ms] [ERROR] Failed to load resource: net::ERR_NAME_NOT_RESOLVED @ https://btlr.sharethrough.com/universal/v1?supply_id=WYu2BXv1:0
[13209397ms] [ERROR] Failed to load resource: net::ERR_NAME_NOT_RESOLVED @ https://btlr.sharethrough.com/universal/v1?supply_id=WYu2BXv1:0
[13210744ms] [WARNING] An iframe which has both allow-scripts and allow-same-origin for its sandbox attribute can escape its sandboxing. @ https://cadmus.script.ac/d1oykxszdrgjgl/script.js:0
[13212227ms] [TIMEEND] a: 0.00390625 ms @ https://static.adsafeprotected.com/sca.17.6.4.js:31
[13212482ms] [TIMEEND] a: 0.006103515625 ms @ https://static.adsafeprotected.com/sca.17.6.4.js:31
[13241441ms] [ERROR] Failed to load resource: net::ERR_NAME_NOT_RESOLVED @ https://btlr.sharethrough.com/universal/v1?supply_id=WYu2BXv1:0
[13241442ms] [ERROR] Failed to load resource: net::ERR_NAME_NOT_RESOLVED @ https://btlr.sharethrough.com/universal/v1?supply_id=WYu2BXv1:0
[13242742ms] [WARNING] An iframe which has both allow-scripts and allow-same-origin for its sandbox attribute can escape its sandboxing. @ https://cadmus.script.ac/d1oykxszdrgjgl/script.js:0
[13273458ms] [ERROR] Failed to load resource: net::ERR_NAME_NOT_RESOLVED @ https://btlr.sharethrough.com/universal/v1?supply_id=WYu2BXv1:0
[13273460ms] [ERROR] Failed to load resource: net::ERR_NAME_NOT_RESOLVED @ https://btlr.sharethrough.com/universal/v1?supply_id=WYu2BXv1:0
[13274662ms] [WARNING] An iframe which has both allow-scripts and allow-same-origin for its sandbox attribute can escape its sandboxing. @ https://cadmus.script.ac/d1oykxszdrgjgl/script.js:0
[13305614ms] [ERROR] Failed to load resource: net::ERR_NAME_NOT_RESOLVED @ https://btlr.sharethrough.com/universal/v1?supply_id=WYu2BXv1:0
[13305616ms] [ERROR] Failed to load resource: net::ERR_NAME_NOT_RESOLVED @ https://btlr.sharethrough.com/universal/v1?supply_id=WYu2BXv1:0
[13307484ms] [WARNING] An iframe which has both allow-scripts and allow-same-origin for its sandbox attribute can escape its sandboxing. @ https://cadmus.script.ac/d1oykxszdrgjgl/script.js:0
[13337686ms] [ERROR] Failed to load resource: net::ERR_NAME_NOT_RESOLVED @ https://btlr.sharethrough.com/universal/v1?supply_id=WYu2BXv1:0
[13337688ms] [ERROR] Failed to load resource: net::ERR_NAME_NOT_RESOLVED @ https://btlr.sharethrough.com/universal/v1?supply_id=WYu2BXv1:0
[13338745ms] [WARNING] An iframe which has both allow-scripts and allow-same-origin for its sandbox attribute can escape its sandboxing. @ https://cadmus.script.ac/d1oykxszdrgjgl/script.js:0
[13369505ms] [ERROR] Failed to load resource: net::ERR_NAME_NOT_RESOLVED @ https://btlr.sharethrough.com/universal/v1?supply_id=WYu2BXv1:0
[13369507ms] [ERROR] Failed to load resource: net::ERR_NAME_NOT_RESOLVED @ https://btlr.sharethrough.com/universal/v1?supply_id=WYu2BXv1:0
[13370829ms] [WARNING] An iframe which has both allow-scripts and allow-same-origin for its sandbox attribute can escape its sandboxing. @ https://cadmus.script.ac/d1oykxszdrgjgl/script.js:0
[13372384ms] [TIMEEND] a: 0.0029296875 ms @ https://static.adsafeprotected.com/sca.17.6.4.js:31
[13372662ms] [TIMEEND] a: 0.005859375 ms @ https://static.adsafeprotected.com/sca.17.6.4.js:31
[13401489ms] [ERROR] Failed to load resource: net::ERR_NAME_NOT_RESOLVED @ https://btlr.sharethrough.com/universal/v1?supply_id=WYu2BXv1:0
[13401491ms] [ERROR] Failed to load resource: net::ERR_NAME_NOT_RESOLVED @ https://btlr.sharethrough.com/universal/v1?supply_id=WYu2BXv1:0
[13402789ms] [WARNING] An iframe which has both allow-scripts and allow-same-origin for its sandbox attribute can escape its sandboxing. @ https://cadmus.script.ac/d1oykxszdrgjgl/script.js:0
[13404135ms] [TIMEEND] a: 0.00390625 ms @ https://static.adsafeprotected.com/sca.17.6.4.js:31
[13404677ms] [TIMEEND] a: 0.00390625 ms @ https://static.adsafeprotected.com/sca.17.6.4.js:31
[13433422ms] [ERROR] Failed to load resource: net::ERR_NAME_NOT_RESOLVED @ https://btlr.sharethrough.com/universal/v1?supply_id=WYu2BXv1:0
[13433423ms] [ERROR] Failed to load resource: net::ERR_NAME_NOT_RESOLVED @ https://btlr.sharethrough.com/universal/v1?supply_id=WYu2BXv1:0
[13434691ms] [WARNING] An iframe which has both allow-scripts and allow-same-origin for its sandbox attribute can escape its sandboxing. @ https://cadmus.script.ac/d1oykxszdrgjgl/script.js:0
[13434771ms] [WARNING] An iframe which has both allow-scripts and allow-same-origin for its sandbox attribute can escape its sandboxing. @ https://cadmus.script.ac/d1oykxszdrgjgl/script.js:0
[13465402ms] [ERROR] Failed to load resource: net::ERR_NAME_NOT_RESOLVED @ https://btlr.sharethrough.com/universal/v1?supply_id=WYu2BXv1:0
[13465404ms] [ERROR] Failed to load resource: net::ERR_NAME_NOT_RESOLVED @ https://btlr.sharethrough.com/universal/v1?supply_id=WYu2BXv1:0
[13466752ms] [WARNING] An iframe which has both allow-scripts and allow-same-origin for its sandbox attribute can escape its sandboxing. @ https://cadmus.script.ac/d1oykxszdrgjgl/script.js:0
[13468377ms] [ERROR] Refused to execute script from 'https://ipds.adrta.com/i?__x=GLJFHNMFGGICJKHBHAJNLQLFIMFGNNIOGIIFF@FOPEIPNMMFLNGBPGMKNOGLOQKKHLMJMMHAGLNHIMOONGILJBKOPKMIMMNKMKNJFLNOMBIMOEGPOLOIJMG@HBEBH&clid=opx&paid=sc&avid=537073277&caid=537096182&publisherId=537144009&plid=556717913&siteId=564240250&kv1=300x600&kv2=https%3A%2F%2Fnamu.wiki%2Fw%2F%25EB%258B%25A4%25EC%258B%259C%2520%25EA%25B9%25A8%25EC%2596%25B4%25EB%2582%259C%2520%25ED%2599%25A9%25EA%25B8%2588%2520%25EC%259A%25B0%25EC%2583%2581%2F%25EC%258A%25A4%25ED%2585%258C%25EC%259D%25B4%25EC%25A7%...!venatus.com,6982f479ce0299b4acd37cc1,1,,,!openx.com,537144009,1,8a74d894-cdb6-42d2-a06c-7be9e8ac3606,,&kv10=&kv25=&kv26=Windows&kv28=Microsoft&kv62=&kv63=&kv9=&kv13=&kv3=61ba4b5a-3d62-4b51-a19b-7381b795afba&kv27=Mozilla%2F5.0+%28Windows+NT+10.0%3B+Win64%3B+x64%29+AppleWebKit%2F537.36+%28KHTML%2C+like+Gecko%29+Chrome%2F153.0.0.0+Safari%2F537.36&kv7=e28d7acf-93a0-46c9-a8ec-e3ef1912fa28&kv14=&kv16=37.389&kv17=127.119&kv12=564240254&kv18=&kv19=&kv23=450-02%2C450-04%2C450-08&kv24=Desktop_Display&cb=822884#opx' because its MIME type ('image/gif') is not executable. @ https://sf.vntsm.com/secure.html:0
[13468447ms] [TIMEEND] a: 0.011962890625 ms @ https://static.adsafeprotected.com/sca.17.6.4.js:31
[13468687ms] [TIMEEND] a: 0.0068359375 ms @ https://static.adsafeprotected.com/sca.17.6.4.js:31
[13497583ms] [ERROR] Failed to load resource: net::ERR_NAME_NOT_RESOLVED @ https://btlr.sharethrough.com/universal/v1?supply_id=WYu2BXv1:0
[13497585ms] [ERROR] Failed to load resource: net::ERR_NAME_NOT_RESOLVED @ https://btlr.sharethrough.com/universal/v1?supply_id=WYu2BXv1:0
[13498669ms] [WARNING] An iframe which has both allow-scripts and allow-same-origin for its sandbox attribute can escape its sandboxing. @ https://cadmus.script.ac/d1oykxszdrgjgl/script.js:0
[13529579ms] [ERROR] Failed to load resource: net::ERR_NAME_NOT_RESOLVED @ https://btlr.sharethrough.com/universal/v1?supply_id=WYu2BXv1:0
[13529581ms] [ERROR] Failed to load resource: net::ERR_NAME_NOT_RESOLVED @ https://btlr.sharethrough.com/universal/v1?supply_id=WYu2BXv1:0
[13530783ms] [WARNING] An iframe which has both allow-scripts and allow-same-origin for its sandbox attribute can escape its sandboxing. @ https://cadmus.script.ac/d1oykxszdrgjgl/script.js:0
[13561610ms] [ERROR] Failed to load resource: net::ERR_NAME_NOT_RESOLVED @ https://btlr.sharethrough.com/universal/v1?supply_id=WYu2BXv1:0
[13561611ms] [ERROR] Failed to load resource: net::ERR_NAME_NOT_RESOLVED @ https://btlr.sharethrough.com/universal/v1?supply_id=WYu2BXv1:0
[13562927ms] [WARNING] An iframe which has both allow-scripts and allow-same-origin for its sandbox attribute can escape its sandboxing. @ https://cadmus.script.ac/d1oykxszdrgjgl/script.js:0
[13564444ms] [DIR] SyntaxError @ https://js.ad-score.com/score.min.js?pid=1000942&tt=g:1
[13565097ms] [TIMEEND] a: 0.007080078125 ms @ https://static.adsafeprotected.com/sca.17.6.4.js:31
[13565431ms] [WARNING] The powerPreference option is currently ignored when calling requestAdapter() on Windows. See https://crbug.com/369219127 @ https://js.ad-score.com/score.min.js?pid=1000942&tt=g:1
[13593573ms] [ERROR] Failed to load resource: net::ERR_NAME_NOT_RESOLVED @ https://btlr.sharethrough.com/universal/v1?supply_id=WYu2BXv1:0
[13593575ms] [ERROR] Failed to load resource: net::ERR_NAME_NOT_RESOLVED @ https://btlr.sharethrough.com/universal/v1?supply_id=WYu2BXv1:0
[13594788ms] [WARNING] An iframe which has both allow-scripts and allow-same-origin for its sandbox attribute can escape its sandboxing. @ https://cadmus.script.ac/d1oykxszdrgjgl/script.js:0
[13596172ms] [DIR] SyntaxError @ https://js.ad-score.com/score.min.js?pid=1000942&tt=g:1
[13596718ms] [TIMEEND] a: 0.007080078125 ms @ https://static.adsafeprotected.com/sca.17.6.4.js:31
[13596980ms] [WARNING] The powerPreference option is currently ignored when calling requestAdapter() on Windows. See https://crbug.com/369219127 @ https://js.ad-score.com/score.min.js?pid=1000942&tt=g:1
[13624865ms] [ERROR] Failed to load resource: net::ERR_NAME_NOT_RESOLVED @ https://btlr.sharethrough.com/universal/v1?supply_id=WYu2BXv1:0
[13624865ms] [ERROR] Failed to load resource: net::ERR_NAME_NOT_RESOLVED @ https://btlr.sharethrough.com/universal/v1?supply_id=WYu2BXv1:0
[13625581ms] [ERROR] Failed to load resource: net::ERR_NETWORK_IO_SUSPENDED @ https://fastlane.rubiconproject.com/a/api/fastlane.json?account_id=13762&site_id=564650&zone_id=4044623&size_id=2%3B15&alt_size_ids=55%3B9%2C10%2C14&rp_schain=1.0,1!venatus.com,6982f479ce0299b4acd37cc1,1,,,&rf=https%3A%2F%2Fnamu.wiki%2Fw%2F%25EB%258B%25A4%25EC%258B%259C%2520%25EA%25B9%25A8%25EC%2596%25B4%25EB%2582%259C%2520%25ED%2599%25A9%25EA%25B8%2588%2520%25EC%259A%25B0%25EC%2583%2581%2F%25EC%258A%25A4%25ED%2585%258C%25EC%259D%25B4%25EC%25A7%2580&tg_i.domain=namu.wiki&tg_i.page=https%3A%2F%2Fnamu.wiki%2Fw%2F%25EB%258B%25A4%25EC%258B%259C%2520%25EA%25B9%25A8%25EC%2596%25B4%25EB%2582%259C%2520%25ED%2599%25A9%25EA%25B8%2588%2520%25EC%259A%25B0%25EC%2583%2581%2F%25EC%258A%25A4%25ED%2585%258C%25EC%259D%25B4%25EC%25A7%2580&tg_i.documentLang=ko&tg_i.pbadslot=%2F21726375739%2Fnamu.wiki_14766%2Fleaderboard_11645%23i11645_c10894_p0%3B%2F21726375739%2Fnamu.wiki_14766%2Fdoublempu_11646%2Fdoublempu_11646_4490%23i11646_c10895_p1&tk_flint=pbjs_lite_v11.35.0&x_source.tid=ub57285a0-3e78-4375-970d-44407f28f548&l_pb_bid_id=f7121e43-1291-4c39-b32b-52bfddbfa01c%3B8eb7e21a-86fa-444d-8df0-1c700bb79cc2&p_screen_res=1707x1067&rp_secure=1&x_imp.ext.tid=u6fba81a2-70f4-40a9-ab2f-de8c87b8c567%3Bu45695a23-b331-4959-8f65-fd3afb98196a&p_gpid=%2F21726375739%2Fnamu.wiki_14766%2Fleaderboard_11645%23i11645_c10894_p0%3B%2F21726375739%2Fnamu.wiki_14766%2Fdoublempu_11646%2Fdoublempu_11646_4490%23i11646_c10895_p1&m_ch_ua=%22Google%20Chrome%22%7Cv%3D%22153%22%2C%22Not_A%20Brand%22%7Cv%3D%228%22%2C%22Chromium%22%7Cv%3D%22153%22&m_ch_mobile=%3F0&m_ch_platform=Windows&slots=2&rand=0.6561154174750139:0
[13625666ms] [ERROR] Failed to load resource: net::ERR_NETWORK_IO_SUSPENDED @ https://securepubads.g.doubleclick.net/gampad/ads?pvsid=2815079433205422&correlator=2687342543780242&eid=122880890%2C122881166&output=ldjh&gdfp_req=1&vrg=202609180101&ptt=17&impl=fifs&gdpr=0&us_privacy=1---&gpp_sid=-1&iu_parts=21726375739%3A21952009853%2Cnamu.wiki_14766%2Cleaderboard_11645&enc_prev_ius=%2F0%2F1%2F2&prev_iu_szs=728x90%7C970x90&ifi=853&didk=473214240&dids=KEakPEijzbfH_1790288810866_273&adfs=3259206636&sfv=1-0-45&sc=1&cookie=ID%3D4b93338d0230bf0c%3AT%3D1790274183%3ART%3D1790288748%3AS%3DALNI_MZqOoWs11_nNSjRcmMJjLeiCgllOA&gpic=UID%3D00001585e06575a9%3AT%3D1790274183%3ART%3D1790288748%3AS%3DALNI_MZ3uDgUQzYquXCFVUojQJzU8dlUQA&abxe=1&dt=1790288810877&lmt=1790288810&adxs=41&adys=267&biw=1021&bih=850&scr_x=0&scr_y=0&btvi=0&ucis=np&oid=2&u_his=22&u_h=1067&u_w=1707&u_ah=1019&u_aw=1707&u_cd=24&u_sd=1.5&u_tz=540&dmc=16&bc=31&nvt=1&uach=WyJXaW5kb3dzIiwiMTkuMC4wIiwieDg2IiwiIiwiMTUzLjAuODAxMC41MyIsbnVsbCwwLG51bGwsIjY0IixbWyJHb29nbGUgQ2hyb21lIiwiMTUzLjAuODAxMC41MyJdLFsiTm90X0EgQnJhbmQiLCI4LjAuMC4wIl0sWyJDaHJvbWl1bSIsIjE1My4wLjgwMTAuNTMiXV0sMF0.&uas=1&url=https%3A%2F%2Fnamu.wiki%2Fw%2F%25EB%258B%25A4%25EC%258B%259C%2520%25EA%25B9%25A8%25EC%2596%25B4%25EB%2582%259C%2520%25ED%2599%25A9%25EA%25B8%2588%2520%25EC%259A%25B0%25EC%2583%2581%2F%25EC%258A%25A4%25ED%2585%258C%25EC%259D%25B4%25EC%25A7%2580&vis=1&psz=643x90&msz=643x90&fws=4&ohw=643&psts=AOrYGskldnIkfiZbJKS0DEpmTZFfYPCUNHYntexypP3d-eq9efH_kxTYwD74rq6SCpeO6zCCunppk4I56KgLitalXdQvB7K8zgPelBX8hAXtVbRZbS55DvIT&a3p=EhcKCHJ0YmhvdXNlGLDQmKWNNEgAUgIIag..&ppss=CggIBRIEMTAxNA..&dlt=1790275185745&idt=2617&prev_scp=is_ta%3Dtrue%26hb_iv%3D1%26load_count%3Dabove%26pl_type%3Dleaderboard%26mile_floors%3D&cust_params=testgroup%3D64%26liveintent-module%3Dt1-e0%26li-module-enabled%3Don&adks=680254634&frm=20&cpu=4&eo_id_str=ID%3Db6567d24418f6acd%3AT%3D1790274183%3ART%3D1790288748%3AS%3DAA-AfjasC0AUwffzY_rqbo6F5KjL&pgls=CAA.:0
[19567108ms] [ERROR] Failed to load resource: net::ERR_NAME_NOT_RESOLVED @ https://namu.wiki/i/ppyYS_2AS_-KX_fY652Pm5OrmIPl_rnpWH22lt_v:0
[19567133ms] [ERROR] Failed to load resource: net::ERR_NAME_NOT_RESOLVED @ https://securepubads.g.doubleclick.net/gampad/ads?pvsid=2815079433205422&correlator=2687342543780242&eid=122880890%2C122881166&output=ldjh&gdfp_req=1&vrg=202609180101&ptt=17&impl=fifs&gdpr=0&us_privacy=1---&gpp_sid=-1&iu_parts=21726375739%3A21952009853%2Cnamu.wiki_14766%2Cdoublempu_11646%2Cdoublempu_11646_4490&enc_prev_ius=%2F0%2F1%2F2%2F3&prev_iu_szs=250x250%7C300x250%7C160x600%7C300x600&ifi=854&didk=2363458449&dids=nuyHuIPcmGWm_1790294751030_336&adfs=1372931566&sfv=1-0-45&sc=1&cookie=ID%3D4b93338d0230bf0c%3AT%3D1790274183%3ART%3D1790288748%3AS%3DALNI_MZqOoWs11_nNSjRcmMJjLeiCgllOA&gpic=UID%3D00001585e06575a9%3AT%3D1790274183%3ART%3D1790288748%3AS%3DALNI_MZ3uDgUQzYquXCFVUojQJzU8dlUQA&abxe=1&dt=1790294751066&lmt=1790294751&adxs=740&adys=830&biw=1021&bih=850&scr_x=0&scr_y=0&btvi=0&ucis=nq&oid=2&u_his=22&u_h=1067&u_w=1707&u_ah=1019&u_aw=1707&u_cd=24&u_sd=1.5&u_tz=540&dmc=16&bc=31&nvt=1&uach=WyJXaW5kb3dzIiwiMTkuMC4wIiwieDg2IiwiIiwiMTUzLjAuODAxMC41MyIsbnVsbCwwLG51bGwsIjY0IixbWyJHb29nbGUgQ2hyb21lIiwiMTUzLjAuODAxMC41MyJdLFsiTm90X0EgQnJhbmQiLCI4LjAuMC4wIl0sWyJDaHJvbWl1bSIsIjE1My4wLjgwMTAuNTMiXV0sMF0.&uas=1&url=https%3A%2F%2Fnamu.wiki%2Fw%2F%25EB%258B%25A4%25EC%258B%259C%2520%25EA%25B9%25A8%25EC%2596%25B4%25EB%2582%259C%2520%25ED%2599%25A9%25EA%25B8%2588%2520%25EC%259A%25B0%25EC%2583%2581%2F%25EC%258A%25A4%25ED%2585%258C%25EC%259D%25B4%25EC%25A7%2580&vis=1&psz=280x600&msz=280x600&fws=516&ohw=280&a3p=EhcKCHJ0YmhvdXNlGLDQmKWNNEgAUgIIag..&ppss=CggIBRIEMTAxNA..&dlt=1790275185745&idt=2617&prev_scp=is_ta%3Dtrue%26hb_iv%3D1%26load_count%3Dabove%26pl_type%3Ddouble_mpu%26mile_floors%3D&cust_params=testgroup%3D64%26liveintent-module%3Dt1-e0%26li-module-enabled%3Don&adks=3067377837&frm=20&cpu=4&eo_id_str=ID%3Db6567d24418f6acd%3AT%3D1790274183%3ART%3D1790288748%3AS%3DAA-AfjasC0AUwffzY_rqbo6F5KjL&pgls=CAA.:0
[19575111ms] [ERROR] Failed to load resource: net::ERR_NAME_NOT_RESOLVED @ https://ad.360yield.com/1012/pb?gzip=1:0
[19575168ms] [ERROR] Failed to load resource: net::ERR_NAME_NOT_RESOLVED @ https://grid-bidder.criteo.com/openrtb_2_5/pbjs/auction/request?profileId=207&av=37&wv=11.35.0&cb=58665911876&lsavail=1&bundle=xDzUyF93dEU0aVZFakpKRzB3YzdmM0NrOGJLSzhGRVNXb20lMkIlMkJoTW5qSjJsanNJZWQzbERzSkgySUprUnVtUHpmakh5N0dQbzdJWDZZZEVsYVBDekQ4WUZNUVoxRjRDZUVzYk1TU3Vwb1F5VnNnSU0zQkhmSTRBbjlGbE8zeEZNRXVZd29NR2FlU0tLZnVCRThZR0o0dnlkOTFBJTNEJTNE&networkId=7879&gzip=1:0
[19575204ms] [ERROR] Failed to load resource: net::ERR_NAME_NOT_RESOLVED @ https://web-banner.ads.aps.amazon-adsystem.com/e/dtb/bid:0
[19575218ms] [ERROR] Failed to load resource: net::ERR_NAME_NOT_RESOLVED @ https://edge.venatusmedia.com/placementscape?u=b8d85841-625f-4272-a702-2206f9f20e08&c=1:0
[19575227ms] [ERROR] Failed to load resource: net::ERR_NAME_NOT_RESOLVED @ https://namu.wiki/sidebar.json:0
[19575227ms] [ERROR] Failed to load resource: net::ERR_NAME_NOT_RESOLVED @ https://securepubads.g.doubleclick.net/gampad/ads?pvsid=2815079433205422&correlator=3627105039450315&eid=122880890%2C122881166&output=ldjh&gdfp_req=1&vrg=202609180101&ptt=17&impl=fifs&gdpr=0&us_privacy=1---&gpp_sid=-1&iu_parts=21726375739%3A21952009853%2Cnamu.wiki_14766%2Cdoublempu_11646%2Cdoublempu_11646_4490&enc_prev_ius=%2F0%2F1%2F2%2F3&prev_iu_szs=250x250%7C300x250%7C160x600%7C300x600&ifi=854&didk=2363458449&dids=nuyHuIPcmGWm_1790294751030_336&adfs=1372931566&sfv=1-0-45&eri=65&sc=1&cookie=ID%3D4b93338d0230bf0c%3AT%3D1790274183%3ART%3D1790288748%3AS%3DALNI_MZqOoWs11_nNSjRcmMJjLeiCgllOA&gpic=UID%3D00001585e06575a9%3AT%3D1790274183%3ART%3D1790288748%3AS%3DALNI_MZ3uDgUQzYquXCFVUojQJzU8dlUQA&abxe=1&dt=1790294758474&lmt=1790294758&adxs=725&adys=530&biw=1021&bih=850&scr_x=0&scr_y=0&btvi=0&ucis=nq&oid=2&u_his=22&u_h=1067&u_w=1707&u_ah=1019&u_aw=1707&u_cd=24&u_sd=1.5&u_tz=540&dmc=16&bc=31&nvt=1&uach=WyJXaW5kb3dzIiwiMTkuMC4wIiwieDg2IiwiIiwiMTUzLjAuODAxMC41MyIsbnVsbCwwLG51bGwsIjY0IixbWyJHb29nbGUgQ2hyb21lIiwiMTUzLjAuODAxMC41MyJdLFsiTm90X0EgQnJhbmQiLCI4LjAuMC4wIl0sWyJDaHJvbWl1bSIsIjE1My4wLjgwMTAuNTMiXV0sMF0.&uas=1&url=https%3A%2F%2Fnamu.wiki%2Fw%2F%25EB%258B%25A4%25EC%258B%259C%2520%25EA%25B9%25A8%25EC%2596%25B4%25EB%2582%259C%2520%25ED%2599%25A9%25EA%25B8%2588%2520%25EC%259A%25B0%25EC%2583%2581%2F%25EC%258A%25A4%25ED%2585%258C%25EC%259D%25B4%25EC%25A7%2580&vis=1&psz=280x600&msz=280x600&fws=644&ohw=280&a3p=EhcKCHJ0YmhvdXNlGLDQmKWNNEgAUgIIag..&ppss=CggIBRIEMTAxNA..&dlt=1790275185745&idt=2617&prev_scp=is_ta%3Dtrue%26hb_iv%3D1%26load_count%3Dabove%26pl_type%3Ddouble_mpu%26mile_floors%3D&cust_params=testgroup%3D64%26liveintent-module%3Dt1-e0%26li-module-enabled%3Don&adks=3067377837&frm=20&cpu=4&eo_id_str=ID%3Db6567d24418f6acd%3AT%3D1790274183%3ART%3D1790288748%3AS%3DAA-AfjasC0AUwffzY_rqbo6F5KjL&pgls=CAA.:0
[19575234ms] [ERROR] Failed to load resource: net::ERR_NAME_NOT_RESOLVED @ https://securepubads.g.doubleclick.net/gampad/ads?pvsid=2815079433205422&correlator=900511768080377&eid=122880890%2C122881166&output=ldjh&gdfp_req=1&vrg=202609180101&ptt=17&impl=fifs&gdpr=0&us_privacy=1---&gpp_sid=-1&iu_parts=21726375739%3A21952009853%2Cnamu.wiki_14766%2Cleaderboard_11645&enc_prev_ius=%2F0%2F1%2F2&prev_iu_szs=728x90%7C970x90&ifi=855&didk=1539267419&dids=CahRBNeZj5v6_1790294757162_967&adfs=1291997981&sfv=1-0-45&sc=1&cookie=ID%3D4b93338d0230bf0c%3AT%3D1790274183%3ART%3D1790288748%3AS%3DALNI_MZqOoWs11_nNSjRcmMJjLeiCgllOA&gpic=UID%3D00001585e06575a9%3AT%3D1790274183%3ART%3D1790288748%3AS%3DALNI_MZ3uDgUQzYquXCFVUojQJzU8dlUQA&abxe=1&dt=1790294757256&lmt=1790294757&adxs=41&adys=267&biw=1021&bih=850&scr_x=0&scr_y=0&btvi=0&ucis=nr&oid=2&u_his=22&u_h=1067&u_w=1707&u_ah=1019&u_aw=1707&u_cd=24&u_sd=1.5&u_tz=540&dmc=16&bc=31&nvt=1&uach=WyJXaW5kb3dzIiwiMTkuMC4wIiwieDg2IiwiIiwiMTUzLjAuODAxMC41MyIsbnVsbCwwLG51bGwsIjY0IixbWyJHb29nbGUgQ2hyb21lIiwiMTUzLjAuODAxMC41MyJdLFsiTm90X0EgQnJhbmQiLCI4LjAuMC4wIl0sWyJDaHJvbWl1bSIsIjE1My4wLjgwMTAuNTMiXV0sMF0.&uas=1&url=https%3A%2F%2Fnamu.wiki%2Fw%2F%25EB%258B%25A4%25EC%258B%259C%2520%25EA%25B9%25A8%25EC%2596%25B4%25EB%2582%259C%2520%25ED%2599%25A9%25EA%25B8%2588%2520%25EC%259A%25B0%25EC%2583%2581%2F%25EC%258A%25A4%25ED%2585%258C%25EC%259D%25B4%25EC%25A7%2580&vis=1&psz=643x90&msz=643x90&fws=4&ohw=643&a3p=EhcKCHJ0YmhvdXNlGLDQmKWNNEgAUgIIag..&ppss=CggIBRIEMTAxNA..&dlt=1790275185745&idt=2617&prev_scp=is_ta%3Dtrue%26hb_iv%3D1%26load_count%3Dabove%26pl_type%3Dleaderboard%26mile_floors%3D&cust_params=testgroup%3D64%26liveintent-module%3Dt1-e0%26li-module-enabled%3Don&adks=444550281&frm=20&cpu=4&eo_id_str=ID%3Db6567d24418f6acd%3AT%3D1790274183%3ART%3D1790288748%3AS%3DAA-AfjasC0AUwffzY_rqbo6F5KjL&pgls=CAA.:0
[19575235ms] [ERROR] Failed to load resource: net::ERR_NAME_NOT_RESOLVED @ https://securepubads.g.doubleclick.net/gampad/ads?pvsid=2815079433205422&correlator=900511768080377&eid=122880890%2C122881166&output=ldjh&gdfp_req=1&vrg=202609180101&ptt=17&impl=fifs&gdpr=0&us_privacy=1---&gpp_sid=-1&iu_parts=21726375739%3A21952009853%2Cnamu.wiki_14766%2Cleaderboard_11645&enc_prev_ius=%2F0%2F1%2F2&prev_iu_szs=728x90%7C970x90&ifi=853&didk=473214240&dids=KEakPEijzbfH_1790288810866_273&adfs=3259206636&sfv=1-0-45&eri=65&sc=1&cookie=ID%3D4b93338d0230bf0c%3AT%3D1790274183%3ART%3D1790288748%3AS%3DALNI_MZqOoWs11_nNSjRcmMJjLeiCgllOA&gpic=UID%3D00001585e06575a9%3AT%3D1790274183%3ART%3D1790288748%3AS%3DALNI_MZ3uDgUQzYquXCFVUojQJzU8dlUQA&abxe=1&dt=1790294751905&lmt=1790294751&adxs=41&adys=222&biw=1021&bih=850&scr_x=0&scr_y=0&btvi=0&ucis=np&oid=2&u_his=22&u_h=1067&u_w=1707&u_ah=1019&u_aw=1707&u_cd=24&u_sd=1.5&u_tz=540&dmc=16&bc=31&nvt=1&uach=WyJXaW5kb3dzIiwiMTkuMC4wIiwieDg2IiwiIiwiMTUzLjAuODAxMC41MyIsbnVsbCwwLG51bGwsIjY0IixbWyJHb29nbGUgQ2hyb21lIiwiMTUzLjAuODAxMC41MyJdLFsiTm90X0EgQnJhbmQiLCI4LjAuMC4wIl0sWyJDaHJvbWl1bSIsIjE1My4wLjgwMTAuNTMiXV0sMF0.&uas=1&url=https%3A%2F%2Fnamu.wiki%2Fw%2F%25EB%258B%25A4%25EC%258B%259C%2520%25EA%25B9%25A8%25EC%2596%25B4%25EB%2582%259C%2520%25ED%2599%25A9%25EA%25B8%2588%2520%25EC%259A%25B0%25EC%2583%2581%2F%25EC%258A%25A4%25ED%2585%258C%25EC%259D%25B4%25EC%25A7%2580&vis=1&psz=643x90&msz=1020x56346&fws=132&ohw=643&a3p=EhcKCHJ0YmhvdXNlGLDQmKWNNEgAUgIIag..&ppss=CggIBRIEMTAxNA..&dlt=1790275185745&idt=2617&prev_scp=is_ta%3Dtrue%26hb_iv%3D1%26load_count%3Dabove%26pl_type%3Dleaderboard%26mile_floors%3D&cust_params=testgroup%3D64%26liveintent-module%3Dt1-e0%26li-module-enabled%3Don&adks=680254634&frm=20&cpu=4&eo_id_str=ID%3Db6567d24418f6acd%3AT%3D1790274183%3ART%3D1790288748%3AS%3DAA-AfjasC0AUwffzY_rqbo6F5KjL&pgls=CAA.:0
[19575243ms] [ERROR] Failed to load resource: net::ERR_NAME_NOT_RESOLVED @ https://hbopenbid.pubmatic.com/translator?source=prebid-client&gzip=1:0
[19579461ms] [ERROR] Failed to load resource: net::ERR_NETWORK_CHANGED @ https://e01.atmtd.com/bidanalytics-event/json?mode=beacon:0
[19597036ms] [ERROR] Failed to load resource: net::ERR_NAME_NOT_RESOLVED @ https://btlr.sharethrough.com/universal/v1?supply_id=WYu2BXv1:0
[19598679ms] [WARNING] An iframe which has both allow-scripts and allow-same-origin for its sandbox attribute can escape its sandboxing. @ https://cadmus.script.ac/d1oykxszdrgjgl/script.js:0
[19603071ms] [ERROR] Failed to load resource: net::ERR_NAME_NOT_RESOLVED @ https://btlr.sharethrough.com/universal/v1?supply_id=WYu2BXv1:0
[19604037ms] [WARNING] An iframe which has both allow-scripts and allow-same-origin for its sandbox attribute can escape its sandboxing. @ https://cadmus.script.ac/d1oykxszdrgjgl/script.js:0
[19629044ms] [ERROR] Failed to load resource: net::ERR_NAME_NOT_RESOLVED @ https://btlr.sharethrough.com/universal/v1?supply_id=WYu2BXv1:0
[19630020ms] [WARNING] An iframe which has both allow-scripts and allow-same-origin for its sandbox attribute can escape its sandboxing. @ https://cadmus.script.ac/d1oykxszdrgjgl/script.js:0
[19630295ms] [ERROR] Failed to load resource: net::ERR_NAME_NOT_RESOLVED @ https://sync.spotim.market/csync/?t=a&ep=271858&extuid=8677253299447972844:0
[19634091ms] [ERROR] Failed to load resource: net::ERR_NAME_NOT_RESOLVED @ https://btlr.sharethrough.com/universal/v1?supply_id=WYu2BXv1:0
[19635053ms] [WARNING] An iframe which has both allow-scripts and allow-same-origin for its sandbox attribute can escape its sandboxing. @ https://cadmus.script.ac/d1oykxszdrgjgl/script.js:0
[19636409ms] [TIMEEND] a: 0.0029296875 ms @ https://static.adsafeprotected.com/sca.17.6.4.js:31
